# Blender 5.0.0
# www.blender.org
mtllib karıştırıcı.mtl
o Küp.008
v -0.682697 6.927317 -12.205181
v -0.682697 17.930578 -12.205181
v -0.682697 6.927317 -12.788605
v -0.682697 17.930578 -12.788605
v -0.263305 6.927317 -12.205181
v -0.263305 17.930578 -12.205181
v -0.263305 6.927317 -12.788605
v -0.263305 17.930578 -12.788605
vn -1.0000 -0.0000 -0.0000
vn -0.0000 -0.0000 -1.0000
vn 1.0000 -0.0000 -0.0000
vn -0.0000 -0.0000 1.0000
vn -0.0000 -1.0000 -0.0000
vn -0.0000 1.0000 -0.0000
vt 0.375000 0.000000
vt 0.625000 0.000000
vt 0.625000 0.250000
vt 0.375000 0.250000
vt 0.625000 0.500000
vt 0.375000 0.500000
vt 0.625000 0.750000
vt 0.375000 0.750000
vt 0.625000 1.000000
vt 0.375000 1.000000
vt 0.125000 0.500000
vt 0.125000 0.750000
vt 0.875000 0.500000
vt 0.875000 0.750000
s 0
f 1/1/1 2/2/1 4/3/1 3/4/1
f 3/4/2 4/3/2 8/5/2 7/6/2
f 7/6/3 8/5/3 6/7/3 5/8/3
f 5/8/4 6/7/4 2/9/4 1/10/4
f 3/11/5 7/6/5 5/8/5 1/12/5
f 8/5/6 4/13/6 2/14/6 6/7/6
o Küp.007
v -0.685970 6.483780 -0.893534
v -0.685970 7.091784 -0.893534
v -0.685970 6.483780 -12.805489
v -0.685970 7.091784 -12.805489
v -0.245343 6.483780 -0.893534
v -0.245343 7.091784 -0.893534
v -0.245343 6.483780 -12.805489
v -0.245343 7.091784 -12.805489
vn -1.0000 -0.0000 -0.0000
vn -0.0000 -0.0000 -1.0000
vn 1.0000 -0.0000 -0.0000
vn -0.0000 -0.0000 1.0000
vn -0.0000 -1.0000 -0.0000
vn -0.0000 1.0000 -0.0000
vt 0.375000 0.000000
vt 0.625000 0.000000
vt 0.625000 0.250000
vt 0.375000 0.250000
vt 0.625000 0.500000
vt 0.375000 0.500000
vt 0.625000 0.750000
vt 0.375000 0.750000
vt 0.625000 1.000000
vt 0.375000 1.000000
vt 0.125000 0.500000
vt 0.125000 0.750000
vt 0.875000 0.500000
vt 0.875000 0.750000
s 0
f 9/15/7 10/16/7 12/17/7 11/18/7
f 11/18/8 12/17/8 16/19/8 15/20/8
f 15/20/9 16/19/9 14/21/9 13/22/9
f 13/22/10 14/21/10 10/23/10 9/24/10
f 11/25/11 15/20/11 13/22/11 9/26/11
f 16/19/12 12/27/12 10/28/12 14/21/12
o Küp.006
v -1.246696 4.066948 2.886116
v -1.246696 4.157290 3.358158
v -1.718738 4.157290 2.886116
v -1.246696 4.404514 3.358158
v -1.718738 4.404514 2.886116
v -1.246696 4.066948 1.594347
v -1.718738 4.157290 1.594347
v -1.246696 4.157290 1.122305
v -1.246696 4.404514 1.122305
v -1.718738 4.404514 1.594347
v 0.045073 4.066948 2.886116
v 0.517115 4.157290 2.886116
v 0.045073 4.157290 3.358158
v 0.045073 4.404514 3.358158
v 0.517115 4.404514 2.886116
v 0.045073 4.066948 1.594347
v 0.045073 4.157290 1.122305
v 0.517115 4.157290 1.594347
v 0.517115 4.404514 1.594347
v 0.045073 4.404514 1.122305
v -0.945446 4.494855 2.584866
v -1.388706 4.440498 3.028126
v -0.945446 4.494855 1.895597
v -1.388706 4.440498 1.452337
v -0.256177 4.494855 2.584866
v 0.187083 4.440498 3.028126
v -0.256177 4.494855 1.895597
v 0.187083 4.440498 1.452337
vn -0.1847 -0.9653 0.1847
vn -0.1847 -0.9653 -0.1847
vn 0.1847 -0.9653 0.1847
vn 0.1847 -0.9653 -0.1847
vn -0.1880 -0.9822 -0.0000
vn -0.7071 -0.0000 0.7071
vn -0.7071 -0.0000 -0.7071
vn -0.0000 -0.9822 -0.1880
vn 0.7071 -0.0000 -0.7071
vn 0.1880 -0.9822 -0.0000
vn 0.7071 -0.0000 0.7071
vn -0.0000 -0.9822 0.1880
vn -0.0000 -1.0000 -0.0000
vn -1.0000 -0.0000 -0.0000
vn -0.0000 -0.0000 1.0000
vn -0.0000 -0.0000 -1.0000
vn 1.0000 -0.0000 -0.0000
vn -0.1217 0.9926 -0.0000
vn -0.0000 0.9926 -0.1217
vn 0.1217 0.9926 -0.0000
vn -0.0000 0.9926 0.1217
vn -0.0000 0.9941 0.1084
vn -0.1847 0.9653 0.1847
vn -0.1084 0.9941 -0.0000
vn -0.0000 1.0000 -0.0000
vn -0.1847 0.9653 -0.1847
vn -0.0000 0.9941 -0.1084
vn 0.1084 0.9941 -0.0000
vn 0.1847 0.9653 0.1847
vn 0.1847 0.9653 -0.1847
vt 0.177781 0.697219
vt 0.177781 0.750000
vt 0.125000 0.697219
vt 0.177781 0.552781
vt 0.125000 0.552781
vt 0.177781 0.500000
vt 0.322219 0.697219
vt 0.414586 0.697219
vt 0.375000 0.776391
vt 0.322219 0.552781
vt 0.375000 0.473610
vt 0.414586 0.552781
vt 0.427781 0.000000
vt 0.572219 0.000000
vt 0.572219 0.052781
vt 0.427781 0.052781
vt 0.572219 0.289586
vt 0.427781 0.302781
vt 0.427781 0.197219
vt 0.572219 0.197219
vt 0.572219 0.539586
vt 0.572219 0.447219
vt 0.572219 0.802781
vt 0.572219 0.710414
vt 0.572219 0.947219
vt 0.427781 0.947219
vt 0.782381 0.668922
vt 0.782381 0.581078
vt 0.822219 0.552781
vt 0.822219 0.697219
vt 0.691229 0.563689
vt 0.620715 0.497013
vt 0.691229 0.686311
vt 0.620715 0.753901
vt 0.599741 0.965980
vt 0.597212 0.035942
vt 0.598055 0.236075
s 0
f 17/29/13 18/30/13 19/31/13
f 22/32/14 23/33/14 24/34/14
f 27/35/15 28/36/15 29/37/15
f 32/38/16 33/39/16 34/40/16
f 22/32/17 17/29/17 19/31/17 23/33/17
f 18/41/18 20/42/18 21/43/18 19/44/18
f 25/45/19 24/46/19 23/47/19 26/48/19
f 32/38/20 22/32/20 24/34/20 33/39/20
f 35/49/21 34/40/21 33/39/21 36/50/21
f 27/35/22 32/38/22 34/40/22 28/36/22
f 30/51/23 29/37/23 28/36/23 31/52/23
f 17/29/24 27/35/24 29/37/24 18/30/24
f 22/32/25 32/38/25 27/35/25 17/29/25
f 19/44/26 21/43/26 26/48/26 23/47/26
f 29/37/27 30/51/27 20/53/27 18/54/27
f 24/46/28 25/45/28 36/50/28 33/39/28
f 34/40/29 35/49/29 31/52/29 28/36/29
f 37/55/30 39/56/30 40/57/30 38/58/30
f 39/56/31 43/59/31 44/60/31 40/57/31
f 43/59/32 41/61/32 42/62/32 44/60/32
f 41/61/33 37/55/33 38/58/33 42/62/33
f 42/62/34 38/63/34 20/53/34 30/51/34
f 20/42/35 38/64/35 21/43/35
f 38/64/36 40/65/36 26/48/36 21/43/36
f 43/59/37 39/56/37 37/55/37 41/61/37
f 40/65/38 25/45/38 26/48/38
f 40/65/39 44/60/39 36/50/39 25/45/39
f 44/60/40 42/62/40 31/52/40 35/49/40
f 42/62/41 30/51/41 31/52/41
f 44/60/42 35/49/42 36/50/42
o Küp.005
v -1.078038 4.005111 0.274539
v -1.078038 3.988005 0.257433
v -1.060932 3.988005 0.274539
v -1.078038 3.829538 0.257433
v -1.078038 3.812432 0.274539
v -1.060932 3.829538 0.274539
v -1.078038 4.005111 0.433005
v -1.060932 3.988005 0.433005
v -1.078038 3.988005 0.450111
v -1.078038 3.812432 0.433005
v -1.078038 3.829538 0.450111
v -1.060932 3.829538 0.433005
v -1.236504 4.005111 0.274539
v -1.253610 3.988005 0.274539
v -1.236504 3.988005 0.257433
v -1.236504 3.812432 0.274539
v -1.236504 3.829538 0.257433
v -1.253610 3.829538 0.274539
v -1.236504 4.005111 0.433005
v -1.236504 3.988005 0.450111
v -1.253610 3.988005 0.433005
v -1.236504 3.812432 0.433005
v -1.253610 3.829538 0.433005
v -1.236504 3.829538 0.450111
vn 0.5774 0.5774 -0.5774
vn 0.5774 -0.5774 -0.5774
vn 0.5774 0.5774 0.5774
vn 0.5774 -0.5774 0.5774
vn -0.5774 0.5774 -0.5774
vn -0.5774 -0.5774 -0.5774
vn -0.5774 0.5774 0.5774
vn -0.5774 -0.5774 0.5774
vn 0.7071 0.7071 -0.0000
vn 0.7071 -0.0000 -0.7071
vn 0.7071 -0.7071 -0.0000
vn 0.7071 -0.0000 0.7071
vn -0.0000 0.7071 0.7071
vn -0.0000 -0.7071 0.7071
vn -0.7071 -0.0000 0.7071
vn -0.7071 0.7071 -0.0000
vn -0.7071 -0.7071 -0.0000
vn -0.7071 -0.0000 -0.7071
vn -0.0000 0.7071 -0.7071
vn -0.0000 -0.7071 -0.7071
vn -0.0000 1.0000 -0.0000
vn 1.0000 -0.0000 -0.0000
vn -0.0000 -0.0000 -1.0000
vn -0.0000 -1.0000 -0.0000
vn -0.0000 -0.0000 1.0000
vn -1.0000 -0.0000 -0.0000
vt 0.147195 0.727805
vt 0.147195 0.750000
vt 0.125000 0.727805
vt 0.602805 0.000000
vt 0.625000 0.022195
vt 0.602805 0.022195
vt 0.147195 0.522195
vt 0.125000 0.522195
vt 0.147195 0.500000
vt 0.625000 0.242602
vt 0.602805 0.266646
vt 0.602805 0.227805
vt 0.352805 0.727805
vt 0.391646 0.727805
vt 0.375000 0.761097
vt 0.636097 0.750000
vt 0.602805 0.772195
vt 0.602805 0.733354
vt 0.352805 0.522195
vt 0.375000 0.488903
vt 0.391646 0.522195
vt 0.636097 0.500000
vt 0.602805 0.516646
vt 0.602805 0.477805
vt 0.397195 0.000000
vt 0.397195 0.022195
vt 0.397195 0.272195
vt 0.397195 0.227805
vt 0.625000 0.977805
vt 0.602805 0.977805
vt 0.397195 0.977805
vt 0.852805 0.522195
vt 0.852805 0.727805
s 0
f 45/66/43 47/68/43 46/67/43
f 48/69/44 50/71/44 49/70/44
f 51/72/45 53/74/45 52/73/45
f 54/75/46 56/77/46 55/76/46
f 57/78/47 59/80/47 58/79/47
f 60/81/48 62/83/48 61/82/48
f 63/84/49 65/86/49 64/85/49
f 66/87/50 68/89/50 67/88/50
f 51/72/51 52/73/51 47/68/51 45/66/51
f 46/90/52 47/91/52 50/71/52 48/69/52
f 49/70/53 50/71/53 56/77/53 54/75/53
f 55/76/54 56/77/54 52/93/54 53/92/54
f 63/84/55 64/85/55 53/74/55 51/72/55
f 54/75/56 55/76/56 68/89/56 66/87/56
f 67/88/57 68/89/57 64/85/57 65/86/57
f 57/78/58 58/79/58 65/86/58 63/84/58
f 66/87/59 67/88/59 62/83/59 60/81/59
f 61/82/60 62/83/60 58/79/60 59/80/60
f 45/66/61 46/67/61 59/80/61 57/78/61
f 60/81/62 61/82/62 48/95/62 49/94/62
f 51/72/63 45/66/63 57/78/63 63/84/63
f 47/91/64 52/93/64 56/77/64 50/71/64
f 59/80/65 46/96/65 48/95/65 61/82/65
f 66/87/66 60/81/66 49/98/66 54/97/66
f 53/92/67 64/85/67 68/89/67 55/76/67
f 65/86/68 58/79/68 62/83/68 67/88/68
o Küp.004
v -0.158181 3.806023 0.471942
v -0.158181 3.818373 0.487663
v -0.107441 3.818373 0.471942
v -0.158181 3.982696 0.487663
v -0.158181 3.995045 0.471942
v -0.107441 3.982696 0.471942
v -0.158181 3.806023 0.262756
v -0.107441 3.818373 0.262756
v -0.158181 3.818373 0.247034
v -0.158181 3.995045 0.262756
v -0.158181 3.982696 0.247034
v -0.107441 3.982696 0.262756
v -0.833332 3.806023 0.471942
v -0.884072 3.818373 0.471942
v -0.833332 3.818373 0.487663
v -0.833332 3.995045 0.471942
v -0.833332 3.982696 0.487663
v -0.884072 3.982696 0.471942
v -0.833332 3.806023 0.262756
v -0.833332 3.818373 0.247034
v -0.884072 3.818373 0.262756
v -0.833332 3.995045 0.262756
v -0.884072 3.982696 0.262756
v -0.833332 3.982696 0.247034
vn 0.1880 -0.7724 0.6067
vn 0.1880 0.7724 0.6067
vn 0.1880 -0.7724 -0.6067
vn 0.1880 0.7724 -0.6067
vn -0.1880 -0.7724 0.6067
vn -0.1880 0.7724 0.6067
vn -0.1880 -0.7724 -0.6067
vn -0.1880 0.7724 -0.6067
vn 0.2365 -0.9716 -0.0000
vn 0.2960 -0.0000 0.9552
vn 0.2365 0.9716 -0.0000
vn 0.2960 -0.0000 -0.9552
vn -0.0000 -0.7864 -0.6177
vn -0.0000 0.7864 -0.6177
vn -0.2960 -0.0000 -0.9552
vn -0.2365 -0.9716 -0.0000
vn -0.2365 0.9716 -0.0000
vn -0.2960 -0.0000 0.9552
vn -0.0000 -0.7864 0.6177
vn -0.0000 0.7864 0.6177
vn -0.0000 -1.0000 -0.0000
vn 1.0000 -0.0000 -0.0000
vn -0.0000 -0.0000 1.0000
vn -0.0000 1.0000 -0.0000
vn -0.0000 -0.0000 -1.0000
vn -1.0000 -0.0000 -0.0000
vt 0.141333 0.733667
vt 0.141333 0.750000
vt 0.125000 0.733667
vt 0.608667 0.000000
vt 0.625000 0.016333
vt 0.608667 0.016333
vt 0.141333 0.516333
vt 0.125000 0.516333
vt 0.141333 0.500000
vt 0.625000 0.244556
vt 0.608667 0.262250
vt 0.608667 0.233667
vt 0.358667 0.733667
vt 0.387250 0.733667
vt 0.375000 0.758167
vt 0.633167 0.750000
vt 0.608667 0.766333
vt 0.608667 0.737750
vt 0.358667 0.516333
vt 0.375000 0.491833
vt 0.387250 0.516333
vt 0.633167 0.500000
vt 0.608667 0.512250
vt 0.608667 0.483667
vt 0.391333 0.000000
vt 0.391333 0.016333
vt 0.391333 0.266333
vt 0.391333 0.233667
vt 0.625000 0.983667
vt 0.608667 0.983667
vt 0.391333 0.983667
vt 0.858667 0.516333
vt 0.858667 0.733667
s 0
f 69/99/69 71/101/69 70/100/69
f 72/102/70 74/104/70 73/103/70
f 75/105/71 77/107/71 76/106/71
f 78/108/72 80/110/72 79/109/72
f 81/111/73 83/113/73 82/112/73
f 84/114/74 86/116/74 85/115/74
f 87/117/75 89/119/75 88/118/75
f 90/120/76 92/122/76 91/121/76
f 75/105/77 76/106/77 71/101/77 69/99/77
f 70/123/78 71/124/78 74/104/78 72/102/78
f 73/103/79 74/104/79 80/110/79 78/108/79
f 79/109/80 80/110/80 76/126/80 77/125/80
f 87/117/81 88/118/81 77/107/81 75/105/81
f 78/108/82 79/109/82 92/122/82 90/120/82
f 91/121/83 92/122/83 88/118/83 89/119/83
f 81/111/84 82/112/84 89/119/84 87/117/84
f 90/120/85 91/121/85 86/116/85 84/114/85
f 85/115/86 86/116/86 82/112/86 83/113/86
f 69/99/87 70/100/87 83/113/87 81/111/87
f 84/114/88 85/115/88 72/128/88 73/127/88
f 75/105/89 69/99/89 81/111/89 87/117/89
f 71/124/90 76/126/90 80/110/90 74/104/90
f 83/113/91 70/129/91 72/128/91 85/115/91
f 90/120/92 84/114/92 73/131/92 78/130/92
f 77/125/93 88/118/93 92/122/93 79/109/93
f 89/119/94 82/112/94 86/116/94 91/121/94
o Küp.003
v 0.302160 4.005111 0.274539
v 0.302160 3.988005 0.257433
v 0.319266 3.988005 0.274539
v 0.302160 3.829538 0.257433
v 0.302160 3.812432 0.274539
v 0.319266 3.829538 0.274539
v 0.302160 4.005111 0.433005
v 0.319266 3.988005 0.433005
v 0.302160 3.988005 0.450111
v 0.302160 3.812432 0.433005
v 0.302160 3.829538 0.450111
v 0.319266 3.829538 0.433005
v 0.143694 4.005111 0.274539
v 0.126588 3.988005 0.274539
v 0.143694 3.988005 0.257433
v 0.143694 3.812432 0.274539
v 0.143694 3.829538 0.257433
v 0.126588 3.829538 0.274539
v 0.143694 4.005111 0.433005
v 0.143694 3.988005 0.450111
v 0.126588 3.988005 0.433005
v 0.143694 3.812432 0.433005
v 0.126588 3.829538 0.433005
v 0.143694 3.829538 0.450111
vn 0.5774 0.5774 -0.5774
vn 0.5774 -0.5774 -0.5774
vn 0.5774 0.5774 0.5774
vn 0.5774 -0.5774 0.5774
vn -0.5774 0.5774 -0.5774
vn -0.5774 -0.5774 -0.5774
vn -0.5774 0.5774 0.5774
vn -0.5774 -0.5774 0.5774
vn 0.7071 0.7071 -0.0000
vn 0.7071 -0.0000 -0.7071
vn 0.7071 -0.7071 -0.0000
vn 0.7071 -0.0000 0.7071
vn -0.0000 0.7071 0.7071
vn -0.0000 -0.7071 0.7071
vn -0.7071 -0.0000 0.7071
vn -0.7071 0.7071 -0.0000
vn -0.7071 -0.7071 -0.0000
vn -0.7071 -0.0000 -0.7071
vn -0.0000 0.7071 -0.7071
vn -0.0000 -0.7071 -0.7071
vn -0.0000 1.0000 -0.0000
vn 1.0000 -0.0000 -0.0000
vn -0.0000 -0.0000 -1.0000
vn -0.0000 -1.0000 -0.0000
vn -0.0000 -0.0000 1.0000
vn -1.0000 -0.0000 -0.0000
vt 0.147195 0.727805
vt 0.147195 0.750000
vt 0.125000 0.727805
vt 0.602805 0.000000
vt 0.625000 0.022195
vt 0.602805 0.022195
vt 0.147195 0.522195
vt 0.125000 0.522195
vt 0.147195 0.500000
vt 0.625000 0.242602
vt 0.602805 0.266646
vt 0.602805 0.227805
vt 0.352805 0.727805
vt 0.391646 0.727805
vt 0.375000 0.761097
vt 0.636097 0.750000
vt 0.602805 0.772195
vt 0.602805 0.733354
vt 0.352805 0.522195
vt 0.375000 0.488903
vt 0.391646 0.522195
vt 0.636097 0.500000
vt 0.602805 0.516646
vt 0.602805 0.477805
vt 0.397195 0.000000
vt 0.397195 0.022195
vt 0.397195 0.272195
vt 0.397195 0.227805
vt 0.625000 0.977805
vt 0.602805 0.977805
vt 0.397195 0.977805
vt 0.852805 0.522195
vt 0.852805 0.727805
s 0
f 93/132/95 95/134/95 94/133/95
f 96/135/96 98/137/96 97/136/96
f 99/138/97 101/140/97 100/139/97
f 102/141/98 104/143/98 103/142/98
f 105/144/99 107/146/99 106/145/99
f 108/147/100 110/149/100 109/148/100
f 111/150/101 113/152/101 112/151/101
f 114/153/102 116/155/102 115/154/102
f 99/138/103 100/139/103 95/134/103 93/132/103
f 94/156/104 95/157/104 98/137/104 96/135/104
f 97/136/105 98/137/105 104/143/105 102/141/105
f 103/142/106 104/143/106 100/159/106 101/158/106
f 111/150/107 112/151/107 101/140/107 99/138/107
f 102/141/108 103/142/108 116/155/108 114/153/108
f 115/154/109 116/155/109 112/151/109 113/152/109
f 105/144/110 106/145/110 113/152/110 111/150/110
f 114/153/111 115/154/111 110/149/111 108/147/111
f 109/148/112 110/149/112 106/145/112 107/146/112
f 93/132/113 94/133/113 107/146/113 105/144/113
f 108/147/114 109/148/114 96/161/114 97/160/114
f 99/138/115 93/132/115 105/144/115 111/150/115
f 95/157/116 100/159/116 104/143/116 98/137/116
f 107/146/117 94/162/117 96/161/117 109/148/117
f 114/153/118 108/147/118 97/164/118 102/163/118
f 101/158/119 112/151/119 116/155/119 103/142/119
f 113/152/120 106/145/120 110/149/120 115/154/120
o Küp.002
v -1.070486 3.572960 2.157167
v -1.070486 4.191571 2.157167
v -1.070486 3.572960 -0.886502
v -1.070486 4.191571 -0.886502
v -0.889120 3.572960 2.157167
v -0.889120 4.191571 2.157167
v -0.889120 3.572960 -0.886502
v -0.889120 4.191571 -0.886502
vn -1.0000 -0.0000 -0.0000
vn -0.0000 -0.0000 -1.0000
vn 1.0000 -0.0000 -0.0000
vn -0.0000 -0.0000 1.0000
vn -0.0000 -1.0000 -0.0000
vn -0.0000 1.0000 -0.0000
vt 0.375000 0.000000
vt 0.625000 0.000000
vt 0.625000 0.250000
vt 0.375000 0.250000
vt 0.625000 0.500000
vt 0.375000 0.500000
vt 0.625000 0.750000
vt 0.375000 0.750000
vt 0.625000 1.000000
vt 0.375000 1.000000
vt 0.125000 0.500000
vt 0.125000 0.750000
vt 0.875000 0.500000
vt 0.875000 0.750000
s 0
f 117/165/121 118/166/121 120/167/121 119/168/121
f 119/168/122 120/167/122 124/169/122 123/170/122
f 123/170/123 124/169/123 122/171/123 121/172/123
f 121/172/124 122/171/124 118/173/124 117/174/124
f 119/175/125 123/170/125 121/172/125 117/176/125
f 124/169/126 120/177/126 118/178/126 122/171/126
o Küp.001
v -0.101391 3.572960 2.157167
v -0.101391 4.191571 2.157167
v -0.101391 3.572960 -0.886502
v -0.101391 4.191571 -0.886502
v 0.079976 3.572960 2.157167
v 0.079976 4.191571 2.157167
v 0.079976 3.572960 -0.886502
v 0.079976 4.191571 -0.886502
vn -1.0000 -0.0000 -0.0000
vn -0.0000 -0.0000 -1.0000
vn 1.0000 -0.0000 -0.0000
vn -0.0000 -0.0000 1.0000
vn -0.0000 -1.0000 -0.0000
vn -0.0000 1.0000 -0.0000
vt 0.375000 0.000000
vt 0.625000 0.000000
vt 0.625000 0.250000
vt 0.375000 0.250000
vt 0.625000 0.500000
vt 0.375000 0.500000
vt 0.625000 0.750000
vt 0.375000 0.750000
vt 0.625000 1.000000
vt 0.375000 1.000000
vt 0.125000 0.500000
vt 0.125000 0.750000
vt 0.875000 0.500000
vt 0.875000 0.750000
s 0
f 125/179/127 126/180/127 128/181/127 127/182/127
f 127/182/128 128/181/128 132/183/128 131/184/128
f 131/184/129 132/183/129 130/185/129 129/186/129
f 129/186/130 130/185/130 126/187/130 125/188/130
f 127/189/131 131/184/131 129/186/131 125/190/131
f 132/183/132 128/191/132 126/192/132 130/185/132
o Küp
v -0.855426 -0.029112 -0.052593
v -0.855426 17.963581 -0.052593
v -0.855426 -0.029112 -0.890023
v -0.855426 17.963581 -0.890023
v -0.134498 -0.029112 -0.052593
v -0.134498 17.963581 -0.052593
v -0.134498 -0.029112 -0.890023
v -0.134498 17.963581 -0.890023
vn -1.0000 -0.0000 -0.0000
vn -0.0000 -0.0000 -1.0000
vn 1.0000 -0.0000 -0.0000
vn -0.0000 -0.0000 1.0000
vn -0.0000 -1.0000 -0.0000
vn -0.0000 1.0000 -0.0000
vt 0.375000 0.000000
vt 0.625000 0.000000
vt 0.625000 0.250000
vt 0.375000 0.250000
vt 0.625000 0.500000
vt 0.375000 0.500000
vt 0.625000 0.750000
vt 0.375000 0.750000
vt 0.625000 1.000000
vt 0.375000 1.000000
vt 0.125000 0.500000
vt 0.125000 0.750000
vt 0.875000 0.500000
vt 0.875000 0.750000
s 0
f 133/193/133 134/194/133 136/195/133 135/196/133
f 135/196/134 136/195/134 140/197/134 139/198/134
f 139/198/135 140/197/135 138/199/135 137/200/135
f 137/200/136 138/199/136 134/201/136 133/202/136
f 135/203/137 139/198/137 137/200/137 133/204/137
f 140/197/138 136/205/138 134/206/138 138/199/138
o Halka
v 1.681585 -0.512415 -12.620199
v 1.817956 -0.494997 -12.620199
v 1.917787 -0.447408 -12.620199
v 1.954327 -0.382401 -12.620199
v 1.917787 -0.317394 -12.620199
v 1.817956 -0.269805 -12.620199
v 1.681585 -0.252386 -12.620199
v 1.545215 -0.269805 -12.620199
v 1.445384 -0.317394 -12.620199
v 1.408844 -0.382401 -12.620199
v 1.445384 -0.447408 -12.620199
v 1.545215 -0.494997 -12.620199
v 1.681585 -0.506854 -12.691357
v 1.817956 -0.489584 -12.689449
v 1.917787 -0.442403 -12.684240
v 1.954327 -0.377952 -12.677125
v 1.917787 -0.313501 -12.670010
v 1.817956 -0.266319 -12.664800
v 1.681585 -0.249049 -12.662893
v 1.545215 -0.266319 -12.664800
v 1.445384 -0.313501 -12.670010
v 1.408844 -0.377952 -12.677125
v 1.445384 -0.442403 -12.684240
v 1.545215 -0.489584 -12.689449
v 1.681585 -0.490265 -12.761296
v 1.817956 -0.473440 -12.757515
v 1.917787 -0.427472 -12.747187
v 1.954327 -0.364680 -12.733077
v 1.917787 -0.301888 -12.718966
v 1.817956 -0.255921 -12.708638
v 1.681585 -0.239096 -12.704857
v 1.545215 -0.255921 -12.708638
v 1.445384 -0.301888 -12.718966
v 1.408844 -0.364680 -12.733077
v 1.445384 -0.427472 -12.747187
v 1.545215 -0.473440 -12.757515
v 1.681585 -0.462931 -12.828821
v 1.817956 -0.446839 -12.823232
v 1.917787 -0.402873 -12.807960
v 1.954327 -0.342814 -12.787097
v 1.917787 -0.282755 -12.766234
v 1.817956 -0.238789 -12.750962
v 1.681585 -0.222696 -12.745373
v 1.545215 -0.238789 -12.750962
v 1.445384 -0.282755 -12.766234
v 1.408844 -0.342814 -12.787097
v 1.445384 -0.402873 -12.807960
v 1.545215 -0.446839 -12.823232
v 1.681585 -0.425322 -12.892777
v 1.817956 -0.410237 -12.885473
v 1.917787 -0.369024 -12.865520
v 1.954327 -0.312726 -12.838262
v 1.917787 -0.256428 -12.811004
v 1.817956 -0.215215 -12.791050
v 1.681585 -0.200130 -12.783746
v 1.545215 -0.215215 -12.791050
v 1.445384 -0.256428 -12.811004
v 1.408844 -0.312726 -12.838262
v 1.445384 -0.369024 -12.865520
v 1.545215 -0.410237 -12.885473
v 1.681585 -0.378080 -12.952069
v 1.817956 -0.364261 -12.943177
v 1.917787 -0.326506 -12.918882
v 1.954327 -0.274933 -12.885695
v 1.917787 -0.223359 -12.852509
v 1.817956 -0.185604 -12.828214
v 1.681585 -0.171785 -12.819322
v 1.545215 -0.185604 -12.828214
v 1.445384 -0.223359 -12.852509
v 1.408844 -0.274933 -12.885695
v 1.445384 -0.326506 -12.918882
v 1.545215 -0.364261 -12.943177
v 1.681585 -0.322013 -13.005683
v 1.817956 -0.309697 -12.995354
v 1.917787 -0.276046 -12.967134
v 1.954327 -0.230079 -12.928586
v 1.917787 -0.184112 -12.890038
v 1.817956 -0.150462 -12.861818
v 1.681585 -0.138145 -12.851489
v 1.545215 -0.150462 -12.861818
v 1.445384 -0.184112 -12.890038
v 1.408844 -0.230079 -12.928586
v 1.445384 -0.276046 -12.967134
v 1.545215 -0.309697 -12.995354
v 1.681585 -0.258082 -13.052701
v 1.817956 -0.247478 -13.041112
v 1.917787 -0.218508 -13.009451
v 1.954327 -0.178934 -12.966200
v 1.917787 -0.139360 -12.922950
v 1.817956 -0.110390 -12.891289
v 1.681585 -0.099786 -12.879700
v 1.545215 -0.110390 -12.891289
v 1.445384 -0.139360 -12.922950
v 1.408844 -0.178934 -12.966200
v 1.445384 -0.218508 -13.009451
v 1.545215 -0.247478 -13.041112
v 1.681585 -0.187379 -13.092319
v 1.817956 -0.178670 -13.079668
v 1.917787 -0.154875 -13.045107
v 1.954327 -0.122372 -12.997894
v 1.917787 -0.089868 -12.950683
v 1.817956 -0.066074 -12.916121
v 1.681585 -0.057365 -12.903471
v 1.545215 -0.066074 -12.916121
v 1.445384 -0.089868 -12.950683
v 1.408844 -0.122372 -12.997894
v 1.445384 -0.154875 -13.045107
v 1.545215 -0.178670 -13.079668
v 1.681585 -0.111115 -13.123857
v 1.817956 -0.104449 -13.110362
v 1.917787 -0.086238 -13.073492
v 1.954327 -0.061361 -13.023126
v 1.917787 -0.036483 -12.972760
v 1.817956 -0.018272 -12.935890
v 1.681585 -0.011606 -12.922395
v 1.545215 -0.018272 -12.935890
v 1.445384 -0.036483 -12.972760
v 1.408844 -0.061361 -13.023126
v 1.445384 -0.086238 -13.073492
v 1.545215 -0.104449 -13.110362
v 1.681585 -0.030594 -13.146780
v 1.817956 -0.026086 -13.132670
v 1.917787 -0.013769 -13.094122
v 1.954327 0.003056 -13.041464
v 1.917787 0.019881 -12.988806
v 1.817956 0.032198 -12.950257
v 1.681585 0.036706 -12.936148
v 1.545215 0.032198 -12.950257
v 1.445384 0.019881 -12.988806
v 1.408844 0.003056 -13.041464
v 1.445384 -0.013769 -13.094122
v 1.545215 -0.026086 -13.132670
v 1.681585 0.052806 -13.160691
v 1.817956 0.055079 -13.146209
v 1.917787 0.061291 -13.106643
v 1.954327 0.069776 -13.052593
v 1.917787 0.078261 -12.998544
v 1.817956 0.084473 -12.958977
v 1.681585 0.086746 -12.944494
v 1.545215 0.084473 -12.958977
v 1.445384 0.078261 -12.998544
v 1.408844 0.069776 -13.052593
v 1.445384 0.061291 -13.106643
v 1.545215 0.055079 -13.146209
v 1.681585 0.137657 -13.165356
v 1.817956 0.137657 -13.150748
v 1.917787 0.137657 -13.110840
v 1.954327 0.137657 -13.056324
v 1.917787 0.137657 -13.001808
v 1.817956 0.137657 -12.961901
v 1.681585 0.137657 -12.947293
v 1.545215 0.137657 -12.961901
v 1.445384 0.137657 -13.001808
v 1.408844 0.137657 -13.056324
v 1.445384 0.137657 -13.110840
v 1.545215 0.137657 -13.150748
v 1.681585 0.222509 -13.160691
v 1.817956 0.220235 -13.146209
v 1.917787 0.214024 -13.106642
v 1.954327 0.205538 -13.052593
v 1.917787 0.197053 -12.998544
v 1.817956 0.190842 -12.958977
v 1.681585 0.188568 -12.944494
v 1.545215 0.190842 -12.958977
v 1.445384 0.197053 -12.998544
v 1.408844 0.205538 -13.052593
v 1.445384 0.214024 -13.106642
v 1.545215 0.220235 -13.146209
v 1.681585 0.305908 -13.146780
v 1.817956 0.301400 -13.132670
v 1.917787 0.289083 -13.094122
v 1.954327 0.272258 -13.041464
v 1.917787 0.255433 -12.988806
v 1.817956 0.243116 -12.950257
v 1.681585 0.238608 -12.936148
v 1.545215 0.243116 -12.950257
v 1.445384 0.255433 -12.988806
v 1.408844 0.272258 -13.041464
v 1.445384 0.289083 -13.094122
v 1.545215 0.301400 -13.132670
v 1.681585 0.386429 -13.123857
v 1.817956 0.379763 -13.110362
v 1.917787 0.361552 -13.073492
v 1.954327 0.336675 -13.023126
v 1.917787 0.311798 -12.972760
v 1.817956 0.293586 -12.935890
v 1.681585 0.286920 -12.922395
v 1.545215 0.293586 -12.935890
v 1.445384 0.311798 -12.972760
v 1.408844 0.336675 -13.023126
v 1.445384 0.361552 -13.073492
v 1.545215 0.379763 -13.110362
v 1.681585 0.462693 -13.092319
v 1.817956 0.453984 -13.079668
v 1.917787 0.430190 -13.045107
v 1.954327 0.397686 -12.997894
v 1.917787 0.365182 -12.950683
v 1.817956 0.341388 -12.916121
v 1.681585 0.332679 -12.903471
v 1.545215 0.341388 -12.916121
v 1.445384 0.365182 -12.950683
v 1.408844 0.397686 -12.997894
v 1.445384 0.430190 -13.045107
v 1.545215 0.453984 -13.079668
v 1.681585 0.533396 -13.052701
v 1.817956 0.522792 -13.041112
v 1.917787 0.493822 -13.009451
v 1.954327 0.454248 -12.966201
v 1.917787 0.414675 -12.922950
v 1.817956 0.385704 -12.891289
v 1.681585 0.375101 -12.879700
v 1.545215 0.385704 -12.891289
v 1.445384 0.414675 -12.922950
v 1.408844 0.454248 -12.966201
v 1.445384 0.493822 -13.009451
v 1.545215 0.522792 -13.041112
v 1.681585 0.597328 -13.005683
v 1.817956 0.585011 -12.995354
v 1.917787 0.551361 -12.967134
v 1.954327 0.505394 -12.928586
v 1.917787 0.459427 -12.890038
v 1.817956 0.425776 -12.861818
v 1.681585 0.413460 -12.851489
v 1.545215 0.425776 -12.861818
v 1.445384 0.459427 -12.890038
v 1.408844 0.505394 -12.928586
v 1.445384 0.551361 -12.967134
v 1.545215 0.585011 -12.995354
v 1.681585 0.653394 -12.952069
v 1.817956 0.639575 -12.943177
v 1.917787 0.601821 -12.918882
v 1.954327 0.550247 -12.885695
v 1.917787 0.498673 -12.852509
v 1.817956 0.460919 -12.828214
v 1.681585 0.447099 -12.819322
v 1.545215 0.460919 -12.828214
v 1.445384 0.498673 -12.852509
v 1.408844 0.550247 -12.885695
v 1.445384 0.601821 -12.918882
v 1.545215 0.639575 -12.943177
v 1.681585 0.700636 -12.892777
v 1.817956 0.685551 -12.885473
v 1.917787 0.644338 -12.865520
v 1.954327 0.588040 -12.838262
v 1.917787 0.531743 -12.811004
v 1.817956 0.490530 -12.791050
v 1.681585 0.475445 -12.783746
v 1.545215 0.490530 -12.791050
v 1.445384 0.531743 -12.811004
v 1.408844 0.588040 -12.838262
v 1.445384 0.644338 -12.865520
v 1.545215 0.685551 -12.885473
v 1.681585 0.738246 -12.828821
v 1.817956 0.722153 -12.823232
v 1.917787 0.678187 -12.807960
v 1.954327 0.618128 -12.787097
v 1.917787 0.558069 -12.766234
v 1.817956 0.514103 -12.750962
v 1.681585 0.498010 -12.745373
v 1.545215 0.514103 -12.750962
v 1.445384 0.558069 -12.766234
v 1.408844 0.618128 -12.787097
v 1.445384 0.678187 -12.807960
v 1.545215 0.722153 -12.823232
v 1.681585 0.765579 -12.761296
v 1.817956 0.748754 -12.757515
v 1.917787 0.702787 -12.747187
v 1.954327 0.639995 -12.733077
v 1.917787 0.577202 -12.718966
v 1.817956 0.531235 -12.708638
v 1.681585 0.514410 -12.704857
v 1.545215 0.531235 -12.708638
v 1.445384 0.577202 -12.718966
v 1.408844 0.639995 -12.733077
v 1.445384 0.702787 -12.747187
v 1.545215 0.748754 -12.757515
v 1.681585 0.782168 -12.691357
v 1.817956 0.764899 -12.689449
v 1.917787 0.717717 -12.684240
v 1.954327 0.653266 -12.677125
v 1.917787 0.588815 -12.670010
v 1.817956 0.541633 -12.664801
v 1.681585 0.524364 -12.662893
v 1.545215 0.541633 -12.664801
v 1.445384 0.588815 -12.670010
v 1.408844 0.653266 -12.677125
v 1.445384 0.717717 -12.684240
v 1.545215 0.764899 -12.689449
v 1.681585 0.787730 -12.620199
v 1.817956 0.770311 -12.620199
v 1.917787 0.722722 -12.620199
v 1.954327 0.657715 -12.620199
v 1.917787 0.592708 -12.620199
v 1.817956 0.545119 -12.620199
v 1.681585 0.527701 -12.620199
v 1.545215 0.545119 -12.620199
v 1.445384 0.592708 -12.620199
v 1.408844 0.657715 -12.620199
v 1.445384 0.722722 -12.620199
v 1.545215 0.770311 -12.620199
v 1.681585 0.782168 -12.549042
v 1.817956 0.764899 -12.550949
v 1.917787 0.717717 -12.556158
v 1.954327 0.653266 -12.563273
v 1.917787 0.588815 -12.570389
v 1.817956 0.541633 -12.575598
v 1.681585 0.524364 -12.577505
v 1.545215 0.541633 -12.575598
v 1.445384 0.588815 -12.570389
v 1.408844 0.653266 -12.563273
v 1.445384 0.717717 -12.556158
v 1.545215 0.764899 -12.550949
v 1.681585 0.765579 -12.479102
v 1.817956 0.748754 -12.482883
v 1.917787 0.702787 -12.493212
v 1.954327 0.639995 -12.507321
v 1.917787 0.577202 -12.521432
v 1.817956 0.531235 -12.531760
v 1.681585 0.514410 -12.535542
v 1.545215 0.531235 -12.531760
v 1.445384 0.577202 -12.521432
v 1.408844 0.639995 -12.507321
v 1.445384 0.702787 -12.493212
v 1.545215 0.748754 -12.482883
v 1.681585 0.738246 -12.411577
v 1.817956 0.722153 -12.417167
v 1.917787 0.678187 -12.432440
v 1.954327 0.618128 -12.453301
v 1.917787 0.558069 -12.474164
v 1.817956 0.514103 -12.489436
v 1.681585 0.498010 -12.495026
v 1.545215 0.514103 -12.489436
v 1.445384 0.558069 -12.474164
v 1.408844 0.618128 -12.453301
v 1.445384 0.678187 -12.432440
v 1.545215 0.722153 -12.417167
v 1.681585 0.700637 -12.347621
v 1.817956 0.685552 -12.354925
v 1.917787 0.644339 -12.374879
v 1.954327 0.588041 -12.402137
v 1.917787 0.531743 -12.429395
v 1.817956 0.490530 -12.449348
v 1.681585 0.475445 -12.456653
v 1.545215 0.490530 -12.449348
v 1.445384 0.531743 -12.429395
v 1.408844 0.588041 -12.402137
v 1.445384 0.644339 -12.374879
v 1.545215 0.685552 -12.354925
v 1.681585 0.653394 -12.288329
v 1.817956 0.639575 -12.297221
v 1.917787 0.601821 -12.321516
v 1.954327 0.550247 -12.354703
v 1.917787 0.498673 -12.387890
v 1.817956 0.460919 -12.412185
v 1.681585 0.447099 -12.421077
v 1.545215 0.460919 -12.412185
v 1.445384 0.498673 -12.387890
v 1.408844 0.550247 -12.354703
v 1.445384 0.601821 -12.321516
v 1.545215 0.639575 -12.297221
v 1.681585 0.597328 -12.234715
v 1.817956 0.585011 -12.245045
v 1.917787 0.551361 -12.273264
v 1.954327 0.505394 -12.311812
v 1.917787 0.459427 -12.350361
v 1.817956 0.425776 -12.378580
v 1.681585 0.413460 -12.388909
v 1.545215 0.425776 -12.378580
v 1.445384 0.459427 -12.350361
v 1.408844 0.505394 -12.311812
v 1.445384 0.551361 -12.273264
v 1.545215 0.585011 -12.245045
v 1.681585 0.533396 -12.187698
v 1.817956 0.522793 -12.199286
v 1.917787 0.493823 -12.230948
v 1.954327 0.454249 -12.274199
v 1.917787 0.414675 -12.317449
v 1.817956 0.385705 -12.349110
v 1.681585 0.375101 -12.360699
v 1.545215 0.385705 -12.349110
v 1.445384 0.414675 -12.317449
v 1.408844 0.454249 -12.274199
v 1.445384 0.493823 -12.230948
v 1.545215 0.522793 -12.199286
v 1.681585 0.462693 -12.148080
v 1.817956 0.453984 -12.160730
v 1.917787 0.430190 -12.195292
v 1.954327 0.397686 -12.242504
v 1.917787 0.365182 -12.289716
v 1.817956 0.341388 -12.324277
v 1.681585 0.332679 -12.336927
v 1.545215 0.341388 -12.324277
v 1.445384 0.365182 -12.289716
v 1.408844 0.397686 -12.242504
v 1.445384 0.430190 -12.195292
v 1.545215 0.453984 -12.160730
v 1.681585 0.386429 -12.116541
v 1.817956 0.379763 -12.130036
v 1.917787 0.361552 -12.166906
v 1.954327 0.336675 -12.217273
v 1.917787 0.311798 -12.267638
v 1.817956 0.293586 -12.304508
v 1.681585 0.286920 -12.318004
v 1.545215 0.293586 -12.304508
v 1.445384 0.311798 -12.267638
v 1.408844 0.336675 -12.217273
v 1.445384 0.361552 -12.166906
v 1.545215 0.379763 -12.130036
v 1.681585 0.305909 -12.093618
v 1.817956 0.301400 -12.107729
v 1.917787 0.289083 -12.146276
v 1.954327 0.272258 -12.198935
v 1.917787 0.255433 -12.251593
v 1.817956 0.243116 -12.290141
v 1.681585 0.238608 -12.304251
v 1.545215 0.243116 -12.290141
v 1.445384 0.255433 -12.251593
v 1.408844 0.272258 -12.198935
v 1.445384 0.289083 -12.146276
v 1.545215 0.301400 -12.107729
v 1.681585 0.222509 -12.079707
v 1.817956 0.220235 -12.094190
v 1.917787 0.214024 -12.133757
v 1.954327 0.205539 -12.187805
v 1.917787 0.197053 -12.241855
v 1.817956 0.190842 -12.281422
v 1.681585 0.188568 -12.295904
v 1.545215 0.190842 -12.281422
v 1.445384 0.197053 -12.241855
v 1.408844 0.205539 -12.187805
v 1.445384 0.214024 -12.133757
v 1.545215 0.220235 -12.094190
v 1.681585 0.137657 -12.075043
v 1.817956 0.137657 -12.089650
v 1.917787 0.137657 -12.129559
v 1.954327 0.137657 -12.184074
v 1.917787 0.137657 -12.238590
v 1.817956 0.137657 -12.278498
v 1.681585 0.137657 -12.293105
v 1.545215 0.137657 -12.278498
v 1.445384 0.137657 -12.238590
v 1.408844 0.137657 -12.184074
v 1.445384 0.137657 -12.129559
v 1.545215 0.137657 -12.089650
v 1.681585 0.052806 -12.079707
v 1.817956 0.055079 -12.094190
v 1.917787 0.061291 -12.133756
v 1.954327 0.069776 -12.187805
v 1.917787 0.078261 -12.241855
v 1.817956 0.084473 -12.281422
v 1.681585 0.086746 -12.295904
v 1.545215 0.084473 -12.281422
v 1.445384 0.078261 -12.241855
v 1.408844 0.069776 -12.187805
v 1.445384 0.061291 -12.133756
v 1.545215 0.055079 -12.094190
v 1.681585 -0.030594 -12.093618
v 1.817956 -0.026085 -12.107728
v 1.917787 -0.013769 -12.146276
v 1.954327 0.003056 -12.198935
v 1.917787 0.019882 -12.251593
v 1.817956 0.032198 -12.290141
v 1.681585 0.036707 -12.304251
v 1.545215 0.032198 -12.290141
v 1.445384 0.019882 -12.251593
v 1.408844 0.003057 -12.198935
v 1.445384 -0.013769 -12.146276
v 1.545215 -0.026085 -12.107728
v 1.681585 -0.111115 -12.116541
v 1.817956 -0.104449 -12.130036
v 1.917787 -0.086238 -12.166906
v 1.954327 -0.061361 -12.217273
v 1.917787 -0.036483 -12.267638
v 1.817956 -0.018272 -12.304508
v 1.681585 -0.011606 -12.318004
v 1.545215 -0.018272 -12.304508
v 1.445384 -0.036483 -12.267638
v 1.408844 -0.061361 -12.217273
v 1.445384 -0.086238 -12.166906
v 1.545215 -0.104449 -12.130036
v 1.681585 -0.187379 -12.148080
v 1.817956 -0.178670 -12.160730
v 1.917787 -0.154875 -12.195292
v 1.954327 -0.122372 -12.242504
v 1.917787 -0.089868 -12.289716
v 1.817956 -0.066074 -12.324277
v 1.681585 -0.057365 -12.336927
v 1.545215 -0.066074 -12.324277
v 1.445384 -0.089868 -12.289716
v 1.408844 -0.122372 -12.242504
v 1.445384 -0.154875 -12.195292
v 1.545215 -0.178670 -12.160730
v 1.681585 -0.258082 -12.187697
v 1.817956 -0.247478 -12.199286
v 1.917787 -0.218508 -12.230947
v 1.954327 -0.178934 -12.274198
v 1.917787 -0.139360 -12.317448
v 1.817956 -0.110390 -12.349110
v 1.681585 -0.099786 -12.360699
v 1.545215 -0.110390 -12.349110
v 1.445384 -0.139360 -12.317448
v 1.408844 -0.178934 -12.274198
v 1.445384 -0.218508 -12.230947
v 1.545215 -0.247478 -12.199286
v 1.681585 -0.322013 -12.234715
v 1.817956 -0.309696 -12.245045
v 1.917787 -0.276046 -12.273264
v 1.954327 -0.230079 -12.311812
v 1.917787 -0.184112 -12.350361
v 1.817956 -0.150462 -12.378580
v 1.681585 -0.138145 -12.388909
v 1.545215 -0.150462 -12.378580
v 1.445384 -0.184112 -12.350361
v 1.408844 -0.230079 -12.311812
v 1.445384 -0.276046 -12.273264
v 1.545215 -0.309696 -12.245045
v 1.681585 -0.378080 -12.288329
v 1.817956 -0.364261 -12.297221
v 1.917787 -0.326506 -12.321516
v 1.954327 -0.274933 -12.354703
v 1.917787 -0.223359 -12.387890
v 1.817956 -0.185604 -12.412185
v 1.681585 -0.171785 -12.421077
v 1.545215 -0.185604 -12.412185
v 1.445384 -0.223359 -12.387890
v 1.408844 -0.274933 -12.354703
v 1.445384 -0.326506 -12.321516
v 1.545215 -0.364261 -12.297221
v 1.681585 -0.425322 -12.347621
v 1.817956 -0.410237 -12.354925
v 1.917787 -0.369024 -12.374879
v 1.954327 -0.312726 -12.402137
v 1.917787 -0.256428 -12.429395
v 1.817956 -0.215215 -12.449348
v 1.681585 -0.200130 -12.456653
v 1.545215 -0.215215 -12.449348
v 1.445384 -0.256428 -12.429395
v 1.408844 -0.312726 -12.402137
v 1.445384 -0.369024 -12.374879
v 1.545215 -0.410237 -12.354925
v 1.681585 -0.462931 -12.411577
v 1.817956 -0.446839 -12.417167
v 1.917787 -0.402873 -12.432439
v 1.954327 -0.342814 -12.453301
v 1.917787 -0.282755 -12.474163
v 1.817956 -0.238789 -12.489436
v 1.681585 -0.222696 -12.495026
v 1.545215 -0.238789 -12.489436
v 1.445384 -0.282755 -12.474163
v 1.408844 -0.342814 -12.453301
v 1.445384 -0.402873 -12.432439
v 1.545215 -0.446839 -12.417167
v 1.681585 -0.490265 -12.479102
v 1.817956 -0.473440 -12.482883
v 1.917787 -0.427472 -12.493212
v 1.954327 -0.364680 -12.507322
v 1.917787 -0.301888 -12.521432
v 1.817956 -0.255921 -12.531760
v 1.681585 -0.239096 -12.535542
v 1.545215 -0.255921 -12.531760
v 1.445384 -0.301888 -12.521432
v 1.408844 -0.364680 -12.507322
v 1.445384 -0.427472 -12.493212
v 1.545215 -0.473440 -12.482883
v 1.681585 -0.506854 -12.549042
v 1.817956 -0.489584 -12.550949
v 1.917787 -0.442403 -12.556158
v 1.954327 -0.377952 -12.563273
v 1.917787 -0.313501 -12.570389
v 1.817956 -0.266319 -12.575599
v 1.681585 -0.249049 -12.577505
v 1.545215 -0.266319 -12.575599
v 1.445384 -0.313501 -12.570389
v 1.408844 -0.377952 -12.563273
v 1.445384 -0.442403 -12.556158
v 1.545215 -0.489584 -12.550949
vn 0.1263 -0.9890 -0.0773
vn 0.4292 -0.9004 -0.0704
vn 0.8711 -0.4896 -0.0383
vn 0.8711 0.4896 0.0383
vn 0.4292 0.9004 0.0704
vn 0.1263 0.9890 0.0773
vn -0.1263 0.9890 0.0773
vn -0.4292 0.9004 0.0704
vn -0.8711 0.4896 0.0383
vn -0.8711 -0.4896 -0.0383
vn -0.4292 -0.9004 -0.0704
vn -0.1263 -0.9890 -0.0773
vn 0.1254 -0.9653 -0.2290
vn 0.4268 -0.8799 -0.2087
vn 0.8696 -0.4804 -0.1140
vn 0.8696 0.4804 0.1140
vn 0.4268 0.8799 0.2087
vn 0.1254 0.9653 0.2290
vn -0.1254 0.9653 0.2290
vn -0.4268 0.8799 0.2087
vn -0.8696 0.4804 0.1140
vn -0.8696 -0.4804 -0.1140
vn -0.4268 -0.8799 -0.2087
vn -0.1254 -0.9653 -0.2290
vn 0.1238 -0.9198 -0.3723
vn 0.4221 -0.8403 -0.3401
vn 0.8667 -0.4623 -0.1871
vn 0.8667 0.4623 0.1871
vn 0.4221 0.8403 0.3401
vn 0.1238 0.9198 0.3723
vn -0.1238 0.9198 0.3723
vn -0.4221 0.8403 0.3401
vn -0.8667 0.4623 0.1871
vn -0.8667 -0.4623 -0.1871
vn -0.4221 -0.8403 -0.3401
vn -0.1238 -0.9198 -0.3723
vn 0.1216 -0.8556 -0.5031
vn 0.4158 -0.7840 -0.4610
vn 0.8627 -0.4359 -0.2563
vn 0.8627 0.4359 0.2563
vn 0.4158 0.7840 0.4610
vn 0.1216 0.8556 0.5031
vn -0.1216 0.8556 0.5031
vn -0.4158 0.7840 0.4610
vn -0.8627 0.4359 0.2563
vn -0.8627 -0.4359 -0.2563
vn -0.4158 -0.7840 -0.4610
vn -0.1216 -0.8556 -0.5031
vn 0.1190 -0.7765 -0.6187
vn 0.4084 -0.7139 -0.5688
vn 0.8579 -0.4018 -0.3202
vn 0.8579 0.4018 0.3202
vn 0.4084 0.7139 0.5688
vn 0.1190 0.7765 0.6187
vn -0.1190 0.7765 0.6187
vn -0.4084 0.7139 0.5688
vn -0.8579 0.4018 0.3202
vn -0.8579 -0.4018 -0.3202
vn -0.4084 -0.7139 -0.5688
vn -0.1190 -0.7765 -0.6187
vn 0.1164 -0.6864 -0.7178
vn 0.4006 -0.6332 -0.6622
vn 0.8526 -0.3611 -0.3776
vn 0.8526 0.3611 0.3776
vn 0.4006 0.6332 0.6622
vn 0.1164 0.6864 0.7178
vn -0.1164 0.6864 0.7178
vn -0.4006 0.6332 0.6622
vn -0.8526 0.3611 0.3776
vn -0.8526 -0.3611 -0.3776
vn -0.4006 -0.6332 -0.6622
vn -0.1164 -0.6864 -0.7178
vn 0.1138 -0.5886 -0.8004
vn 0.3930 -0.5448 -0.7408
vn 0.8473 -0.3147 -0.4279
vn 0.8473 0.3147 0.4279
vn 0.3930 0.5448 0.7408
vn 0.1138 0.5886 0.8004
vn -0.1138 0.5886 0.8004
vn -0.3930 0.5448 0.7408
vn -0.8473 0.3147 0.4279
vn -0.8473 -0.3147 -0.4279
vn -0.3930 -0.5448 -0.7408
vn -0.1138 -0.5886 -0.8004
vn 0.1114 -0.4858 -0.8669
vn 0.3861 -0.4509 -0.8047
vn 0.8422 -0.2636 -0.4704
vn 0.8422 0.2636 0.4704
vn 0.3861 0.4509 0.8047
vn 0.1114 0.4858 0.8669
vn -0.1114 0.4858 0.8669
vn -0.3861 0.4509 0.8047
vn -0.8422 0.2636 0.4704
vn -0.8422 -0.2636 -0.4704
vn -0.3861 -0.4509 -0.8047
vn -0.1114 -0.4858 -0.8669
vn 0.1095 -0.3799 -0.9185
vn 0.3802 -0.3535 -0.8547
vn 0.8377 -0.2087 -0.5047
vn 0.8377 0.2087 0.5047
vn 0.3802 0.3535 0.8547
vn 0.1095 0.3799 0.9185
vn -0.1095 0.3799 0.9185
vn -0.3802 0.3535 0.8547
vn -0.8377 0.2087 0.5047
vn -0.8377 -0.2087 -0.5047
vn -0.3802 -0.3535 -0.8547
vn -0.1095 -0.3799 -0.9185
vn 0.1079 -0.2722 -0.9562
vn 0.3755 -0.2538 -0.8914
vn 0.8341 -0.1510 -0.5305
vn 0.8341 0.1510 0.5305
vn 0.3755 0.2538 0.8914
vn 0.1079 0.2722 0.9562
vn -0.1079 0.2722 0.9562
vn -0.3755 0.2538 0.8914
vn -0.8341 0.1510 0.5305
vn -0.8341 -0.1510 -0.5305
vn -0.3755 -0.2538 -0.8914
vn -0.1079 -0.2722 -0.9562
vn 0.1069 -0.1636 -0.9807
vn 0.3723 -0.1527 -0.9155
vn 0.8316 -0.0914 -0.5478
vn 0.8316 0.0914 0.5478
vn 0.3723 0.1527 0.9155
vn 0.1069 0.1636 0.9807
vn -0.1069 0.1636 0.9807
vn -0.3723 0.1527 0.9155
vn -0.8316 0.0914 0.5478
vn -0.8316 -0.0914 -0.5478
vn -0.3723 -0.1527 -0.9155
vn -0.1069 -0.1636 -0.9807
vn 0.1063 -0.0546 -0.9928
vn 0.3707 -0.0510 -0.9273
vn 0.8303 -0.0306 -0.5565
vn 0.8303 0.0306 0.5565
vn 0.3707 0.0510 0.9273
vn 0.1063 0.0546 0.9928
vn -0.1063 0.0546 0.9928
vn -0.3707 0.0510 0.9273
vn -0.8303 0.0306 0.5565
vn -0.8303 -0.0306 -0.5565
vn -0.3707 -0.0510 -0.9273
vn -0.1063 -0.0546 -0.9928
vn 0.1063 0.0546 -0.9928
vn 0.3707 0.0510 -0.9273
vn 0.8303 0.0306 -0.5565
vn 0.8303 -0.0306 0.5565
vn 0.3707 -0.0510 0.9273
vn 0.1063 -0.0546 0.9928
vn -0.1063 -0.0546 0.9928
vn -0.3707 -0.0510 0.9273
vn -0.8303 -0.0306 0.5565
vn -0.8303 0.0306 -0.5565
vn -0.3707 0.0510 -0.9273
vn -0.1063 0.0546 -0.9928
vn 0.1069 0.1636 -0.9807
vn 0.3723 0.1527 -0.9155
vn 0.8316 0.0914 -0.5478
vn 0.8316 -0.0914 0.5478
vn 0.3723 -0.1527 0.9155
vn 0.1069 -0.1636 0.9807
vn -0.1069 -0.1636 0.9807
vn -0.3723 -0.1527 0.9155
vn -0.8316 -0.0914 0.5478
vn -0.8316 0.0914 -0.5478
vn -0.3723 0.1527 -0.9155
vn -0.1069 0.1636 -0.9807
vn 0.1079 0.2722 -0.9562
vn 0.3755 0.2538 -0.8914
vn 0.8341 0.1510 -0.5305
vn 0.8341 -0.1510 0.5305
vn 0.3755 -0.2538 0.8914
vn 0.1079 -0.2722 0.9562
vn -0.1079 -0.2722 0.9562
vn -0.3755 -0.2538 0.8914
vn -0.8341 -0.1510 0.5305
vn -0.8341 0.1510 -0.5305
vn -0.3755 0.2538 -0.8914
vn -0.1079 0.2722 -0.9562
vn 0.1095 0.3799 -0.9185
vn 0.3802 0.3535 -0.8547
vn 0.8377 0.2087 -0.5047
vn 0.8377 -0.2087 0.5047
vn 0.3802 -0.3535 0.8547
vn 0.1095 -0.3799 0.9185
vn -0.1095 -0.3799 0.9185
vn -0.3802 -0.3535 0.8547
vn -0.8377 -0.2087 0.5047
vn -0.8377 0.2087 -0.5047
vn -0.3802 0.3535 -0.8547
vn -0.1095 0.3799 -0.9185
vn 0.1114 0.4858 -0.8669
vn 0.3861 0.4509 -0.8047
vn 0.8422 0.2636 -0.4704
vn 0.8422 -0.2636 0.4704
vn 0.3861 -0.4509 0.8047
vn 0.1114 -0.4858 0.8669
vn -0.1114 -0.4858 0.8669
vn -0.3861 -0.4509 0.8047
vn -0.8422 -0.2636 0.4704
vn -0.8422 0.2636 -0.4704
vn -0.3861 0.4509 -0.8047
vn -0.1114 0.4858 -0.8669
vn 0.1138 0.5886 -0.8004
vn 0.3930 0.5448 -0.7408
vn 0.8473 0.3147 -0.4279
vn 0.8473 -0.3147 0.4279
vn 0.3930 -0.5448 0.7408
vn 0.1138 -0.5886 0.8004
vn -0.1138 -0.5886 0.8004
vn -0.3930 -0.5448 0.7408
vn -0.8473 -0.3147 0.4279
vn -0.8473 0.3147 -0.4279
vn -0.3930 0.5448 -0.7408
vn -0.1138 0.5886 -0.8004
vn 0.1164 0.6864 -0.7178
vn 0.4006 0.6332 -0.6622
vn 0.8526 0.3611 -0.3776
vn 0.8526 -0.3611 0.3776
vn 0.4006 -0.6332 0.6622
vn 0.1164 -0.6864 0.7178
vn -0.1164 -0.6864 0.7178
vn -0.4006 -0.6332 0.6622
vn -0.8526 -0.3611 0.3776
vn -0.8526 0.3611 -0.3776
vn -0.4006 0.6332 -0.6622
vn -0.1164 0.6864 -0.7178
vn 0.1190 0.7765 -0.6187
vn 0.4084 0.7139 -0.5688
vn 0.8579 0.4018 -0.3202
vn 0.8579 -0.4018 0.3202
vn 0.4084 -0.7139 0.5688
vn 0.1190 -0.7765 0.6187
vn -0.1190 -0.7765 0.6187
vn -0.4084 -0.7139 0.5688
vn -0.8579 -0.4018 0.3202
vn -0.8579 0.4018 -0.3202
vn -0.4084 0.7139 -0.5688
vn -0.1190 0.7765 -0.6187
vn 0.1216 0.8556 -0.5031
vn 0.4158 0.7840 -0.4610
vn 0.8627 0.4359 -0.2563
vn 0.8627 -0.4359 0.2563
vn 0.4158 -0.7840 0.4610
vn 0.1216 -0.8556 0.5031
vn -0.1216 -0.8556 0.5031
vn -0.4158 -0.7840 0.4610
vn -0.8627 -0.4359 0.2563
vn -0.8627 0.4359 -0.2563
vn -0.4158 0.7840 -0.4610
vn -0.1216 0.8556 -0.5031
vn 0.1238 0.9198 -0.3723
vn 0.4221 0.8403 -0.3401
vn 0.8667 0.4623 -0.1871
vn 0.8667 -0.4623 0.1871
vn 0.4221 -0.8403 0.3401
vn 0.1238 -0.9198 0.3723
vn -0.1238 -0.9198 0.3723
vn -0.4221 -0.8403 0.3401
vn -0.8667 -0.4623 0.1871
vn -0.8667 0.4623 -0.1871
vn -0.4221 0.8403 -0.3401
vn -0.1238 0.9198 -0.3723
vn 0.1254 0.9653 -0.2290
vn 0.4268 0.8799 -0.2087
vn 0.8696 0.4804 -0.1140
vn 0.8696 -0.4804 0.1140
vn 0.4268 -0.8799 0.2087
vn 0.1254 -0.9653 0.2290
vn -0.1254 -0.9653 0.2290
vn -0.4268 -0.8799 0.2087
vn -0.8696 -0.4804 0.1140
vn -0.8696 0.4804 -0.1140
vn -0.4268 0.8799 -0.2087
vn -0.1254 0.9653 -0.2290
vn 0.1263 0.9890 -0.0773
vn 0.4292 0.9004 -0.0704
vn 0.8711 0.4896 -0.0383
vn 0.8711 -0.4896 0.0383
vn 0.4292 -0.9004 0.0704
vn 0.1263 -0.9890 0.0773
vn -0.1263 -0.9890 0.0773
vn -0.4292 -0.9004 0.0704
vn -0.8711 -0.4896 0.0383
vn -0.8711 0.4896 -0.0383
vn -0.4292 0.9004 -0.0704
vn -0.1263 0.9890 -0.0773
vt 0.500000 0.500000
vt 0.520833 0.500000
vt 0.520833 0.583333
vt 0.500000 0.583333
vt 0.520833 0.666667
vt 0.500000 0.666667
vt 0.520833 0.750000
vt 0.500000 0.750000
vt 0.520833 0.833333
vt 0.500000 0.833333
vt 0.520833 0.916667
vt 0.500000 0.916667
vt 0.520833 1.000000
vt 0.500000 1.000000
vt 0.500000 0.000000
vt 0.520833 0.000000
vt 0.520833 0.083333
vt 0.500000 0.083333
vt 0.520833 0.166667
vt 0.500000 0.166667
vt 0.520833 0.250000
vt 0.500000 0.250000
vt 0.520833 0.333333
vt 0.500000 0.333333
vt 0.520833 0.416667
vt 0.500000 0.416667
vt 0.541667 0.500000
vt 0.541667 0.583333
vt 0.541667 0.666667
vt 0.541667 0.750000
vt 0.541667 0.833333
vt 0.541667 0.916667
vt 0.541667 1.000000
vt 0.541667 0.000000
vt 0.541667 0.083333
vt 0.541667 0.166667
vt 0.541667 0.250000
vt 0.541667 0.333333
vt 0.541667 0.416667
vt 0.562500 0.500000
vt 0.562500 0.583333
vt 0.562500 0.666667
vt 0.562500 0.750000
vt 0.562500 0.833333
vt 0.562500 0.916667
vt 0.562500 1.000000
vt 0.562500 0.000000
vt 0.562500 0.083333
vt 0.562500 0.166667
vt 0.562500 0.250000
vt 0.562500 0.333333
vt 0.562500 0.416667
vt 0.583333 0.500000
vt 0.583333 0.583333
vt 0.583333 0.666667
vt 0.583333 0.750000
vt 0.583333 0.833333
vt 0.583333 0.916667
vt 0.583333 1.000000
vt 0.583333 0.000000
vt 0.583333 0.083333
vt 0.583333 0.166667
vt 0.583333 0.250000
vt 0.583333 0.333333
vt 0.583333 0.416667
vt 0.604167 0.500000
vt 0.604167 0.583333
vt 0.604167 0.666667
vt 0.604167 0.750000
vt 0.604167 0.833333
vt 0.604167 0.916667
vt 0.604167 1.000000
vt 0.604167 0.000000
vt 0.604167 0.083333
vt 0.604167 0.166667
vt 0.604167 0.250000
vt 0.604167 0.333333
vt 0.604167 0.416667
vt 0.625000 0.500000
vt 0.625000 0.583333
vt 0.625000 0.666667
vt 0.625000 0.750000
vt 0.625000 0.833333
vt 0.625000 0.916667
vt 0.625000 1.000000
vt 0.625000 0.000000
vt 0.625000 0.083333
vt 0.625000 0.166667
vt 0.625000 0.250000
vt 0.625000 0.333333
vt 0.625000 0.416667
vt 0.645833 0.500000
vt 0.645833 0.583333
vt 0.645833 0.666667
vt 0.645833 0.750000
vt 0.645833 0.833333
vt 0.645833 0.916667
vt 0.645833 1.000000
vt 0.645833 0.000000
vt 0.645833 0.083333
vt 0.645833 0.166667
vt 0.645833 0.250000
vt 0.645833 0.333333
vt 0.645833 0.416667
vt 0.666667 0.500000
vt 0.666667 0.583333
vt 0.666667 0.666667
vt 0.666667 0.750000
vt 0.666667 0.833333
vt 0.666667 0.916667
vt 0.666667 1.000000
vt 0.666667 0.000000
vt 0.666667 0.083333
vt 0.666667 0.166667
vt 0.666667 0.250000
vt 0.666667 0.333333
vt 0.666667 0.416667
vt 0.687500 0.500000
vt 0.687500 0.583333
vt 0.687500 0.666667
vt 0.687500 0.750000
vt 0.687500 0.833333
vt 0.687500 0.916667
vt 0.687500 1.000000
vt 0.687500 0.000000
vt 0.687500 0.083333
vt 0.687500 0.166667
vt 0.687500 0.250000
vt 0.687500 0.333333
vt 0.687500 0.416667
vt 0.708333 0.500000
vt 0.708333 0.583333
vt 0.708333 0.666667
vt 0.708333 0.750000
vt 0.708333 0.833333
vt 0.708333 0.916667
vt 0.708333 1.000000
vt 0.708333 0.000000
vt 0.708333 0.083333
vt 0.708333 0.166667
vt 0.708333 0.250000
vt 0.708333 0.333333
vt 0.708333 0.416667
vt 0.729167 0.500000
vt 0.729167 0.583333
vt 0.729167 0.666667
vt 0.729167 0.750000
vt 0.729167 0.833333
vt 0.729167 0.916667
vt 0.729167 1.000000
vt 0.729167 0.000000
vt 0.729167 0.083333
vt 0.729167 0.166667
vt 0.729167 0.250000
vt 0.729167 0.333333
vt 0.729167 0.416667
vt 0.750000 0.500000
vt 0.750000 0.583333
vt 0.750000 0.666667
vt 0.750000 0.750000
vt 0.750000 0.833333
vt 0.750000 0.916667
vt 0.750000 1.000000
vt 0.750000 0.000000
vt 0.750000 0.083333
vt 0.750000 0.166667
vt 0.750000 0.250000
vt 0.750000 0.333333
vt 0.750000 0.416667
vt 0.770833 0.500000
vt 0.770833 0.583333
vt 0.770833 0.666667
vt 0.770833 0.750000
vt 0.770833 0.833333
vt 0.770833 0.916667
vt 0.770833 1.000000
vt 0.770833 0.000000
vt 0.770833 0.083333
vt 0.770833 0.166667
vt 0.770833 0.250000
vt 0.770833 0.333333
vt 0.770833 0.416667
vt 0.791667 0.500000
vt 0.791667 0.583333
vt 0.791667 0.666667
vt 0.791667 0.750000
vt 0.791667 0.833333
vt 0.791667 0.916667
vt 0.791667 1.000000
vt 0.791667 0.000000
vt 0.791667 0.083333
vt 0.791667 0.166667
vt 0.791667 0.250000
vt 0.791667 0.333333
vt 0.791667 0.416667
vt 0.812500 0.500000
vt 0.812500 0.583333
vt 0.812500 0.666667
vt 0.812500 0.750000
vt 0.812500 0.833333
vt 0.812500 0.916667
vt 0.812500 1.000000
vt 0.812500 0.000000
vt 0.812500 0.083333
vt 0.812500 0.166667
vt 0.812500 0.250000
vt 0.812500 0.333333
vt 0.812500 0.416667
vt 0.833333 0.500000
vt 0.833333 0.583333
vt 0.833333 0.666667
vt 0.833333 0.750000
vt 0.833333 0.833333
vt 0.833333 0.916667
vt 0.833333 1.000000
vt 0.833333 0.000000
vt 0.833333 0.083333
vt 0.833333 0.166667
vt 0.833333 0.250000
vt 0.833333 0.333333
vt 0.833333 0.416667
vt 0.854167 0.500000
vt 0.854167 0.583333
vt 0.854167 0.666667
vt 0.854167 0.750000
vt 0.854167 0.833333
vt 0.854167 0.916667
vt 0.854167 1.000000
vt 0.854167 0.000000
vt 0.854167 0.083333
vt 0.854167 0.166667
vt 0.854167 0.250000
vt 0.854167 0.333333
vt 0.854167 0.416667
vt 0.875000 0.500000
vt 0.875000 0.583333
vt 0.875000 0.666667
vt 0.875000 0.750000
vt 0.875000 0.833333
vt 0.875000 0.916667
vt 0.875000 1.000000
vt 0.875000 0.000000
vt 0.875000 0.083333
vt 0.875000 0.166667
vt 0.875000 0.250000
vt 0.875000 0.333333
vt 0.875000 0.416667
vt 0.895833 0.500000
vt 0.895833 0.583333
vt 0.895833 0.666667
vt 0.895833 0.750000
vt 0.895833 0.833333
vt 0.895833 0.916667
vt 0.895833 1.000000
vt 0.895833 0.000000
vt 0.895833 0.083333
vt 0.895833 0.166667
vt 0.895833 0.250000
vt 0.895833 0.333333
vt 0.895833 0.416667
vt 0.916667 0.500000
vt 0.916667 0.583333
vt 0.916667 0.666667
vt 0.916667 0.750000
vt 0.916667 0.833333
vt 0.916667 0.916667
vt 0.916667 1.000000
vt 0.916667 0.000000
vt 0.916667 0.083333
vt 0.916667 0.166667
vt 0.916667 0.250000
vt 0.916667 0.333333
vt 0.916667 0.416667
vt 0.937500 0.500000
vt 0.937500 0.583333
vt 0.937500 0.666667
vt 0.937500 0.750000
vt 0.937500 0.833333
vt 0.937500 0.916667
vt 0.937500 1.000000
vt 0.937500 0.000000
vt 0.937500 0.083333
vt 0.937500 0.166667
vt 0.937500 0.250000
vt 0.937500 0.333333
vt 0.937500 0.416667
vt 0.958333 0.500000
vt 0.958333 0.583333
vt 0.958333 0.666667
vt 0.958333 0.750000
vt 0.958333 0.833333
vt 0.958333 0.916667
vt 0.958333 1.000000
vt 0.958333 0.000000
vt 0.958333 0.083333
vt 0.958333 0.166667
vt 0.958333 0.250000
vt 0.958333 0.333333
vt 0.958333 0.416667
vt 0.979167 0.500000
vt 0.979167 0.583333
vt 0.979167 0.666667
vt 0.979167 0.750000
vt 0.979167 0.833333
vt 0.979167 0.916667
vt 0.979167 1.000000
vt 0.979167 0.000000
vt 0.979167 0.083333
vt 0.979167 0.166667
vt 0.979167 0.250000
vt 0.979167 0.333333
vt 0.979167 0.416667
vt 1.000000 0.500000
vt 1.000000 0.583333
vt 1.000000 0.666667
vt 1.000000 0.750000
vt 1.000000 0.833333
vt 1.000000 0.916667
vt 1.000000 1.000000
vt 1.000000 0.000000
vt 1.000000 0.083333
vt 1.000000 0.166667
vt 1.000000 0.250000
vt 1.000000 0.333333
vt 1.000000 0.416667
vt 0.000000 0.500000
vt 0.020833 0.500000
vt 0.020833 0.583333
vt 0.000000 0.583333
vt 0.020833 0.666667
vt 0.000000 0.666667
vt 0.020833 0.750000
vt 0.000000 0.750000
vt 0.020833 0.833333
vt 0.000000 0.833333
vt 0.020833 0.916667
vt 0.000000 0.916667
vt 0.020833 1.000000
vt 0.000000 1.000000
vt 0.000000 0.000000
vt 0.020833 0.000000
vt 0.020833 0.083333
vt 0.000000 0.083333
vt 0.020833 0.166667
vt 0.000000 0.166667
vt 0.020833 0.250000
vt 0.000000 0.250000
vt 0.020833 0.333333
vt 0.000000 0.333333
vt 0.020833 0.416667
vt 0.000000 0.416667
vt 0.041667 0.500000
vt 0.041667 0.583333
vt 0.041667 0.666667
vt 0.041667 0.750000
vt 0.041667 0.833333
vt 0.041667 0.916667
vt 0.041667 1.000000
vt 0.041667 0.000000
vt 0.041667 0.083333
vt 0.041667 0.166667
vt 0.041667 0.250000
vt 0.041667 0.333333
vt 0.041667 0.416667
vt 0.062500 0.500000
vt 0.062500 0.583333
vt 0.062500 0.666667
vt 0.062500 0.750000
vt 0.062500 0.833333
vt 0.062500 0.916667
vt 0.062500 1.000000
vt 0.062500 0.000000
vt 0.062500 0.083333
vt 0.062500 0.166667
vt 0.062500 0.250000
vt 0.062500 0.333333
vt 0.062500 0.416667
vt 0.083333 0.500000
vt 0.083333 0.583333
vt 0.083333 0.666667
vt 0.083333 0.750000
vt 0.083333 0.833333
vt 0.083333 0.916667
vt 0.083333 1.000000
vt 0.083333 0.000000
vt 0.083333 0.083333
vt 0.083333 0.166667
vt 0.083333 0.250000
vt 0.083333 0.333333
vt 0.083333 0.416667
vt 0.104167 0.500000
vt 0.104167 0.583333
vt 0.104167 0.666667
vt 0.104167 0.750000
vt 0.104167 0.833333
vt 0.104167 0.916667
vt 0.104167 1.000000
vt 0.104167 0.000000
vt 0.104167 0.083333
vt 0.104167 0.166667
vt 0.104167 0.250000
vt 0.104167 0.333333
vt 0.104167 0.416667
vt 0.125000 0.500000
vt 0.125000 0.583333
vt 0.125000 0.666667
vt 0.125000 0.750000
vt 0.125000 0.833333
vt 0.125000 0.916667
vt 0.125000 1.000000
vt 0.125000 0.000000
vt 0.125000 0.083333
vt 0.125000 0.166667
vt 0.125000 0.250000
vt 0.125000 0.333333
vt 0.125000 0.416667
vt 0.145833 0.500000
vt 0.145833 0.583333
vt 0.145833 0.666667
vt 0.145833 0.750000
vt 0.145833 0.833333
vt 0.145833 0.916667
vt 0.145833 1.000000
vt 0.145833 0.000000
vt 0.145833 0.083333
vt 0.145833 0.166667
vt 0.145833 0.250000
vt 0.145833 0.333333
vt 0.145833 0.416667
vt 0.166667 0.500000
vt 0.166667 0.583333
vt 0.166667 0.666667
vt 0.166667 0.750000
vt 0.166667 0.833333
vt 0.166667 0.916667
vt 0.166667 1.000000
vt 0.166667 0.000000
vt 0.166667 0.083333
vt 0.166667 0.166667
vt 0.166667 0.250000
vt 0.166667 0.333333
vt 0.166667 0.416667
vt 0.187500 0.500000
vt 0.187500 0.583333
vt 0.187500 0.666667
vt 0.187500 0.750000
vt 0.187500 0.833333
vt 0.187500 0.916667
vt 0.187500 1.000000
vt 0.187500 0.000000
vt 0.187500 0.083333
vt 0.187500 0.166667
vt 0.187500 0.250000
vt 0.187500 0.333333
vt 0.187500 0.416667
vt 0.208333 0.500000
vt 0.208333 0.583333
vt 0.208333 0.666667
vt 0.208333 0.750000
vt 0.208333 0.833333
vt 0.208333 0.916667
vt 0.208333 1.000000
vt 0.208333 0.000000
vt 0.208333 0.083333
vt 0.208333 0.166667
vt 0.208333 0.250000
vt 0.208333 0.333333
vt 0.208333 0.416667
vt 0.229167 0.500000
vt 0.229167 0.583333
vt 0.229167 0.666667
vt 0.229167 0.750000
vt 0.229167 0.833333
vt 0.229167 0.916667
vt 0.229167 1.000000
vt 0.229167 0.000000
vt 0.229167 0.083333
vt 0.229167 0.166667
vt 0.229167 0.250000
vt 0.229167 0.333333
vt 0.229167 0.416667
vt 0.250000 0.500000
vt 0.250000 0.583333
vt 0.250000 0.666667
vt 0.250000 0.750000
vt 0.250000 0.833333
vt 0.250000 0.916667
vt 0.250000 1.000000
vt 0.250000 0.000000
vt 0.250000 0.083333
vt 0.250000 0.166667
vt 0.250000 0.250000
vt 0.250000 0.333333
vt 0.250000 0.416667
vt 0.270833 0.500000
vt 0.270833 0.583333
vt 0.270833 0.666667
vt 0.270833 0.750000
vt 0.270833 0.833333
vt 0.270833 0.916667
vt 0.270833 1.000000
vt 0.270833 0.000000
vt 0.270833 0.083333
vt 0.270833 0.166667
vt 0.270833 0.250000
vt 0.270833 0.333333
vt 0.270833 0.416667
vt 0.291667 0.500000
vt 0.291667 0.583333
vt 0.291667 0.666667
vt 0.291667 0.750000
vt 0.291667 0.833333
vt 0.291667 0.916667
vt 0.291667 1.000000
vt 0.291667 0.000000
vt 0.291667 0.083333
vt 0.291667 0.166667
vt 0.291667 0.250000
vt 0.291667 0.333333
vt 0.291667 0.416667
vt 0.312500 0.500000
vt 0.312500 0.583333
vt 0.312500 0.666667
vt 0.312500 0.750000
vt 0.312500 0.833333
vt 0.312500 0.916667
vt 0.312500 1.000000
vt 0.312500 0.000000
vt 0.312500 0.083333
vt 0.312500 0.166667
vt 0.312500 0.250000
vt 0.312500 0.333333
vt 0.312500 0.416667
vt 0.333333 0.500000
vt 0.333333 0.583333
vt 0.333333 0.666667
vt 0.333333 0.750000
vt 0.333333 0.833333
vt 0.333333 0.916667
vt 0.333333 1.000000
vt 0.333333 0.000000
vt 0.333333 0.083333
vt 0.333333 0.166667
vt 0.333333 0.250000
vt 0.333333 0.333333
vt 0.333333 0.416667
vt 0.354167 0.500000
vt 0.354167 0.583333
vt 0.354167 0.666667
vt 0.354167 0.750000
vt 0.354167 0.833333
vt 0.354167 0.916667
vt 0.354167 1.000000
vt 0.354167 0.000000
vt 0.354167 0.083333
vt 0.354167 0.166667
vt 0.354167 0.250000
vt 0.354167 0.333333
vt 0.354167 0.416667
vt 0.375000 0.500000
vt 0.375000 0.583333
vt 0.375000 0.666667
vt 0.375000 0.750000
vt 0.375000 0.833333
vt 0.375000 0.916667
vt 0.375000 1.000000
vt 0.375000 0.000000
vt 0.375000 0.083333
vt 0.375000 0.166667
vt 0.375000 0.250000
vt 0.375000 0.333333
vt 0.375000 0.416667
vt 0.395833 0.500000
vt 0.395833 0.583333
vt 0.395833 0.666667
vt 0.395833 0.750000
vt 0.395833 0.833333
vt 0.395833 0.916667
vt 0.395833 1.000000
vt 0.395833 0.000000
vt 0.395833 0.083333
vt 0.395833 0.166667
vt 0.395833 0.250000
vt 0.395833 0.333333
vt 0.395833 0.416667
vt 0.416667 0.500000
vt 0.416667 0.583333
vt 0.416667 0.666667
vt 0.416667 0.750000
vt 0.416667 0.833333
vt 0.416667 0.916667
vt 0.416667 1.000000
vt 0.416667 0.000000
vt 0.416667 0.083333
vt 0.416667 0.166667
vt 0.416667 0.250000
vt 0.416667 0.333333
vt 0.416667 0.416667
vt 0.437500 0.500000
vt 0.437500 0.583333
vt 0.437500 0.666667
vt 0.437500 0.750000
vt 0.437500 0.833333
vt 0.437500 0.916667
vt 0.437500 1.000000
vt 0.437500 0.000000
vt 0.437500 0.083333
vt 0.437500 0.166667
vt 0.437500 0.250000
vt 0.437500 0.333333
vt 0.437500 0.416667
vt 0.458333 0.500000
vt 0.458333 0.583333
vt 0.458333 0.666667
vt 0.458333 0.750000
vt 0.458333 0.833333
vt 0.458333 0.916667
vt 0.458333 1.000000
vt 0.458333 0.000000
vt 0.458333 0.083333
vt 0.458333 0.166667
vt 0.458333 0.250000
vt 0.458333 0.333333
vt 0.458333 0.416667
vt 0.479167 0.500000
vt 0.479167 0.583333
vt 0.479167 0.666667
vt 0.479167 0.750000
vt 0.479167 0.833333
vt 0.479167 0.916667
vt 0.479167 1.000000
vt 0.479167 0.000000
vt 0.479167 0.083333
vt 0.479167 0.166667
vt 0.479167 0.250000
vt 0.479167 0.333333
vt 0.479167 0.416667
s 0
f 141/207/139 153/208/139 154/209/139 142/210/139
f 142/210/140 154/209/140 155/211/140 143/212/140
f 143/212/141 155/211/141 156/213/141 144/214/141
f 144/214/142 156/213/142 157/215/142 145/216/142
f 145/216/143 157/215/143 158/217/143 146/218/143
f 146/218/144 158/217/144 159/219/144 147/220/144
f 147/221/145 159/222/145 160/223/145 148/224/145
f 148/224/146 160/223/146 161/225/146 149/226/146
f 149/226/147 161/225/147 162/227/147 150/228/147
f 150/228/148 162/227/148 163/229/148 151/230/148
f 151/230/149 163/229/149 164/231/149 152/232/149
f 152/232/150 164/231/150 153/208/150 141/207/150
f 153/208/151 165/233/151 166/234/151 154/209/151
f 154/209/152 166/234/152 167/235/152 155/211/152
f 155/211/153 167/235/153 168/236/153 156/213/153
f 156/213/154 168/236/154 169/237/154 157/215/154
f 157/215/155 169/237/155 170/238/155 158/217/155
f 158/217/156 170/238/156 171/239/156 159/219/156
f 159/222/157 171/240/157 172/241/157 160/223/157
f 160/223/158 172/241/158 173/242/158 161/225/158
f 161/225/159 173/242/159 174/243/159 162/227/159
f 162/227/160 174/243/160 175/244/160 163/229/160
f 163/229/161 175/244/161 176/245/161 164/231/161
f 164/231/162 176/245/162 165/233/162 153/208/162
f 165/233/163 177/246/163 178/247/163 166/234/163
f 166/234/164 178/247/164 179/248/164 167/235/164
f 167/235/165 179/248/165 180/249/165 168/236/165
f 168/236/166 180/249/166 181/250/166 169/237/166
f 169/237/167 181/250/167 182/251/167 170/238/167
f 170/238/168 182/251/168 183/252/168 171/239/168
f 171/240/169 183/253/169 184/254/169 172/241/169
f 172/241/170 184/254/170 185/255/170 173/242/170
f 173/242/171 185/255/171 186/256/171 174/243/171
f 174/243/172 186/256/172 187/257/172 175/244/172
f 175/244/173 187/257/173 188/258/173 176/245/173
f 176/245/174 188/258/174 177/246/174 165/233/174
f 177/246/175 189/259/175 190/260/175 178/247/175
f 178/247/176 190/260/176 191/261/176 179/248/176
f 179/248/177 191/261/177 192/262/177 180/249/177
f 180/249/178 192/262/178 193/263/178 181/250/178
f 181/250/179 193/263/179 194/264/179 182/251/179
f 182/251/180 194/264/180 195/265/180 183/252/180
f 183/253/181 195/266/181 196/267/181 184/254/181
f 184/254/182 196/267/182 197/268/182 185/255/182
f 185/255/183 197/268/183 198/269/183 186/256/183
f 186/256/184 198/269/184 199/270/184 187/257/184
f 187/257/185 199/270/185 200/271/185 188/258/185
f 188/258/186 200/271/186 189/259/186 177/246/186
f 189/259/187 201/272/187 202/273/187 190/260/187
f 190/260/188 202/273/188 203/274/188 191/261/188
f 191/261/189 203/274/189 204/275/189 192/262/189
f 192/262/190 204/275/190 205/276/190 193/263/190
f 193/263/191 205/276/191 206/277/191 194/264/191
f 194/264/192 206/277/192 207/278/192 195/265/192
f 195/266/193 207/279/193 208/280/193 196/267/193
f 196/267/194 208/280/194 209/281/194 197/268/194
f 197/268/195 209/281/195 210/282/195 198/269/195
f 198/269/196 210/282/196 211/283/196 199/270/196
f 199/270/197 211/283/197 212/284/197 200/271/197
f 200/271/198 212/284/198 201/272/198 189/259/198
f 201/272/199 213/285/199 214/286/199 202/273/199
f 202/273/200 214/286/200 215/287/200 203/274/200
f 203/274/201 215/287/201 216/288/201 204/275/201
f 204/275/202 216/288/202 217/289/202 205/276/202
f 205/276/203 217/289/203 218/290/203 206/277/203
f 206/277/204 218/290/204 219/291/204 207/278/204
f 207/279/205 219/292/205 220/293/205 208/280/205
f 208/280/206 220/293/206 221/294/206 209/281/206
f 209/281/207 221/294/207 222/295/207 210/282/207
f 210/282/208 222/295/208 223/296/208 211/283/208
f 211/283/209 223/296/209 224/297/209 212/284/209
f 212/284/210 224/297/210 213/285/210 201/272/210
f 213/285/211 225/298/211 226/299/211 214/286/211
f 214/286/212 226/299/212 227/300/212 215/287/212
f 215/287/213 227/300/213 228/301/213 216/288/213
f 216/288/214 228/301/214 229/302/214 217/289/214
f 217/289/215 229/302/215 230/303/215 218/290/215
f 218/290/216 230/303/216 231/304/216 219/291/216
f 219/292/217 231/305/217 232/306/217 220/293/217
f 220/293/218 232/306/218 233/307/218 221/294/218
f 221/294/219 233/307/219 234/308/219 222/295/219
f 222/295/220 234/308/220 235/309/220 223/296/220
f 223/296/221 235/309/221 236/310/221 224/297/221
f 224/297/222 236/310/222 225/298/222 213/285/222
f 225/298/223 237/311/223 238/312/223 226/299/223
f 226/299/224 238/312/224 239/313/224 227/300/224
f 227/300/225 239/313/225 240/314/225 228/301/225
f 228/301/226 240/314/226 241/315/226 229/302/226
f 229/302/227 241/315/227 242/316/227 230/303/227
f 230/303/228 242/316/228 243/317/228 231/304/228
f 231/305/229 243/318/229 244/319/229 232/306/229
f 232/306/230 244/319/230 245/320/230 233/307/230
f 233/307/231 245/320/231 246/321/231 234/308/231
f 234/308/232 246/321/232 247/322/232 235/309/232
f 235/309/233 247/322/233 248/323/233 236/310/233
f 236/310/234 248/323/234 237/311/234 225/298/234
f 237/311/235 249/324/235 250/325/235 238/312/235
f 238/312/236 250/325/236 251/326/236 239/313/236
f 239/313/237 251/326/237 252/327/237 240/314/237
f 240/314/238 252/327/238 253/328/238 241/315/238
f 241/315/239 253/328/239 254/329/239 242/316/239
f 242/316/240 254/329/240 255/330/240 243/317/240
f 243/318/241 255/331/241 256/332/241 244/319/241
f 244/319/242 256/332/242 257/333/242 245/320/242
f 245/320/243 257/333/243 258/334/243 246/321/243
f 246/321/244 258/334/244 259/335/244 247/322/244
f 247/322/245 259/335/245 260/336/245 248/323/245
f 248/323/246 260/336/246 249/324/246 237/311/246
f 249/324/247 261/337/247 262/338/247 250/325/247
f 250/325/248 262/338/248 263/339/248 251/326/248
f 251/326/249 263/339/249 264/340/249 252/327/249
f 252/327/250 264/340/250 265/341/250 253/328/250
f 253/328/251 265/341/251 266/342/251 254/329/251
f 254/329/252 266/342/252 267/343/252 255/330/252
f 255/331/253 267/344/253 268/345/253 256/332/253
f 256/332/254 268/345/254 269/346/254 257/333/254
f 257/333/255 269/346/255 270/347/255 258/334/255
f 258/334/256 270/347/256 271/348/256 259/335/256
f 259/335/257 271/348/257 272/349/257 260/336/257
f 260/336/258 272/349/258 261/337/258 249/324/258
f 261/337/259 273/350/259 274/351/259 262/338/259
f 262/338/260 274/351/260 275/352/260 263/339/260
f 263/339/261 275/352/261 276/353/261 264/340/261
f 264/340/262 276/353/262 277/354/262 265/341/262
f 265/341/263 277/354/263 278/355/263 266/342/263
f 266/342/264 278/355/264 279/356/264 267/343/264
f 267/344/265 279/357/265 280/358/265 268/345/265
f 268/345/266 280/358/266 281/359/266 269/346/266
f 269/346/267 281/359/267 282/360/267 270/347/267
f 270/347/268 282/360/268 283/361/268 271/348/268
f 271/348/269 283/361/269 284/362/269 272/349/269
f 272/349/270 284/362/270 273/350/270 261/337/270
f 273/350/271 285/363/271 286/364/271 274/351/271
f 274/351/272 286/364/272 287/365/272 275/352/272
f 275/352/273 287/365/273 288/366/273 276/353/273
f 276/353/274 288/366/274 289/367/274 277/354/274
f 277/354/275 289/367/275 290/368/275 278/355/275
f 278/355/276 290/368/276 291/369/276 279/356/276
f 279/357/277 291/370/277 292/371/277 280/358/277
f 280/358/278 292/371/278 293/372/278 281/359/278
f 281/359/279 293/372/279 294/373/279 282/360/279
f 282/360/280 294/373/280 295/374/280 283/361/280
f 283/361/281 295/374/281 296/375/281 284/362/281
f 284/362/282 296/375/282 285/363/282 273/350/282
f 285/363/283 297/376/283 298/377/283 286/364/283
f 286/364/284 298/377/284 299/378/284 287/365/284
f 287/365/285 299/378/285 300/379/285 288/366/285
f 288/366/286 300/379/286 301/380/286 289/367/286
f 289/367/287 301/380/287 302/381/287 290/368/287
f 290/368/288 302/381/288 303/382/288 291/369/288
f 291/370/289 303/383/289 304/384/289 292/371/289
f 292/371/290 304/384/290 305/385/290 293/372/290
f 293/372/291 305/385/291 306/386/291 294/373/291
f 294/373/292 306/386/292 307/387/292 295/374/292
f 295/374/293 307/387/293 308/388/293 296/375/293
f 296/375/294 308/388/294 297/376/294 285/363/294
f 297/376/295 309/389/295 310/390/295 298/377/295
f 298/377/296 310/390/296 311/391/296 299/378/296
f 299/378/297 311/391/297 312/392/297 300/379/297
f 300/379/298 312/392/298 313/393/298 301/380/298
f 301/380/299 313/393/299 314/394/299 302/381/299
f 302/381/300 314/394/300 315/395/300 303/382/300
f 303/383/301 315/396/301 316/397/301 304/384/301
f 304/384/302 316/397/302 317/398/302 305/385/302
f 305/385/303 317/398/303 318/399/303 306/386/303
f 306/386/304 318/399/304 319/400/304 307/387/304
f 307/387/305 319/400/305 320/401/305 308/388/305
f 308/388/306 320/401/306 309/389/306 297/376/306
f 309/389/307 321/402/307 322/403/307 310/390/307
f 310/390/308 322/403/308 323/404/308 311/391/308
f 311/391/309 323/404/309 324/405/309 312/392/309
f 312/392/310 324/405/310 325/406/310 313/393/310
f 313/393/311 325/406/311 326/407/311 314/394/311
f 314/394/312 326/407/312 327/408/312 315/395/312
f 315/396/313 327/409/313 328/410/313 316/397/313
f 316/397/314 328/410/314 329/411/314 317/398/314
f 317/398/315 329/411/315 330/412/315 318/399/315
f 318/399/316 330/412/316 331/413/316 319/400/316
f 319/400/317 331/413/317 332/414/317 320/401/317
f 320/401/318 332/414/318 321/402/318 309/389/318
f 321/402/319 333/415/319 334/416/319 322/403/319
f 322/403/320 334/416/320 335/417/320 323/404/320
f 323/404/321 335/417/321 336/418/321 324/405/321
f 324/405/322 336/418/322 337/419/322 325/406/322
f 325/406/323 337/419/323 338/420/323 326/407/323
f 326/407/324 338/420/324 339/421/324 327/408/324
f 327/409/325 339/422/325 340/423/325 328/410/325
f 328/410/326 340/423/326 341/424/326 329/411/326
f 329/411/327 341/424/327 342/425/327 330/412/327
f 330/412/328 342/425/328 343/426/328 331/413/328
f 331/413/329 343/426/329 344/427/329 332/414/329
f 332/414/330 344/427/330 333/415/330 321/402/330
f 333/415/331 345/428/331 346/429/331 334/416/331
f 334/416/332 346/429/332 347/430/332 335/417/332
f 335/417/333 347/430/333 348/431/333 336/418/333
f 336/418/334 348/431/334 349/432/334 337/419/334
f 337/419/335 349/432/335 350/433/335 338/420/335
f 338/420/336 350/433/336 351/434/336 339/421/336
f 339/422/337 351/435/337 352/436/337 340/423/337
f 340/423/338 352/436/338 353/437/338 341/424/338
f 341/424/339 353/437/339 354/438/339 342/425/339
f 342/425/340 354/438/340 355/439/340 343/426/340
f 343/426/341 355/439/341 356/440/341 344/427/341
f 344/427/342 356/440/342 345/428/342 333/415/342
f 345/428/343 357/441/343 358/442/343 346/429/343
f 346/429/344 358/442/344 359/443/344 347/430/344
f 347/430/345 359/443/345 360/444/345 348/431/345
f 348/431/346 360/444/346 361/445/346 349/432/346
f 349/432/347 361/445/347 362/446/347 350/433/347
f 350/433/348 362/446/348 363/447/348 351/434/348
f 351/435/349 363/448/349 364/449/349 352/436/349
f 352/436/350 364/449/350 365/450/350 353/437/350
f 353/437/351 365/450/351 366/451/351 354/438/351
f 354/438/352 366/451/352 367/452/352 355/439/352
f 355/439/353 367/452/353 368/453/353 356/440/353
f 356/440/354 368/453/354 357/441/354 345/428/354
f 357/441/355 369/454/355 370/455/355 358/442/355
f 358/442/356 370/455/356 371/456/356 359/443/356
f 359/443/357 371/456/357 372/457/357 360/444/357
f 360/444/358 372/457/358 373/458/358 361/445/358
f 361/445/359 373/458/359 374/459/359 362/446/359
f 362/446/360 374/459/360 375/460/360 363/447/360
f 363/448/361 375/461/361 376/462/361 364/449/361
f 364/449/362 376/462/362 377/463/362 365/450/362
f 365/450/363 377/463/363 378/464/363 366/451/363
f 366/451/364 378/464/364 379/465/364 367/452/364
f 367/452/365 379/465/365 380/466/365 368/453/365
f 368/453/366 380/466/366 369/454/366 357/441/366
f 369/454/367 381/467/367 382/468/367 370/455/367
f 370/455/368 382/468/368 383/469/368 371/456/368
f 371/456/369 383/469/369 384/470/369 372/457/369
f 372/457/370 384/470/370 385/471/370 373/458/370
f 373/458/371 385/471/371 386/472/371 374/459/371
f 374/459/372 386/472/372 387/473/372 375/460/372
f 375/461/373 387/474/373 388/475/373 376/462/373
f 376/462/374 388/475/374 389/476/374 377/463/374
f 377/463/375 389/476/375 390/477/375 378/464/375
f 378/464/376 390/477/376 391/478/376 379/465/376
f 379/465/377 391/478/377 392/479/377 380/466/377
f 380/466/378 392/479/378 381/467/378 369/454/378
f 381/467/379 393/480/379 394/481/379 382/468/379
f 382/468/380 394/481/380 395/482/380 383/469/380
f 383/469/381 395/482/381 396/483/381 384/470/381
f 384/470/382 396/483/382 397/484/382 385/471/382
f 385/471/383 397/484/383 398/485/383 386/472/383
f 386/472/384 398/485/384 399/486/384 387/473/384
f 387/474/385 399/487/385 400/488/385 388/475/385
f 388/475/386 400/488/386 401/489/386 389/476/386
f 389/476/387 401/489/387 402/490/387 390/477/387
f 390/477/388 402/490/388 403/491/388 391/478/388
f 391/478/389 403/491/389 404/492/389 392/479/389
f 392/479/390 404/492/390 393/480/390 381/467/390
f 393/480/391 405/493/391 406/494/391 394/481/391
f 394/481/392 406/494/392 407/495/392 395/482/392
f 395/482/393 407/495/393 408/496/393 396/483/393
f 396/483/394 408/496/394 409/497/394 397/484/394
f 397/484/395 409/497/395 410/498/395 398/485/395
f 398/485/396 410/498/396 411/499/396 399/486/396
f 399/487/397 411/500/397 412/501/397 400/488/397
f 400/488/398 412/501/398 413/502/398 401/489/398
f 401/489/399 413/502/399 414/503/399 402/490/399
f 402/490/400 414/503/400 415/504/400 403/491/400
f 403/491/401 415/504/401 416/505/401 404/492/401
f 404/492/402 416/505/402 405/493/402 393/480/402
f 405/493/403 417/506/403 418/507/403 406/494/403
f 406/494/404 418/507/404 419/508/404 407/495/404
f 407/495/405 419/508/405 420/509/405 408/496/405
f 408/496/406 420/509/406 421/510/406 409/497/406
f 409/497/407 421/510/407 422/511/407 410/498/407
f 410/498/408 422/511/408 423/512/408 411/499/408
f 411/500/409 423/513/409 424/514/409 412/501/409
f 412/501/410 424/514/410 425/515/410 413/502/410
f 413/502/411 425/515/411 426/516/411 414/503/411
f 414/503/412 426/516/412 427/517/412 415/504/412
f 415/504/413 427/517/413 428/518/413 416/505/413
f 416/505/414 428/518/414 417/506/414 405/493/414
f 417/506/415 429/519/415 430/520/415 418/507/415
f 418/507/416 430/520/416 431/521/416 419/508/416
f 419/508/417 431/521/417 432/522/417 420/509/417
f 420/509/418 432/522/418 433/523/418 421/510/418
f 421/510/419 433/523/419 434/524/419 422/511/419
f 422/511/420 434/524/420 435/525/420 423/512/420
f 423/513/421 435/526/421 436/527/421 424/514/421
f 424/514/422 436/527/422 437/528/422 425/515/422
f 425/515/423 437/528/423 438/529/423 426/516/423
f 426/516/424 438/529/424 439/530/424 427/517/424
f 427/517/425 439/530/425 440/531/425 428/518/425
f 428/518/426 440/531/426 429/519/426 417/506/426
f 429/532/144 441/533/144 442/534/144 430/535/144
f 430/535/143 442/534/143 443/536/143 431/537/143
f 431/537/142 443/536/142 444/538/142 432/539/142
f 432/539/141 444/538/141 445/540/141 433/541/141
f 433/541/140 445/540/140 446/542/140 434/543/140
f 434/543/139 446/542/139 447/544/139 435/545/139
f 435/546/150 447/547/150 448/548/150 436/549/150
f 436/549/149 448/548/149 449/550/149 437/551/149
f 437/551/148 449/550/148 450/552/148 438/553/148
f 438/553/147 450/552/147 451/554/147 439/555/147
f 439/555/146 451/554/146 452/556/146 440/557/146
f 440/557/145 452/556/145 441/533/145 429/532/145
f 441/533/156 453/558/156 454/559/156 442/534/156
f 442/534/155 454/559/155 455/560/155 443/536/155
f 443/536/154 455/560/154 456/561/154 444/538/154
f 444/538/153 456/561/153 457/562/153 445/540/153
f 445/540/152 457/562/152 458/563/152 446/542/152
f 446/542/151 458/563/151 459/564/151 447/544/151
f 447/547/162 459/565/162 460/566/162 448/548/162
f 448/548/161 460/566/161 461/567/161 449/550/161
f 449/550/160 461/567/160 462/568/160 450/552/160
f 450/552/159 462/568/159 463/569/159 451/554/159
f 451/554/158 463/569/158 464/570/158 452/556/158
f 452/556/157 464/570/157 453/558/157 441/533/157
f 453/558/168 465/571/168 466/572/168 454/559/168
f 454/559/167 466/572/167 467/573/167 455/560/167
f 455/560/166 467/573/166 468/574/166 456/561/166
f 456/561/165 468/574/165 469/575/165 457/562/165
f 457/562/164 469/575/164 470/576/164 458/563/164
f 458/563/163 470/576/163 471/577/163 459/564/163
f 459/565/174 471/578/174 472/579/174 460/566/174
f 460/566/173 472/579/173 473/580/173 461/567/173
f 461/567/172 473/580/172 474/581/172 462/568/172
f 462/568/171 474/581/171 475/582/171 463/569/171
f 463/569/170 475/582/170 476/583/170 464/570/170
f 464/570/169 476/583/169 465/571/169 453/558/169
f 465/571/180 477/584/180 478/585/180 466/572/180
f 466/572/179 478/585/179 479/586/179 467/573/179
f 467/573/178 479/586/178 480/587/178 468/574/178
f 468/574/177 480/587/177 481/588/177 469/575/177
f 469/575/176 481/588/176 482/589/176 470/576/176
f 470/576/175 482/589/175 483/590/175 471/577/175
f 471/578/186 483/591/186 484/592/186 472/579/186
f 472/579/185 484/592/185 485/593/185 473/580/185
f 473/580/184 485/593/184 486/594/184 474/581/184
f 474/581/183 486/594/183 487/595/183 475/582/183
f 475/582/182 487/595/182 488/596/182 476/583/182
f 476/583/181 488/596/181 477/584/181 465/571/181
f 477/584/192 489/597/192 490/598/192 478/585/192
f 478/585/191 490/598/191 491/599/191 479/586/191
f 479/586/190 491/599/190 492/600/190 480/587/190
f 480/587/189 492/600/189 493/601/189 481/588/189
f 481/588/188 493/601/188 494/602/188 482/589/188
f 482/589/187 494/602/187 495/603/187 483/590/187
f 483/591/198 495/604/198 496/605/198 484/592/198
f 484/592/197 496/605/197 497/606/197 485/593/197
f 485/593/196 497/606/196 498/607/196 486/594/196
f 486/594/195 498/607/195 499/608/195 487/595/195
f 487/595/194 499/608/194 500/609/194 488/596/194
f 488/596/193 500/609/193 489/597/193 477/584/193
f 489/597/204 501/610/204 502/611/204 490/598/204
f 490/598/203 502/611/203 503/612/203 491/599/203
f 491/599/202 503/612/202 504/613/202 492/600/202
f 492/600/201 504/613/201 505/614/201 493/601/201
f 493/601/200 505/614/200 506/615/200 494/602/200
f 494/602/199 506/615/199 507/616/199 495/603/199
f 495/604/210 507/617/210 508/618/210 496/605/210
f 496/605/209 508/618/209 509/619/209 497/606/209
f 497/606/208 509/619/208 510/620/208 498/607/208
f 498/607/207 510/620/207 511/621/207 499/608/207
f 499/608/206 511/621/206 512/622/206 500/609/206
f 500/609/205 512/622/205 501/610/205 489/597/205
f 501/610/216 513/623/216 514/624/216 502/611/216
f 502/611/215 514/624/215 515/625/215 503/612/215
f 503/612/214 515/625/214 516/626/214 504/613/214
f 504/613/213 516/626/213 517/627/213 505/614/213
f 505/614/212 517/627/212 518/628/212 506/615/212
f 506/615/211 518/628/211 519/629/211 507/616/211
f 507/617/222 519/630/222 520/631/222 508/618/222
f 508/618/221 520/631/221 521/632/221 509/619/221
f 509/619/220 521/632/220 522/633/220 510/620/220
f 510/620/219 522/633/219 523/634/219 511/621/219
f 511/621/218 523/634/218 524/635/218 512/622/218
f 512/622/217 524/635/217 513/623/217 501/610/217
f 513/623/228 525/636/228 526/637/228 514/624/228
f 514/624/227 526/637/227 527/638/227 515/625/227
f 515/625/226 527/638/226 528/639/226 516/626/226
f 516/626/225 528/639/225 529/640/225 517/627/225
f 517/627/224 529/640/224 530/641/224 518/628/224
f 518/628/223 530/641/223 531/642/223 519/629/223
f 519/630/234 531/643/234 532/644/234 520/631/234
f 520/631/233 532/644/233 533/645/233 521/632/233
f 521/632/232 533/645/232 534/646/232 522/633/232
f 522/633/231 534/646/231 535/647/231 523/634/231
f 523/634/230 535/647/230 536/648/230 524/635/230
f 524/635/229 536/648/229 525/636/229 513/623/229
f 525/636/240 537/649/240 538/650/240 526/637/240
f 526/637/239 538/650/239 539/651/239 527/638/239
f 527/638/238 539/651/238 540/652/238 528/639/238
f 528/639/237 540/652/237 541/653/237 529/640/237
f 529/640/236 541/653/236 542/654/236 530/641/236
f 530/641/235 542/654/235 543/655/235 531/642/235
f 531/643/246 543/656/246 544/657/246 532/644/246
f 532/644/245 544/657/245 545/658/245 533/645/245
f 533/645/244 545/658/244 546/659/244 534/646/244
f 534/646/243 546/659/243 547/660/243 535/647/243
f 535/647/242 547/660/242 548/661/242 536/648/242
f 536/648/241 548/661/241 537/649/241 525/636/241
f 537/649/252 549/662/252 550/663/252 538/650/252
f 538/650/251 550/663/251 551/664/251 539/651/251
f 539/651/250 551/664/250 552/665/250 540/652/250
f 540/652/249 552/665/249 553/666/249 541/653/249
f 541/653/248 553/666/248 554/667/248 542/654/248
f 542/654/247 554/667/247 555/668/247 543/655/247
f 543/656/258 555/669/258 556/670/258 544/657/258
f 544/657/257 556/670/257 557/671/257 545/658/257
f 545/658/256 557/671/256 558/672/256 546/659/256
f 546/659/255 558/672/255 559/673/255 547/660/255
f 547/660/254 559/673/254 560/674/254 548/661/254
f 548/661/253 560/674/253 549/662/253 537/649/253
f 549/662/264 561/675/264 562/676/264 550/663/264
f 550/663/263 562/676/263 563/677/263 551/664/263
f 551/664/262 563/677/262 564/678/262 552/665/262
f 552/665/261 564/678/261 565/679/261 553/666/261
f 553/666/260 565/679/260 566/680/260 554/667/260
f 554/667/259 566/680/259 567/681/259 555/668/259
f 555/669/270 567/682/270 568/683/270 556/670/270
f 556/670/269 568/683/269 569/684/269 557/671/269
f 557/671/268 569/684/268 570/685/268 558/672/268
f 558/672/267 570/685/267 571/686/267 559/673/267
f 559/673/266 571/686/266 572/687/266 560/674/266
f 560/674/265 572/687/265 561/675/265 549/662/265
f 561/675/276 573/688/276 574/689/276 562/676/276
f 562/676/275 574/689/275 575/690/275 563/677/275
f 563/677/274 575/690/274 576/691/274 564/678/274
f 564/678/273 576/691/273 577/692/273 565/679/273
f 565/679/272 577/692/272 578/693/272 566/680/272
f 566/680/271 578/693/271 579/694/271 567/681/271
f 567/682/282 579/695/282 580/696/282 568/683/282
f 568/683/281 580/696/281 581/697/281 569/684/281
f 569/684/280 581/697/280 582/698/280 570/685/280
f 570/685/279 582/698/279 583/699/279 571/686/279
f 571/686/278 583/699/278 584/700/278 572/687/278
f 572/687/277 584/700/277 573/688/277 561/675/277
f 573/688/288 585/701/288 586/702/288 574/689/288
f 574/689/287 586/702/287 587/703/287 575/690/287
f 575/690/286 587/703/286 588/704/286 576/691/286
f 576/691/285 588/704/285 589/705/285 577/692/285
f 577/692/284 589/705/284 590/706/284 578/693/284
f 578/693/283 590/706/283 591/707/283 579/694/283
f 579/695/294 591/708/294 592/709/294 580/696/294
f 580/696/293 592/709/293 593/710/293 581/697/293
f 581/697/292 593/710/292 594/711/292 582/698/292
f 582/698/291 594/711/291 595/712/291 583/699/291
f 583/699/290 595/712/290 596/713/290 584/700/290
f 584/700/289 596/713/289 585/701/289 573/688/289
f 585/701/300 597/714/300 598/715/300 586/702/300
f 586/702/299 598/715/299 599/716/299 587/703/299
f 587/703/298 599/716/298 600/717/298 588/704/298
f 588/704/297 600/717/297 601/718/297 589/705/297
f 589/705/296 601/718/296 602/719/296 590/706/296
f 590/706/295 602/719/295 603/720/295 591/707/295
f 591/708/306 603/721/306 604/722/306 592/709/306
f 592/709/305 604/722/305 605/723/305 593/710/305
f 593/710/304 605/723/304 606/724/304 594/711/304
f 594/711/303 606/724/303 607/725/303 595/712/303
f 595/712/302 607/725/302 608/726/302 596/713/302
f 596/713/301 608/726/301 597/714/301 585/701/301
f 597/714/312 609/727/312 610/728/312 598/715/312
f 598/715/311 610/728/311 611/729/311 599/716/311
f 599/716/310 611/729/310 612/730/310 600/717/310
f 600/717/309 612/730/309 613/731/309 601/718/309
f 601/718/308 613/731/308 614/732/308 602/719/308
f 602/719/307 614/732/307 615/733/307 603/720/307
f 603/721/318 615/734/318 616/735/318 604/722/318
f 604/722/317 616/735/317 617/736/317 605/723/317
f 605/723/316 617/736/316 618/737/316 606/724/316
f 606/724/315 618/737/315 619/738/315 607/725/315
f 607/725/314 619/738/314 620/739/314 608/726/314
f 608/726/313 620/739/313 609/727/313 597/714/313
f 609/727/324 621/740/324 622/741/324 610/728/324
f 610/728/323 622/741/323 623/742/323 611/729/323
f 611/729/322 623/742/322 624/743/322 612/730/322
f 612/730/321 624/743/321 625/744/321 613/731/321
f 613/731/320 625/744/320 626/745/320 614/732/320
f 614/732/319 626/745/319 627/746/319 615/733/319
f 615/734/330 627/747/330 628/748/330 616/735/330
f 616/735/329 628/748/329 629/749/329 617/736/329
f 617/736/328 629/749/328 630/750/328 618/737/328
f 618/737/327 630/750/327 631/751/327 619/738/327
f 619/738/326 631/751/326 632/752/326 620/739/326
f 620/739/325 632/752/325 621/740/325 609/727/325
f 621/740/336 633/753/336 634/754/336 622/741/336
f 622/741/335 634/754/335 635/755/335 623/742/335
f 623/742/334 635/755/334 636/756/334 624/743/334
f 624/743/333 636/756/333 637/757/333 625/744/333
f 625/744/332 637/757/332 638/758/332 626/745/332
f 626/745/331 638/758/331 639/759/331 627/746/331
f 627/747/342 639/760/342 640/761/342 628/748/342
f 628/748/341 640/761/341 641/762/341 629/749/341
f 629/749/340 641/762/340 642/763/340 630/750/340
f 630/750/339 642/763/339 643/764/339 631/751/339
f 631/751/338 643/764/338 644/765/338 632/752/338
f 632/752/337 644/765/337 633/753/337 621/740/337
f 633/753/348 645/766/348 646/767/348 634/754/348
f 634/754/347 646/767/347 647/768/347 635/755/347
f 635/755/346 647/768/346 648/769/346 636/756/346
f 636/756/345 648/769/345 649/770/345 637/757/345
f 637/757/344 649/770/344 650/771/344 638/758/344
f 638/758/343 650/771/343 651/772/343 639/759/343
f 639/760/354 651/773/354 652/774/354 640/761/354
f 640/761/353 652/774/353 653/775/353 641/762/353
f 641/762/352 653/775/352 654/776/352 642/763/352
f 642/763/351 654/776/351 655/777/351 643/764/351
f 643/764/350 655/777/350 656/778/350 644/765/350
f 644/765/349 656/778/349 645/766/349 633/753/349
f 645/766/360 657/779/360 658/780/360 646/767/360
f 646/767/359 658/780/359 659/781/359 647/768/359
f 647/768/358 659/781/358 660/782/358 648/769/358
f 648/769/357 660/782/357 661/783/357 649/770/357
f 649/770/356 661/783/356 662/784/356 650/771/356
f 650/771/355 662/784/355 663/785/355 651/772/355
f 651/773/366 663/786/366 664/787/366 652/774/366
f 652/774/365 664/787/365 665/788/365 653/775/365
f 653/775/364 665/788/364 666/789/364 654/776/364
f 654/776/363 666/789/363 667/790/363 655/777/363
f 655/777/362 667/790/362 668/791/362 656/778/362
f 656/778/361 668/791/361 657/779/361 645/766/361
f 657/779/372 669/792/372 670/793/372 658/780/372
f 658/780/371 670/793/371 671/794/371 659/781/371
f 659/781/370 671/794/370 672/795/370 660/782/370
f 660/782/369 672/795/369 673/796/369 661/783/369
f 661/783/368 673/796/368 674/797/368 662/784/368
f 662/784/367 674/797/367 675/798/367 663/785/367
f 663/786/378 675/799/378 676/800/378 664/787/378
f 664/787/377 676/800/377 677/801/377 665/788/377
f 665/788/376 677/801/376 678/802/376 666/789/376
f 666/789/375 678/802/375 679/803/375 667/790/375
f 667/790/374 679/803/374 680/804/374 668/791/374
f 668/791/373 680/804/373 669/792/373 657/779/373
f 669/792/384 681/805/384 682/806/384 670/793/384
f 670/793/383 682/806/383 683/807/383 671/794/383
f 671/794/382 683/807/382 684/808/382 672/795/382
f 672/795/381 684/808/381 685/809/381 673/796/381
f 673/796/380 685/809/380 686/810/380 674/797/380
f 674/797/379 686/810/379 687/811/379 675/798/379
f 675/799/390 687/812/390 688/813/390 676/800/390
f 676/800/389 688/813/389 689/814/389 677/801/389
f 677/801/388 689/814/388 690/815/388 678/802/388
f 678/802/387 690/815/387 691/816/387 679/803/387
f 679/803/386 691/816/386 692/817/386 680/804/386
f 680/804/385 692/817/385 681/805/385 669/792/385
f 681/805/396 693/818/396 694/819/396 682/806/396
f 682/806/395 694/819/395 695/820/395 683/807/395
f 683/807/394 695/820/394 696/821/394 684/808/394
f 684/808/393 696/821/393 697/822/393 685/809/393
f 685/809/392 697/822/392 698/823/392 686/810/392
f 686/810/391 698/823/391 699/824/391 687/811/391
f 687/812/402 699/825/402 700/826/402 688/813/402
f 688/813/401 700/826/401 701/827/401 689/814/401
f 689/814/400 701/827/400 702/828/400 690/815/400
f 690/815/399 702/828/399 703/829/399 691/816/399
f 691/816/398 703/829/398 704/830/398 692/817/398
f 692/817/397 704/830/397 693/818/397 681/805/397
f 693/818/408 705/831/408 706/832/408 694/819/408
f 694/819/407 706/832/407 707/833/407 695/820/407
f 695/820/406 707/833/406 708/834/406 696/821/406
f 696/821/405 708/834/405 709/835/405 697/822/405
f 697/822/404 709/835/404 710/836/404 698/823/404
f 698/823/403 710/836/403 711/837/403 699/824/403
f 699/825/414 711/838/414 712/839/414 700/826/414
f 700/826/413 712/839/413 713/840/413 701/827/413
f 701/827/412 713/840/412 714/841/412 702/828/412
f 702/828/411 714/841/411 715/842/411 703/829/411
f 703/829/410 715/842/410 716/843/410 704/830/410
f 704/830/409 716/843/409 705/831/409 693/818/409
f 705/831/420 141/207/420 142/210/420 706/832/420
f 706/832/419 142/210/419 143/212/419 707/833/419
f 707/833/418 143/212/418 144/214/418 708/834/418
f 708/834/417 144/214/417 145/216/417 709/835/417
f 709/835/416 145/216/416 146/218/416 710/836/416
f 710/836/415 146/218/415 147/220/415 711/837/415
f 711/838/426 147/221/426 148/224/426 712/839/426
f 712/839/425 148/224/425 149/226/425 713/840/425
f 713/840/424 149/226/424 150/228/424 714/841/424
f 714/841/423 150/228/423 151/230/423 715/842/423
f 715/842/422 151/230/422 152/232/422 716/843/422
f 716/843/421 152/232/421 141/207/421 705/831/421
o Cube.001
v -0.103981 0.022507 -0.970601
v -0.103981 -0.044514 -0.970601
v -0.103981 0.022507 0.012627
v -0.103981 -0.044514 0.012627
v -0.865832 0.022507 -0.970601
v -0.865832 -0.044514 -0.970601
v -0.865832 0.022507 0.012627
v -0.865832 -0.044514 0.012627
v -0.865832 -0.044514 -0.015955
v -0.103981 0.022507 -0.015955
v -0.865832 0.022507 -0.015955
v -0.103981 -0.044514 -0.015955
v -0.865832 0.022507 -0.933727
v -0.103981 -0.044514 -0.933727
v -0.865832 -0.044514 -0.933727
v -0.103981 0.022507 -0.933727
v -0.103981 0.169352 0.012627
v -0.865832 0.169352 0.012627
v -0.103981 0.169352 -0.015955
v -0.865832 0.169352 -0.933727
v -0.865832 0.169352 -0.970601
v -0.103981 0.169352 -0.970601
v -0.865832 0.169352 -0.015955
v -0.103981 0.169352 -0.933727
vn -0.0000 -0.0000 -1.0000
vn -0.0000 -0.0000 1.0000
vn -1.0000 -0.0000 -0.0000
vn -0.0000 -1.0000 -0.0000
vn 1.0000 -0.0000 -0.0000
vn -0.0000 1.0000 -0.0000
vt 0.625000 0.500000
vt 0.625000 0.250000
vt 0.375000 0.750000
vt 0.625000 0.750000
vt 0.625000 1.000000
vt 0.375000 1.000000
vt 0.375000 0.240624
vt 0.625000 0.240624
vt 0.375000 0.250000
vt 0.125000 0.742733
vt 0.375000 0.742733
vt 0.125000 0.750000
vt 0.625000 0.742733
vt 0.375000 0.500000
vt 0.375000 0.509376
vt 0.625000 0.509376
vt 0.125000 0.509376
vt 0.375000 0.000000
vt 0.625000 0.000000
vt 0.625000 0.007267
vt 0.375000 0.007267
vt 0.875000 0.509376
vt 0.875000 0.742733
vt 0.125000 0.500000
vt 0.875000 0.750000
vt 0.875000 0.500000
s 0
usemtl Material.001
f 717/844/427 721/845/427 737/845/427 738/844/427
f 720/846/428 719/847/428 723/848/428 724/849/428
f 731/850/429 729/851/429 721/845/429 722/852/429
f 725/853/430 728/854/430 720/846/430 724/855/430
f 728/854/431 726/856/431 719/847/431 720/846/431
f 722/852/427 721/845/427 717/844/427 718/857/427
f 730/858/431 732/859/431 726/856/431 728/854/431
f 731/860/430 730/858/430 728/854/430 725/853/430
f 724/861/429 723/862/429 727/863/429 725/864/429
f 732/859/432 729/865/432 727/866/432 726/856/432
f 732/859/431 717/844/431 738/844/431 740/859/431
f 722/867/430 718/857/430 730/858/430 731/860/430
f 718/857/431 717/844/431 732/859/431 730/858/431
f 725/864/429 727/863/429 729/851/429 731/850/429
f 735/856/432 739/866/432 734/868/432 733/847/432
f 738/844/432 737/869/432 736/865/432 740/859/432
f 726/856/427 727/866/427 739/866/427 735/856/427
f 723/848/428 719/847/428 733/847/428 734/848/428
f 729/865/428 732/859/428 740/859/428 736/865/428
f 721/845/429 729/851/429 736/851/429 737/845/429
f 719/847/431 726/856/431 735/856/431 733/847/431
f 727/863/429 723/862/429 734/862/429 739/863/429
o Küp.010
v -0.222138 6.766356 -11.616549
v -0.462548 6.714144 -11.616056
v 1.187676 0.266865 -12.469137
v 0.947265 0.214652 -12.468643
v -0.230562 6.802413 -11.905348
v -0.470972 6.750200 -11.904854
v 1.179252 0.302921 -12.757935
v 0.938841 0.250708 -12.757442
v -0.230562 6.802413 -11.905348
v -0.470972 6.750200 -11.904854
v 1.179252 0.302921 -12.757935
v 0.938841 0.250708 -12.757442
v -0.222138 6.766356 -11.616549
v -0.462548 6.714144 -11.616056
v 1.187676 0.266865 -12.469137
v 0.947265 0.214652 -12.468643
vn 0.0289 -0.1238 0.9919
vn 0.2103 -0.9693 -0.1272
vn -0.0289 0.1238 -0.9919
vn -0.2103 0.9693 0.1272
vn 0.9772 0.2122 -0.0020
vn -0.9772 -0.2122 0.0020
vt 0.375000 0.000000
vt 0.625000 0.000000
vt 0.625000 0.250000
vt 0.375000 0.250000
vt 0.625000 0.500000
vt 0.375000 0.500000
vt 0.625000 0.750000
vt 0.375000 0.750000
vt 0.625000 1.000000
vt 0.375000 1.000000
vt 0.125000 0.500000
vt 0.125000 0.750000
vt 0.875000 0.500000
vt 0.875000 0.750000
s 0
f 741/870/433 742/871/433 744/872/433 743/873/433
f 743/873/434 744/872/434 748/874/434 747/875/434
f 747/875/435 748/874/435 746/876/435 745/877/435
f 745/877/436 746/876/436 742/878/436 741/879/436
f 743/880/437 747/875/437 745/877/437 741/881/437
f 748/874/438 744/882/438 742/883/438 746/876/438
f 749/870/435 751/873/435 752/872/435 750/871/435
f 751/873/434 755/875/434 756/874/434 752/872/434
f 755/875/433 753/877/433 754/876/433 756/874/433
f 753/877/436 749/879/436 750/878/436 754/876/436
f 751/880/437 749/881/437 753/877/437 755/875/437
f 756/874/438 754/876/438 750/883/438 752/882/438
o Küp.012
v -3.488849 0.347290 -12.775920
v -3.488849 0.347290 -12.468321
v 1.866635 0.347289 -12.775919
v 1.866635 0.347289 -12.468320
v -3.488849 0.027423 -12.775920
v -3.488849 0.027423 -12.468321
v 1.866635 0.027423 -12.775919
v 1.866635 0.027423 -12.468320
vn -0.0000 1.0000 -0.0000
vn 1.0000 -0.0000 -0.0000
vn -0.0000 -1.0000 -0.0000
vn -1.0000 -0.0000 -0.0000
vn -0.0000 -0.0000 -1.0000
vn -0.0000 -0.0000 1.0000
vt 0.375000 0.000000
vt 0.625000 0.000000
vt 0.625000 0.250000
vt 0.375000 0.250000
vt 0.625000 0.500000
vt 0.375000 0.500000
vt 0.625000 0.750000
vt 0.375000 0.750000
vt 0.625000 1.000000
vt 0.375000 1.000000
vt 0.125000 0.500000
vt 0.125000 0.750000
vt 0.875000 0.500000
vt 0.875000 0.750000
s 0
f 757/884/439 758/885/439 760/886/439 759/887/439
f 759/887/440 760/886/440 764/888/440 763/889/440
f 763/889/441 764/888/441 762/890/441 761/891/441
f 761/891/442 762/890/442 758/892/442 757/893/442
f 759/894/443 763/889/443 761/891/443 757/895/443
f 764/888/444 760/896/444 758/897/444 762/890/444
o Küp.011
v -0.302560 6.470940 -12.048519
v -0.533743 6.529539 -11.988152
v -2.055348 0.014349 -12.493541
v -2.286531 0.072948 -12.433173
v -0.366755 6.507776 -12.330117
v -0.597938 6.566375 -12.269750
v -2.119543 0.051185 -12.775139
v -2.350726 0.109784 -12.714771
v -0.366755 6.507776 -12.330117
v -0.597938 6.566375 -12.269750
v -2.119543 0.051185 -12.775139
v -2.350726 0.109784 -12.714771
v -0.302560 6.470940 -12.048519
v -0.533743 6.529539 -11.988152
v -2.055348 0.014349 -12.493541
v -2.286531 0.072948 -12.433173
vn 0.2205 -0.1265 0.9672
vn -0.2614 -0.9629 -0.0664
vn -0.2205 0.1265 -0.9672
vn 0.2614 0.9629 0.0664
vn 0.9397 -0.2382 -0.2454
vn -0.9397 0.2382 0.2454
vt 0.375000 0.000000
vt 0.625000 0.000000
vt 0.625000 0.250000
vt 0.375000 0.250000
vt 0.625000 0.500000
vt 0.375000 0.500000
vt 0.625000 0.750000
vt 0.375000 0.750000
vt 0.625000 1.000000
vt 0.375000 1.000000
vt 0.125000 0.500000
vt 0.125000 0.750000
vt 0.875000 0.500000
vt 0.875000 0.750000
s 0
f 765/898/445 766/899/445 768/900/445 767/901/445
f 767/901/446 768/900/446 772/902/446 771/903/446
f 771/903/447 772/902/447 770/904/447 769/905/447
f 769/905/448 770/904/448 766/906/448 765/907/448
f 767/908/449 771/903/449 769/905/449 765/909/449
f 772/902/450 768/910/450 766/911/450 770/904/450
f 773/898/447 775/901/447 776/900/447 774/899/447
f 775/901/446 779/903/446 780/902/446 776/900/446
f 779/903/445 777/905/445 778/904/445 780/902/445
f 777/905/448 773/907/448 774/906/448 778/904/448
f 775/908/449 773/909/449 777/905/449 779/903/449
f 780/902/450 778/904/450 774/911/450 776/910/450
o Halka.002
v 1.681585 -0.256419 -12.620199
v 1.764254 -0.245860 -12.620199
v 1.824771 -0.217012 -12.620199
v 1.846922 -0.177604 -12.620199
v 1.824771 -0.138196 -12.620199
v 1.764254 -0.109348 -12.620199
v 1.681585 -0.098789 -12.620199
v 1.598917 -0.109348 -12.620199
v 1.538399 -0.138196 -12.620199
v 1.516248 -0.177604 -12.620199
v 1.538399 -0.217012 -12.620199
v 1.598917 -0.245860 -12.620199
v 1.681585 -0.253048 -12.663335
v 1.764254 -0.242579 -12.662179
v 1.824771 -0.213977 -12.659021
v 1.846922 -0.174907 -12.654708
v 1.824771 -0.135836 -12.650394
v 1.764254 -0.107235 -12.647237
v 1.681585 -0.096766 -12.646081
v 1.598917 -0.107235 -12.647237
v 1.538399 -0.135836 -12.650394
v 1.516248 -0.174907 -12.654708
v 1.538399 -0.213977 -12.659021
v 1.598917 -0.242579 -12.662179
v 1.681585 -0.242991 -12.705732
v 1.764254 -0.232792 -12.703441
v 1.824771 -0.204926 -12.697179
v 1.846922 -0.166862 -12.688626
v 1.824771 -0.128797 -12.680073
v 1.764254 -0.100931 -12.673811
v 1.681585 -0.090732 -12.671519
v 1.598917 -0.100931 -12.673811
v 1.538399 -0.128797 -12.680073
v 1.516248 -0.166862 -12.688626
v 1.538399 -0.204926 -12.697179
v 1.598917 -0.232792 -12.703441
v 1.681585 -0.226422 -12.746667
v 1.764254 -0.216666 -12.743279
v 1.824771 -0.190014 -12.734020
v 1.846922 -0.153606 -12.721374
v 1.824771 -0.117198 -12.708727
v 1.764254 -0.090546 -12.699469
v 1.681585 -0.080790 -12.696079
v 1.598917 -0.090546 -12.699469
v 1.538399 -0.117198 -12.708727
v 1.516248 -0.153606 -12.721374
v 1.538399 -0.190014 -12.734020
v 1.598917 -0.216666 -12.743279
v 1.681585 -0.203623 -12.785437
v 1.764254 -0.194478 -12.781010
v 1.824771 -0.169495 -12.768913
v 1.846922 -0.135367 -12.752390
v 1.824771 -0.101239 -12.735866
v 1.764254 -0.076255 -12.723769
v 1.681585 -0.067111 -12.719342
v 1.598917 -0.076255 -12.723769
v 1.538399 -0.101239 -12.735866
v 1.516248 -0.135367 -12.752390
v 1.538399 -0.169495 -12.768913
v 1.598917 -0.194478 -12.781010
v 1.681585 -0.174985 -12.821380
v 1.764254 -0.166607 -12.815989
v 1.824771 -0.143720 -12.801262
v 1.846922 -0.112456 -12.781144
v 1.824771 -0.081192 -12.761025
v 1.764254 -0.058305 -12.746298
v 1.681585 -0.049928 -12.740908
v 1.598917 -0.058305 -12.746298
v 1.538399 -0.081192 -12.761025
v 1.516248 -0.112456 -12.781144
v 1.538399 -0.143720 -12.801262
v 1.598917 -0.166607 -12.815989
v 1.681585 -0.140997 -12.853881
v 1.764254 -0.133530 -12.847619
v 1.824771 -0.113131 -12.830513
v 1.846922 -0.085266 -12.807144
v 1.824771 -0.057401 -12.783776
v 1.764254 -0.037002 -12.766669
v 1.681585 -0.029535 -12.760408
v 1.598917 -0.037002 -12.766669
v 1.538399 -0.057401 -12.783776
v 1.516248 -0.085266 -12.807144
v 1.538399 -0.113131 -12.830513
v 1.598917 -0.133530 -12.847619
v 1.681585 -0.102241 -12.882383
v 1.764254 -0.095813 -12.875358
v 1.824771 -0.078252 -12.856165
v 1.846922 -0.054262 -12.829947
v 1.824772 -0.030272 -12.803728
v 1.764254 -0.012710 -12.784534
v 1.681585 -0.006282 -12.777510
v 1.598917 -0.012710 -12.784534
v 1.538399 -0.030272 -12.803728
v 1.516248 -0.054262 -12.829947
v 1.538399 -0.078252 -12.856165
v 1.598917 -0.095813 -12.875358
v 1.681585 -0.059381 -12.906400
v 1.764254 -0.054101 -12.898731
v 1.824771 -0.039677 -12.877780
v 1.846922 -0.019973 -12.849159
v 1.824772 -0.000270 -12.820539
v 1.764254 0.014155 -12.799588
v 1.681585 0.019434 -12.791920
v 1.598917 0.014155 -12.799588
v 1.538399 -0.000270 -12.820539
v 1.516248 -0.019973 -12.849159
v 1.538399 -0.039677 -12.877780
v 1.598917 -0.054101 -12.898731
v 1.681585 -0.013149 -12.925519
v 1.764254 -0.009109 -12.917337
v 1.824772 0.001931 -12.894987
v 1.846922 0.017012 -12.864455
v 1.824772 0.032093 -12.833923
v 1.764254 0.043132 -12.811572
v 1.681585 0.047173 -12.803391
v 1.598917 0.043132 -12.811572
v 1.538399 0.032093 -12.833923
v 1.516248 0.017012 -12.864455
v 1.538399 0.001931 -12.894987
v 1.598917 -0.009109 -12.917337
v 1.681585 0.035663 -12.939414
v 1.764254 0.038396 -12.930861
v 1.824772 0.045862 -12.907493
v 1.846922 0.056062 -12.875571
v 1.824772 0.066261 -12.843650
v 1.764254 0.073728 -12.820282
v 1.681585 0.076460 -12.811728
v 1.598917 0.073728 -12.820282
v 1.538399 0.066261 -12.843650
v 1.516248 0.056062 -12.875571
v 1.538399 0.045862 -12.907493
v 1.598917 0.038396 -12.930861
v 1.681585 0.086220 -12.947847
v 1.764254 0.087598 -12.939068
v 1.824772 0.091364 -12.915083
v 1.846922 0.096507 -12.882318
v 1.824772 0.101651 -12.849553
v 1.764254 0.105417 -12.825567
v 1.681585 0.106795 -12.816789
v 1.598917 0.105417 -12.825567
v 1.538399 0.101651 -12.849553
v 1.516248 0.096507 -12.882318
v 1.538399 0.091364 -12.915083
v 1.598917 0.087598 -12.939068
v 1.681585 0.137657 -12.950675
v 1.764254 0.137657 -12.941820
v 1.824772 0.137657 -12.917627
v 1.846922 0.137657 -12.884580
v 1.824772 0.137657 -12.851532
v 1.764254 0.137657 -12.827340
v 1.681585 0.137657 -12.818484
v 1.598917 0.137657 -12.827340
v 1.538399 0.137657 -12.851532
v 1.516248 0.137657 -12.884580
v 1.538399 0.137657 -12.917627
v 1.598917 0.137657 -12.941820
v 1.681585 0.189094 -12.947847
v 1.764254 0.187716 -12.939068
v 1.824772 0.183951 -12.915083
v 1.846922 0.178807 -12.882318
v 1.824772 0.173663 -12.849553
v 1.764254 0.169898 -12.825567
v 1.681585 0.168520 -12.816789
v 1.598917 0.169898 -12.825567
v 1.538399 0.173663 -12.849553
v 1.516248 0.178807 -12.882318
v 1.538399 0.183951 -12.915083
v 1.598917 0.187716 -12.939068
v 1.681585 0.239652 -12.939414
v 1.764254 0.236919 -12.930861
v 1.824772 0.229452 -12.907493
v 1.846922 0.219253 -12.875571
v 1.824772 0.209053 -12.843650
v 1.764254 0.201587 -12.820282
v 1.681585 0.198854 -12.811728
v 1.598917 0.201587 -12.820282
v 1.538399 0.209053 -12.843650
v 1.516248 0.219253 -12.875571
v 1.538399 0.229452 -12.907493
v 1.598917 0.236919 -12.930861
v 1.681585 0.288464 -12.925519
v 1.764254 0.284423 -12.917337
v 1.824772 0.273383 -12.894987
v 1.846922 0.258302 -12.864455
v 1.824772 0.243222 -12.833923
v 1.764254 0.232182 -12.811572
v 1.681585 0.228141 -12.803391
v 1.598917 0.232182 -12.811572
v 1.538399 0.243222 -12.833923
v 1.516248 0.258302 -12.864455
v 1.538399 0.273383 -12.894987
v 1.598917 0.284423 -12.917337
v 1.681585 0.334695 -12.906400
v 1.764254 0.329416 -12.898731
v 1.824772 0.314991 -12.877780
v 1.846922 0.295288 -12.849159
v 1.824772 0.275584 -12.820539
v 1.764254 0.261160 -12.799588
v 1.681585 0.255880 -12.791920
v 1.598917 0.261160 -12.799588
v 1.538399 0.275584 -12.820539
v 1.516248 0.295288 -12.849159
v 1.538399 0.314991 -12.877780
v 1.598917 0.329416 -12.898731
v 1.681585 0.377556 -12.882383
v 1.764254 0.371128 -12.875358
v 1.824772 0.353566 -12.856165
v 1.846922 0.329576 -12.829947
v 1.824772 0.305586 -12.803728
v 1.764254 0.288024 -12.784534
v 1.681585 0.281596 -12.777510
v 1.598917 0.288024 -12.784534
v 1.538399 0.305586 -12.803728
v 1.516248 0.329576 -12.829947
v 1.538399 0.353566 -12.856165
v 1.598917 0.371128 -12.875358
v 1.681585 0.416311 -12.853881
v 1.764254 0.408845 -12.847619
v 1.824772 0.388446 -12.830513
v 1.846922 0.360580 -12.807144
v 1.824772 0.332715 -12.783776
v 1.764254 0.312316 -12.766669
v 1.681585 0.304850 -12.760408
v 1.598917 0.312316 -12.766669
v 1.538399 0.332715 -12.783776
v 1.516248 0.360580 -12.807144
v 1.538399 0.388446 -12.830513
v 1.598917 0.408845 -12.847619
v 1.681585 0.450299 -12.821380
v 1.764254 0.441922 -12.815989
v 1.824772 0.419035 -12.801262
v 1.846922 0.387771 -12.781144
v 1.824772 0.356506 -12.761025
v 1.764254 0.333619 -12.746299
v 1.681585 0.325242 -12.740908
v 1.598917 0.333619 -12.746299
v 1.538399 0.356506 -12.761025
v 1.516248 0.387771 -12.781144
v 1.538399 0.419035 -12.801262
v 1.598917 0.441922 -12.815989
v 1.681585 0.478937 -12.785438
v 1.764254 0.469793 -12.781010
v 1.824772 0.444809 -12.768913
v 1.846922 0.410681 -12.752390
v 1.824772 0.376553 -12.735866
v 1.764254 0.351570 -12.723769
v 1.681585 0.342425 -12.719342
v 1.598917 0.351570 -12.723769
v 1.538399 0.376553 -12.735866
v 1.516248 0.410681 -12.752390
v 1.538399 0.444809 -12.768913
v 1.598917 0.469793 -12.781010
v 1.681585 0.501736 -12.746667
v 1.764254 0.491981 -12.743279
v 1.824772 0.465328 -12.734020
v 1.846922 0.428920 -12.721374
v 1.824772 0.392513 -12.708727
v 1.764254 0.365860 -12.699469
v 1.681585 0.356105 -12.696080
v 1.598917 0.365860 -12.699469
v 1.538399 0.392513 -12.708727
v 1.516248 0.428920 -12.721374
v 1.538399 0.465328 -12.734020
v 1.598917 0.491981 -12.743279
v 1.681585 0.518306 -12.705732
v 1.764254 0.508106 -12.703441
v 1.824772 0.480241 -12.697179
v 1.846922 0.442176 -12.688626
v 1.824772 0.404111 -12.680073
v 1.764254 0.376246 -12.673811
v 1.681585 0.366046 -12.671519
v 1.598917 0.376246 -12.673811
v 1.538399 0.404111 -12.680073
v 1.516248 0.442176 -12.688626
v 1.538399 0.480241 -12.697179
v 1.598917 0.508106 -12.703441
v 1.681585 0.528362 -12.663335
v 1.764254 0.517893 -12.662179
v 1.824772 0.489292 -12.659021
v 1.846922 0.450221 -12.654708
v 1.824772 0.411151 -12.650394
v 1.764254 0.382549 -12.647237
v 1.681585 0.372080 -12.646081
v 1.598917 0.382549 -12.647237
v 1.538399 0.411151 -12.650394
v 1.516248 0.450221 -12.654708
v 1.538399 0.489292 -12.659021
v 1.598917 0.517893 -12.662179
v 1.681585 0.531734 -12.620199
v 1.764254 0.521174 -12.620199
v 1.824772 0.492326 -12.620199
v 1.846922 0.452918 -12.620199
v 1.824772 0.413511 -12.620199
v 1.764254 0.384662 -12.620199
v 1.681585 0.374103 -12.620199
v 1.598917 0.384662 -12.620199
v 1.538399 0.413511 -12.620199
v 1.516248 0.452918 -12.620199
v 1.538399 0.492326 -12.620199
v 1.598917 0.521174 -12.620199
v 1.681585 0.528362 -12.577064
v 1.764254 0.517893 -12.578219
v 1.824772 0.489292 -12.581377
v 1.846922 0.450221 -12.585690
v 1.824772 0.411151 -12.590004
v 1.764254 0.382549 -12.593162
v 1.681585 0.372080 -12.594317
v 1.598917 0.382549 -12.593162
v 1.538399 0.411151 -12.590004
v 1.516248 0.450221 -12.585690
v 1.538399 0.489292 -12.581377
v 1.598917 0.517893 -12.578219
v 1.681585 0.518306 -12.534666
v 1.764254 0.508106 -12.536958
v 1.824772 0.480241 -12.543220
v 1.846922 0.442176 -12.551772
v 1.824772 0.404111 -12.560326
v 1.764254 0.376246 -12.566587
v 1.681585 0.366046 -12.568879
v 1.598917 0.376246 -12.566587
v 1.538399 0.404111 -12.560326
v 1.516248 0.442176 -12.551772
v 1.538399 0.480241 -12.543220
v 1.598917 0.508106 -12.536958
v 1.681585 0.501736 -12.493731
v 1.764254 0.491981 -12.497121
v 1.824772 0.465328 -12.506378
v 1.846922 0.428920 -12.519025
v 1.824772 0.392513 -12.531672
v 1.764254 0.365860 -12.540930
v 1.681585 0.356105 -12.544319
v 1.598917 0.365860 -12.540930
v 1.538399 0.392513 -12.531672
v 1.516248 0.428920 -12.519025
v 1.538399 0.465328 -12.506378
v 1.598917 0.491981 -12.497121
v 1.681585 0.478937 -12.454962
v 1.764254 0.469793 -12.459389
v 1.824772 0.444809 -12.471485
v 1.846922 0.410681 -12.488008
v 1.824772 0.376553 -12.504533
v 1.764254 0.351570 -12.516629
v 1.681585 0.342425 -12.521056
v 1.598917 0.351570 -12.516629
v 1.538399 0.376553 -12.504533
v 1.516248 0.410681 -12.488008
v 1.538399 0.444809 -12.471485
v 1.598917 0.469793 -12.459389
v 1.681585 0.450299 -12.419019
v 1.764254 0.441922 -12.424409
v 1.824772 0.419035 -12.439137
v 1.846922 0.387771 -12.459254
v 1.824772 0.356506 -12.479373
v 1.764254 0.333619 -12.494100
v 1.681585 0.325242 -12.499491
v 1.598917 0.333619 -12.494100
v 1.538399 0.356506 -12.479373
v 1.516248 0.387771 -12.459254
v 1.538399 0.419035 -12.439137
v 1.598917 0.441922 -12.424409
v 1.681585 0.416311 -12.386518
v 1.764254 0.408845 -12.392779
v 1.824772 0.388446 -12.409885
v 1.846922 0.360580 -12.433254
v 1.824772 0.332715 -12.456622
v 1.764254 0.312316 -12.473729
v 1.681585 0.304850 -12.479990
v 1.598917 0.312316 -12.473729
v 1.538399 0.332715 -12.456622
v 1.516248 0.360580 -12.433254
v 1.538399 0.388446 -12.409885
v 1.598917 0.408845 -12.392779
v 1.681585 0.377556 -12.358015
v 1.764254 0.371128 -12.365041
v 1.824772 0.353566 -12.384233
v 1.846922 0.329576 -12.410452
v 1.824772 0.305586 -12.436670
v 1.764254 0.288024 -12.455864
v 1.681585 0.281596 -12.462889
v 1.598917 0.288024 -12.455864
v 1.538399 0.305586 -12.436670
v 1.516248 0.329576 -12.410452
v 1.538399 0.353566 -12.384233
v 1.598917 0.371128 -12.365041
v 1.681585 0.334695 -12.333999
v 1.764254 0.329416 -12.341667
v 1.824772 0.314991 -12.362618
v 1.846922 0.295288 -12.391239
v 1.824772 0.275584 -12.419859
v 1.764254 0.261160 -12.440810
v 1.681585 0.255880 -12.448479
v 1.598917 0.261160 -12.440810
v 1.538399 0.275584 -12.419859
v 1.516248 0.295288 -12.391239
v 1.538399 0.314991 -12.362618
v 1.598917 0.329416 -12.341667
v 1.681585 0.288464 -12.314879
v 1.764254 0.284423 -12.323061
v 1.824772 0.273383 -12.345411
v 1.846922 0.258302 -12.375943
v 1.824772 0.243222 -12.406475
v 1.764254 0.232182 -12.428826
v 1.681585 0.228141 -12.437007
v 1.598917 0.232182 -12.428826
v 1.538399 0.243222 -12.406475
v 1.516248 0.258302 -12.375943
v 1.538399 0.273383 -12.345411
v 1.598917 0.284423 -12.323061
v 1.681585 0.239652 -12.300984
v 1.764254 0.236919 -12.309538
v 1.824772 0.229452 -12.332906
v 1.846922 0.219253 -12.364827
v 1.824772 0.209053 -12.396749
v 1.764254 0.201587 -12.420116
v 1.681585 0.198854 -12.428670
v 1.598917 0.201587 -12.420116
v 1.538399 0.209053 -12.396749
v 1.516248 0.219253 -12.364827
v 1.538399 0.229452 -12.332906
v 1.598917 0.236919 -12.309538
v 1.681585 0.189095 -12.292551
v 1.764254 0.187716 -12.301331
v 1.824772 0.183951 -12.325315
v 1.846922 0.178807 -12.358081
v 1.824772 0.173663 -12.390845
v 1.764254 0.169898 -12.414831
v 1.681585 0.168520 -12.423610
v 1.598917 0.169898 -12.414831
v 1.538399 0.173663 -12.390845
v 1.516248 0.178807 -12.358081
v 1.538399 0.183951 -12.325315
v 1.598917 0.187716 -12.301331
v 1.681585 0.137657 -12.289723
v 1.764254 0.137657 -12.298578
v 1.824772 0.137657 -12.322771
v 1.846922 0.137657 -12.355819
v 1.824772 0.137657 -12.388866
v 1.764254 0.137657 -12.413058
v 1.681585 0.137657 -12.421914
v 1.598917 0.137657 -12.413058
v 1.538399 0.137657 -12.388866
v 1.516248 0.137657 -12.355819
v 1.538399 0.137657 -12.322771
v 1.598917 0.137657 -12.298578
v 1.681585 0.086220 -12.292551
v 1.764254 0.087598 -12.301331
v 1.824772 0.091364 -12.325315
v 1.846922 0.096507 -12.358081
v 1.824772 0.101651 -12.390845
v 1.764254 0.105417 -12.414831
v 1.681585 0.106795 -12.423610
v 1.598917 0.105417 -12.414831
v 1.538399 0.101651 -12.390845
v 1.516248 0.096507 -12.358081
v 1.538399 0.091364 -12.325315
v 1.598917 0.087598 -12.301331
v 1.681585 0.035663 -12.300984
v 1.764254 0.038396 -12.309538
v 1.824772 0.045862 -12.332906
v 1.846922 0.056062 -12.364827
v 1.824772 0.066261 -12.396749
v 1.764254 0.073728 -12.420116
v 1.681585 0.076461 -12.428670
v 1.598917 0.073728 -12.420116
v 1.538399 0.066261 -12.396749
v 1.516248 0.056062 -12.364827
v 1.538399 0.045862 -12.332906
v 1.598917 0.038396 -12.309538
v 1.681585 -0.013149 -12.314879
v 1.764254 -0.009109 -12.323061
v 1.824772 0.001931 -12.345411
v 1.846922 0.017012 -12.375943
v 1.824772 0.032093 -12.406475
v 1.764254 0.043132 -12.428826
v 1.681585 0.047173 -12.437007
v 1.598917 0.043132 -12.428826
v 1.538399 0.032093 -12.406475
v 1.516248 0.017012 -12.375943
v 1.538399 0.001931 -12.345411
v 1.598917 -0.009109 -12.323061
v 1.681585 -0.059381 -12.333999
v 1.764254 -0.054101 -12.341667
v 1.824771 -0.039677 -12.362618
v 1.846922 -0.019973 -12.391239
v 1.824772 -0.000270 -12.419859
v 1.764254 0.014155 -12.440810
v 1.681585 0.019434 -12.448479
v 1.598917 0.014155 -12.440810
v 1.538399 -0.000270 -12.419859
v 1.516248 -0.019973 -12.391239
v 1.538399 -0.039677 -12.362618
v 1.598917 -0.054101 -12.341667
v 1.681585 -0.102241 -12.358015
v 1.764254 -0.095813 -12.365041
v 1.824771 -0.078251 -12.384233
v 1.846922 -0.054262 -12.410452
v 1.824772 -0.030272 -12.436670
v 1.764254 -0.012710 -12.455864
v 1.681585 -0.006282 -12.462889
v 1.598917 -0.012710 -12.455864
v 1.538399 -0.030272 -12.436670
v 1.516248 -0.054262 -12.410452
v 1.538399 -0.078251 -12.384233
v 1.598917 -0.095813 -12.365041
v 1.681585 -0.140997 -12.386518
v 1.764254 -0.133530 -12.392779
v 1.824771 -0.113131 -12.409885
v 1.846922 -0.085266 -12.433254
v 1.824771 -0.057401 -12.456622
v 1.764254 -0.037002 -12.473729
v 1.681585 -0.029535 -12.479990
v 1.598917 -0.037002 -12.473729
v 1.538399 -0.057401 -12.456622
v 1.516248 -0.085266 -12.433254
v 1.538399 -0.113131 -12.409885
v 1.598917 -0.133530 -12.392779
v 1.681585 -0.174985 -12.419019
v 1.764254 -0.166607 -12.424409
v 1.824771 -0.143720 -12.439137
v 1.846922 -0.112456 -12.459254
v 1.824771 -0.081192 -12.479373
v 1.764254 -0.058305 -12.494101
v 1.681585 -0.049928 -12.499491
v 1.598917 -0.058305 -12.494101
v 1.538399 -0.081192 -12.479373
v 1.516248 -0.112456 -12.459254
v 1.538399 -0.143720 -12.439137
v 1.598917 -0.166607 -12.424409
v 1.681585 -0.203623 -12.454962
v 1.764254 -0.194478 -12.459389
v 1.824771 -0.169495 -12.471485
v 1.846922 -0.135367 -12.488008
v 1.824771 -0.101239 -12.504533
v 1.764254 -0.076255 -12.516629
v 1.681585 -0.067111 -12.521056
v 1.598917 -0.076255 -12.516629
v 1.538399 -0.101239 -12.504533
v 1.516248 -0.135367 -12.488008
v 1.538399 -0.169495 -12.471485
v 1.598917 -0.194478 -12.459389
v 1.681585 -0.226422 -12.493731
v 1.764254 -0.216666 -12.497120
v 1.824771 -0.190014 -12.506378
v 1.846922 -0.153606 -12.519025
v 1.824771 -0.117198 -12.531672
v 1.764254 -0.090546 -12.540930
v 1.681585 -0.080790 -12.544318
v 1.598917 -0.090546 -12.540930
v 1.538399 -0.117198 -12.531672
v 1.516248 -0.153606 -12.519025
v 1.538399 -0.190014 -12.506378
v 1.598917 -0.216666 -12.497120
v 1.681585 -0.242991 -12.534666
v 1.764254 -0.232792 -12.536958
v 1.824771 -0.204926 -12.543220
v 1.846922 -0.166862 -12.551772
v 1.824771 -0.128797 -12.560326
v 1.764254 -0.100931 -12.566587
v 1.681585 -0.090732 -12.568879
v 1.598917 -0.100931 -12.566587
v 1.538399 -0.128797 -12.560326
v 1.516248 -0.166862 -12.551772
v 1.538399 -0.204926 -12.543220
v 1.598917 -0.232792 -12.536958
v 1.681585 -0.253048 -12.577064
v 1.764254 -0.242579 -12.578219
v 1.824771 -0.213977 -12.581377
v 1.846922 -0.174907 -12.585690
v 1.824771 -0.135836 -12.590004
v 1.764254 -0.107235 -12.593162
v 1.681585 -0.096766 -12.594317
v 1.598917 -0.107235 -12.593162
v 1.538399 -0.135836 -12.590004
v 1.516248 -0.174907 -12.585690
v 1.538399 -0.213977 -12.581377
v 1.598917 -0.242579 -12.578219
vn 0.1263 -0.9890 -0.0773
vn 0.4292 -0.9004 -0.0704
vn 0.8711 -0.4896 -0.0383
vn 0.8711 0.4896 0.0383
vn 0.4292 0.9004 0.0704
vn 0.1263 0.9890 0.0773
vn -0.1263 0.9890 0.0773
vn -0.4292 0.9004 0.0704
vn -0.8711 0.4896 0.0383
vn -0.8711 -0.4896 -0.0383
vn -0.4292 -0.9004 -0.0704
vn -0.1263 -0.9890 -0.0773
vn 0.1254 -0.9653 -0.2290
vn 0.4268 -0.8799 -0.2087
vn 0.8696 -0.4804 -0.1140
vn 0.8696 0.4804 0.1140
vn 0.4268 0.8799 0.2087
vn 0.1254 0.9653 0.2290
vn -0.1254 0.9653 0.2290
vn -0.4268 0.8799 0.2087
vn -0.8696 0.4804 0.1140
vn -0.8696 -0.4804 -0.1140
vn -0.4268 -0.8799 -0.2087
vn -0.1254 -0.9653 -0.2290
vn 0.1238 -0.9198 -0.3723
vn 0.4221 -0.8403 -0.3401
vn 0.8667 -0.4623 -0.1871
vn 0.8667 0.4623 0.1871
vn 0.4221 0.8403 0.3401
vn 0.1238 0.9198 0.3723
vn -0.1238 0.9198 0.3723
vn -0.4221 0.8403 0.3401
vn -0.8667 0.4623 0.1871
vn -0.8667 -0.4623 -0.1871
vn -0.4221 -0.8403 -0.3401
vn -0.1238 -0.9198 -0.3723
vn 0.1216 -0.8556 -0.5031
vn 0.4158 -0.7840 -0.4610
vn 0.8627 -0.4359 -0.2563
vn 0.8627 0.4359 0.2563
vn 0.4158 0.7840 0.4610
vn 0.1216 0.8556 0.5031
vn -0.1216 0.8556 0.5031
vn -0.4158 0.7840 0.4610
vn -0.8627 0.4359 0.2563
vn -0.8627 -0.4359 -0.2563
vn -0.4158 -0.7840 -0.4610
vn -0.1216 -0.8556 -0.5031
vn 0.1190 -0.7765 -0.6187
vn 0.4084 -0.7139 -0.5688
vn 0.8579 -0.4018 -0.3202
vn 0.8579 0.4018 0.3202
vn 0.4084 0.7139 0.5688
vn 0.1190 0.7765 0.6187
vn -0.1190 0.7765 0.6187
vn -0.4084 0.7139 0.5688
vn -0.8579 0.4018 0.3202
vn -0.8579 -0.4018 -0.3202
vn -0.4084 -0.7139 -0.5688
vn -0.1190 -0.7765 -0.6187
vn 0.1164 -0.6864 -0.7178
vn 0.4006 -0.6332 -0.6622
vn 0.8526 -0.3611 -0.3776
vn 0.8526 0.3611 0.3776
vn 0.4006 0.6332 0.6622
vn 0.1164 0.6864 0.7178
vn -0.1164 0.6864 0.7178
vn -0.4006 0.6332 0.6622
vn -0.8526 0.3611 0.3776
vn -0.8526 -0.3611 -0.3776
vn -0.4006 -0.6332 -0.6622
vn -0.1164 -0.6864 -0.7178
vn 0.1138 -0.5886 -0.8004
vn 0.3930 -0.5448 -0.7408
vn 0.8473 -0.3147 -0.4279
vn 0.8473 0.3147 0.4279
vn 0.3930 0.5448 0.7408
vn 0.1138 0.5886 0.8004
vn -0.1138 0.5886 0.8004
vn -0.3930 0.5448 0.7408
vn -0.8473 0.3147 0.4279
vn -0.8473 -0.3147 -0.4279
vn -0.3930 -0.5448 -0.7408
vn -0.1138 -0.5886 -0.8004
vn 0.1114 -0.4858 -0.8669
vn 0.3861 -0.4509 -0.8047
vn 0.8422 -0.2636 -0.4704
vn 0.8422 0.2636 0.4704
vn 0.3861 0.4509 0.8047
vn 0.1114 0.4858 0.8669
vn -0.1114 0.4858 0.8669
vn -0.3861 0.4509 0.8047
vn -0.8422 0.2636 0.4704
vn -0.8422 -0.2636 -0.4704
vn -0.3861 -0.4509 -0.8047
vn -0.1114 -0.4858 -0.8669
vn 0.1095 -0.3799 -0.9185
vn 0.3802 -0.3535 -0.8547
vn 0.8377 -0.2087 -0.5047
vn 0.8377 0.2087 0.5047
vn 0.3802 0.3535 0.8547
vn 0.1095 0.3799 0.9185
vn -0.1095 0.3799 0.9185
vn -0.3802 0.3535 0.8547
vn -0.8377 0.2087 0.5047
vn -0.8377 -0.2087 -0.5047
vn -0.3802 -0.3535 -0.8547
vn -0.1095 -0.3799 -0.9185
vn 0.1079 -0.2722 -0.9562
vn 0.3755 -0.2538 -0.8914
vn 0.8341 -0.1510 -0.5305
vn 0.8341 0.1510 0.5305
vn 0.3755 0.2538 0.8914
vn 0.1079 0.2722 0.9562
vn -0.1079 0.2722 0.9562
vn -0.3755 0.2538 0.8914
vn -0.8341 0.1510 0.5305
vn -0.8341 -0.1510 -0.5305
vn -0.3755 -0.2538 -0.8914
vn -0.1079 -0.2722 -0.9562
vn 0.1069 -0.1636 -0.9807
vn 0.3723 -0.1527 -0.9155
vn 0.8316 -0.0914 -0.5478
vn 0.8316 0.0914 0.5478
vn 0.3723 0.1527 0.9155
vn 0.1069 0.1636 0.9807
vn -0.1069 0.1636 0.9807
vn -0.3723 0.1527 0.9155
vn -0.8316 0.0914 0.5478
vn -0.8316 -0.0914 -0.5478
vn -0.3723 -0.1527 -0.9155
vn -0.1069 -0.1636 -0.9807
vn 0.1063 -0.0546 -0.9928
vn 0.3707 -0.0510 -0.9273
vn 0.8303 -0.0306 -0.5565
vn 0.8303 0.0306 0.5565
vn 0.3707 0.0510 0.9273
vn 0.1063 0.0546 0.9928
vn -0.1063 0.0546 0.9928
vn -0.3707 0.0510 0.9273
vn -0.8303 0.0306 0.5565
vn -0.8303 -0.0306 -0.5565
vn -0.3707 -0.0510 -0.9273
vn -0.1063 -0.0546 -0.9928
vn 0.1063 0.0546 -0.9928
vn 0.3707 0.0510 -0.9273
vn 0.8303 0.0306 -0.5565
vn 0.8303 -0.0306 0.5565
vn 0.3707 -0.0510 0.9273
vn 0.1063 -0.0546 0.9928
vn -0.1063 -0.0546 0.9928
vn -0.3707 -0.0510 0.9273
vn -0.8303 -0.0306 0.5565
vn -0.8303 0.0306 -0.5565
vn -0.3707 0.0510 -0.9273
vn -0.1063 0.0546 -0.9928
vn 0.1069 0.1636 -0.9807
vn 0.3723 0.1527 -0.9155
vn 0.8316 0.0914 -0.5478
vn 0.8316 -0.0914 0.5478
vn 0.3723 -0.1527 0.9155
vn 0.1069 -0.1636 0.9807
vn -0.1069 -0.1636 0.9807
vn -0.3723 -0.1527 0.9155
vn -0.8316 -0.0914 0.5478
vn -0.8316 0.0914 -0.5478
vn -0.3723 0.1527 -0.9155
vn -0.1069 0.1636 -0.9807
vn 0.1079 0.2722 -0.9562
vn 0.3755 0.2538 -0.8914
vn 0.8341 0.1510 -0.5305
vn 0.8341 -0.1510 0.5305
vn 0.3755 -0.2538 0.8914
vn 0.1079 -0.2722 0.9562
vn -0.1079 -0.2722 0.9562
vn -0.3755 -0.2538 0.8914
vn -0.8341 -0.1510 0.5305
vn -0.8341 0.1510 -0.5305
vn -0.3755 0.2538 -0.8914
vn -0.1079 0.2722 -0.9562
vn 0.1095 0.3799 -0.9185
vn 0.3802 0.3535 -0.8547
vn 0.8377 0.2087 -0.5047
vn 0.8377 -0.2087 0.5047
vn 0.3802 -0.3535 0.8547
vn 0.1095 -0.3799 0.9185
vn -0.1095 -0.3799 0.9185
vn -0.3802 -0.3535 0.8547
vn -0.8377 -0.2087 0.5047
vn -0.8377 0.2087 -0.5047
vn -0.3802 0.3535 -0.8547
vn -0.1095 0.3799 -0.9185
vn 0.1114 0.4858 -0.8669
vn 0.3861 0.4509 -0.8047
vn 0.8422 0.2636 -0.4704
vn 0.8422 -0.2636 0.4704
vn 0.3861 -0.4509 0.8047
vn 0.1114 -0.4858 0.8669
vn -0.1114 -0.4858 0.8669
vn -0.3861 -0.4509 0.8047
vn -0.8422 -0.2636 0.4704
vn -0.8422 0.2636 -0.4704
vn -0.3861 0.4509 -0.8047
vn -0.1114 0.4858 -0.8669
vn 0.1138 0.5886 -0.8004
vn 0.3930 0.5448 -0.7408
vn 0.8473 0.3147 -0.4279
vn 0.8473 -0.3147 0.4279
vn 0.3930 -0.5448 0.7408
vn 0.1138 -0.5886 0.8004
vn -0.1138 -0.5886 0.8004
vn -0.3930 -0.5448 0.7408
vn -0.8473 -0.3147 0.4279
vn -0.8473 0.3147 -0.4279
vn -0.3930 0.5448 -0.7408
vn -0.1138 0.5886 -0.8004
vn 0.1164 0.6864 -0.7178
vn 0.4006 0.6332 -0.6622
vn 0.8526 0.3611 -0.3776
vn 0.8526 -0.3611 0.3776
vn 0.4006 -0.6332 0.6622
vn 0.1164 -0.6864 0.7178
vn -0.1164 -0.6864 0.7178
vn -0.4006 -0.6332 0.6622
vn -0.8526 -0.3611 0.3776
vn -0.8526 0.3611 -0.3776
vn -0.4006 0.6332 -0.6622
vn -0.1164 0.6864 -0.7178
vn 0.1190 0.7765 -0.6187
vn 0.4084 0.7139 -0.5688
vn 0.8579 0.4018 -0.3202
vn 0.8579 -0.4018 0.3202
vn 0.4084 -0.7139 0.5688
vn 0.1190 -0.7765 0.6187
vn -0.1190 -0.7765 0.6187
vn -0.4084 -0.7139 0.5688
vn -0.8579 -0.4018 0.3202
vn -0.8579 0.4018 -0.3202
vn -0.4084 0.7139 -0.5688
vn -0.1190 0.7765 -0.6187
vn 0.1216 0.8556 -0.5031
vn 0.4158 0.7840 -0.4610
vn 0.8627 0.4359 -0.2563
vn 0.8627 -0.4359 0.2563
vn 0.4158 -0.7840 0.4610
vn 0.1216 -0.8556 0.5031
vn -0.1216 -0.8556 0.5031
vn -0.4158 -0.7840 0.4610
vn -0.8627 -0.4359 0.2563
vn -0.8627 0.4359 -0.2563
vn -0.4158 0.7840 -0.4610
vn -0.1216 0.8556 -0.5031
vn 0.1238 0.9198 -0.3723
vn 0.4221 0.8403 -0.3401
vn 0.8667 0.4623 -0.1871
vn 0.8667 -0.4623 0.1871
vn 0.4221 -0.8403 0.3401
vn 0.1238 -0.9198 0.3723
vn -0.1238 -0.9198 0.3723
vn -0.4221 -0.8403 0.3401
vn -0.8667 -0.4623 0.1871
vn -0.8667 0.4623 -0.1871
vn -0.4221 0.8403 -0.3401
vn -0.1238 0.9198 -0.3723
vn 0.1254 0.9653 -0.2290
vn 0.4268 0.8799 -0.2087
vn 0.8696 0.4804 -0.1140
vn 0.8696 -0.4804 0.1140
vn 0.4268 -0.8799 0.2087
vn 0.1254 -0.9653 0.2290
vn -0.1254 -0.9653 0.2290
vn -0.4268 -0.8799 0.2087
vn -0.8696 -0.4804 0.1140
vn -0.8696 0.4804 -0.1140
vn -0.4268 0.8799 -0.2087
vn -0.1254 0.9653 -0.2290
vn 0.1263 0.9890 -0.0773
vn 0.4292 0.9004 -0.0704
vn 0.8711 0.4896 -0.0383
vn 0.8711 -0.4896 0.0383
vn 0.4292 -0.9004 0.0704
vn 0.1263 -0.9890 0.0773
vn -0.1263 -0.9890 0.0773
vn -0.4292 -0.9004 0.0704
vn -0.8711 -0.4896 0.0383
vn -0.8711 0.4896 -0.0383
vn -0.4292 0.9004 -0.0704
vn -0.1263 0.9890 -0.0773
vt 0.500000 0.500000
vt 0.520833 0.500000
vt 0.520833 0.583333
vt 0.500000 0.583333
vt 0.520833 0.666667
vt 0.500000 0.666667
vt 0.520833 0.750000
vt 0.500000 0.750000
vt 0.520833 0.833333
vt 0.500000 0.833333
vt 0.520833 0.916667
vt 0.500000 0.916667
vt 0.520833 1.000000
vt 0.500000 1.000000
vt 0.500000 0.000000
vt 0.520833 0.000000
vt 0.520833 0.083333
vt 0.500000 0.083333
vt 0.520833 0.166667
vt 0.500000 0.166667
vt 0.520833 0.250000
vt 0.500000 0.250000
vt 0.520833 0.333333
vt 0.500000 0.333333
vt 0.520833 0.416667
vt 0.500000 0.416667
vt 0.541667 0.500000
vt 0.541667 0.583333
vt 0.541667 0.666667
vt 0.541667 0.750000
vt 0.541667 0.833333
vt 0.541667 0.916667
vt 0.541667 1.000000
vt 0.541667 0.000000
vt 0.541667 0.083333
vt 0.541667 0.166667
vt 0.541667 0.250000
vt 0.541667 0.333333
vt 0.541667 0.416667
vt 0.562500 0.500000
vt 0.562500 0.583333
vt 0.562500 0.666667
vt 0.562500 0.750000
vt 0.562500 0.833333
vt 0.562500 0.916667
vt 0.562500 1.000000
vt 0.562500 0.000000
vt 0.562500 0.083333
vt 0.562500 0.166667
vt 0.562500 0.250000
vt 0.562500 0.333333
vt 0.562500 0.416667
vt 0.583333 0.500000
vt 0.583333 0.583333
vt 0.583333 0.666667
vt 0.583333 0.750000
vt 0.583333 0.833333
vt 0.583333 0.916667
vt 0.583333 1.000000
vt 0.583333 0.000000
vt 0.583333 0.083333
vt 0.583333 0.166667
vt 0.583333 0.250000
vt 0.583333 0.333333
vt 0.583333 0.416667
vt 0.604167 0.500000
vt 0.604167 0.583333
vt 0.604167 0.666667
vt 0.604167 0.750000
vt 0.604167 0.833333
vt 0.604167 0.916667
vt 0.604167 1.000000
vt 0.604167 0.000000
vt 0.604167 0.083333
vt 0.604167 0.166667
vt 0.604167 0.250000
vt 0.604167 0.333333
vt 0.604167 0.416667
vt 0.625000 0.500000
vt 0.625000 0.583333
vt 0.625000 0.666667
vt 0.625000 0.750000
vt 0.625000 0.833333
vt 0.625000 0.916667
vt 0.625000 1.000000
vt 0.625000 0.000000
vt 0.625000 0.083333
vt 0.625000 0.166667
vt 0.625000 0.250000
vt 0.625000 0.333333
vt 0.625000 0.416667
vt 0.645833 0.500000
vt 0.645833 0.583333
vt 0.645833 0.666667
vt 0.645833 0.750000
vt 0.645833 0.833333
vt 0.645833 0.916667
vt 0.645833 1.000000
vt 0.645833 0.000000
vt 0.645833 0.083333
vt 0.645833 0.166667
vt 0.645833 0.250000
vt 0.645833 0.333333
vt 0.645833 0.416667
vt 0.666667 0.500000
vt 0.666667 0.583333
vt 0.666667 0.666667
vt 0.666667 0.750000
vt 0.666667 0.833333
vt 0.666667 0.916667
vt 0.666667 1.000000
vt 0.666667 0.000000
vt 0.666667 0.083333
vt 0.666667 0.166667
vt 0.666667 0.250000
vt 0.666667 0.333333
vt 0.666667 0.416667
vt 0.687500 0.500000
vt 0.687500 0.583333
vt 0.687500 0.666667
vt 0.687500 0.750000
vt 0.687500 0.833333
vt 0.687500 0.916667
vt 0.687500 1.000000
vt 0.687500 0.000000
vt 0.687500 0.083333
vt 0.687500 0.166667
vt 0.687500 0.250000
vt 0.687500 0.333333
vt 0.687500 0.416667
vt 0.708333 0.500000
vt 0.708333 0.583333
vt 0.708333 0.666667
vt 0.708333 0.750000
vt 0.708333 0.833333
vt 0.708333 0.916667
vt 0.708333 1.000000
vt 0.708333 0.000000
vt 0.708333 0.083333
vt 0.708333 0.166667
vt 0.708333 0.250000
vt 0.708333 0.333333
vt 0.708333 0.416667
vt 0.729167 0.500000
vt 0.729167 0.583333
vt 0.729167 0.666667
vt 0.729167 0.750000
vt 0.729167 0.833333
vt 0.729167 0.916667
vt 0.729167 1.000000
vt 0.729167 0.000000
vt 0.729167 0.083333
vt 0.729167 0.166667
vt 0.729167 0.250000
vt 0.729167 0.333333
vt 0.729167 0.416667
vt 0.750000 0.500000
vt 0.750000 0.583333
vt 0.750000 0.666667
vt 0.750000 0.750000
vt 0.750000 0.833333
vt 0.750000 0.916667
vt 0.750000 1.000000
vt 0.750000 0.000000
vt 0.750000 0.083333
vt 0.750000 0.166667
vt 0.750000 0.250000
vt 0.750000 0.333333
vt 0.750000 0.416667
vt 0.770833 0.500000
vt 0.770833 0.583333
vt 0.770833 0.666667
vt 0.770833 0.750000
vt 0.770833 0.833333
vt 0.770833 0.916667
vt 0.770833 1.000000
vt 0.770833 0.000000
vt 0.770833 0.083333
vt 0.770833 0.166667
vt 0.770833 0.250000
vt 0.770833 0.333333
vt 0.770833 0.416667
vt 0.791667 0.500000
vt 0.791667 0.583333
vt 0.791667 0.666667
vt 0.791667 0.750000
vt 0.791667 0.833333
vt 0.791667 0.916667
vt 0.791667 1.000000
vt 0.791667 0.000000
vt 0.791667 0.083333
vt 0.791667 0.166667
vt 0.791667 0.250000
vt 0.791667 0.333333
vt 0.791667 0.416667
vt 0.812500 0.500000
vt 0.812500 0.583333
vt 0.812500 0.666667
vt 0.812500 0.750000
vt 0.812500 0.833333
vt 0.812500 0.916667
vt 0.812500 1.000000
vt 0.812500 0.000000
vt 0.812500 0.083333
vt 0.812500 0.166667
vt 0.812500 0.250000
vt 0.812500 0.333333
vt 0.812500 0.416667
vt 0.833333 0.500000
vt 0.833333 0.583333
vt 0.833333 0.666667
vt 0.833333 0.750000
vt 0.833333 0.833333
vt 0.833333 0.916667
vt 0.833333 1.000000
vt 0.833333 0.000000
vt 0.833333 0.083333
vt 0.833333 0.166667
vt 0.833333 0.250000
vt 0.833333 0.333333
vt 0.833333 0.416667
vt 0.854167 0.500000
vt 0.854167 0.583333
vt 0.854167 0.666667
vt 0.854167 0.750000
vt 0.854167 0.833333
vt 0.854167 0.916667
vt 0.854167 1.000000
vt 0.854167 0.000000
vt 0.854167 0.083333
vt 0.854167 0.166667
vt 0.854167 0.250000
vt 0.854167 0.333333
vt 0.854167 0.416667
vt 0.875000 0.500000
vt 0.875000 0.583333
vt 0.875000 0.666667
vt 0.875000 0.750000
vt 0.875000 0.833333
vt 0.875000 0.916667
vt 0.875000 1.000000
vt 0.875000 0.000000
vt 0.875000 0.083333
vt 0.875000 0.166667
vt 0.875000 0.250000
vt 0.875000 0.333333
vt 0.875000 0.416667
vt 0.895833 0.500000
vt 0.895833 0.583333
vt 0.895833 0.666667
vt 0.895833 0.750000
vt 0.895833 0.833333
vt 0.895833 0.916667
vt 0.895833 1.000000
vt 0.895833 0.000000
vt 0.895833 0.083333
vt 0.895833 0.166667
vt 0.895833 0.250000
vt 0.895833 0.333333
vt 0.895833 0.416667
vt 0.916667 0.500000
vt 0.916667 0.583333
vt 0.916667 0.666667
vt 0.916667 0.750000
vt 0.916667 0.833333
vt 0.916667 0.916667
vt 0.916667 1.000000
vt 0.916667 0.000000
vt 0.916667 0.083333
vt 0.916667 0.166667
vt 0.916667 0.250000
vt 0.916667 0.333333
vt 0.916667 0.416667
vt 0.937500 0.500000
vt 0.937500 0.583333
vt 0.937500 0.666667
vt 0.937500 0.750000
vt 0.937500 0.833333
vt 0.937500 0.916667
vt 0.937500 1.000000
vt 0.937500 0.000000
vt 0.937500 0.083333
vt 0.937500 0.166667
vt 0.937500 0.250000
vt 0.937500 0.333333
vt 0.937500 0.416667
vt 0.958333 0.500000
vt 0.958333 0.583333
vt 0.958333 0.666667
vt 0.958333 0.750000
vt 0.958333 0.833333
vt 0.958333 0.916667
vt 0.958333 1.000000
vt 0.958333 0.000000
vt 0.958333 0.083333
vt 0.958333 0.166667
vt 0.958333 0.250000
vt 0.958333 0.333333
vt 0.958333 0.416667
vt 0.979167 0.500000
vt 0.979167 0.583333
vt 0.979167 0.666667
vt 0.979167 0.750000
vt 0.979167 0.833333
vt 0.979167 0.916667
vt 0.979167 1.000000
vt 0.979167 0.000000
vt 0.979167 0.083333
vt 0.979167 0.166667
vt 0.979167 0.250000
vt 0.979167 0.333333
vt 0.979167 0.416667
vt 1.000000 0.500000
vt 1.000000 0.583333
vt 1.000000 0.666667
vt 1.000000 0.750000
vt 1.000000 0.833333
vt 1.000000 0.916667
vt 1.000000 1.000000
vt 1.000000 0.000000
vt 1.000000 0.083333
vt 1.000000 0.166667
vt 1.000000 0.250000
vt 1.000000 0.333333
vt 1.000000 0.416667
vt 0.000000 0.500000
vt 0.020833 0.500000
vt 0.020833 0.583333
vt 0.000000 0.583333
vt 0.020833 0.666667
vt 0.000000 0.666667
vt 0.020833 0.750000
vt 0.000000 0.750000
vt 0.020833 0.833333
vt 0.000000 0.833333
vt 0.020833 0.916667
vt 0.000000 0.916667
vt 0.020833 1.000000
vt 0.000000 1.000000
vt 0.000000 0.000000
vt 0.020833 0.000000
vt 0.020833 0.083333
vt 0.000000 0.083333
vt 0.020833 0.166667
vt 0.000000 0.166667
vt 0.020833 0.250000
vt 0.000000 0.250000
vt 0.020833 0.333333
vt 0.000000 0.333333
vt 0.020833 0.416667
vt 0.000000 0.416667
vt 0.041667 0.500000
vt 0.041667 0.583333
vt 0.041667 0.666667
vt 0.041667 0.750000
vt 0.041667 0.833333
vt 0.041667 0.916667
vt 0.041667 1.000000
vt 0.041667 0.000000
vt 0.041667 0.083333
vt 0.041667 0.166667
vt 0.041667 0.250000
vt 0.041667 0.333333
vt 0.041667 0.416667
vt 0.062500 0.500000
vt 0.062500 0.583333
vt 0.062500 0.666667
vt 0.062500 0.750000
vt 0.062500 0.833333
vt 0.062500 0.916667
vt 0.062500 1.000000
vt 0.062500 0.000000
vt 0.062500 0.083333
vt 0.062500 0.166667
vt 0.062500 0.250000
vt 0.062500 0.333333
vt 0.062500 0.416667
vt 0.083333 0.500000
vt 0.083333 0.583333
vt 0.083333 0.666667
vt 0.083333 0.750000
vt 0.083333 0.833333
vt 0.083333 0.916667
vt 0.083333 1.000000
vt 0.083333 0.000000
vt 0.083333 0.083333
vt 0.083333 0.166667
vt 0.083333 0.250000
vt 0.083333 0.333333
vt 0.083333 0.416667
vt 0.104167 0.500000
vt 0.104167 0.583333
vt 0.104167 0.666667
vt 0.104167 0.750000
vt 0.104167 0.833333
vt 0.104167 0.916667
vt 0.104167 1.000000
vt 0.104167 0.000000
vt 0.104167 0.083333
vt 0.104167 0.166667
vt 0.104167 0.250000
vt 0.104167 0.333333
vt 0.104167 0.416667
vt 0.125000 0.500000
vt 0.125000 0.583333
vt 0.125000 0.666667
vt 0.125000 0.750000
vt 0.125000 0.833333
vt 0.125000 0.916667
vt 0.125000 1.000000
vt 0.125000 0.000000
vt 0.125000 0.083333
vt 0.125000 0.166667
vt 0.125000 0.250000
vt 0.125000 0.333333
vt 0.125000 0.416667
vt 0.145833 0.500000
vt 0.145833 0.583333
vt 0.145833 0.666667
vt 0.145833 0.750000
vt 0.145833 0.833333
vt 0.145833 0.916667
vt 0.145833 1.000000
vt 0.145833 0.000000
vt 0.145833 0.083333
vt 0.145833 0.166667
vt 0.145833 0.250000
vt 0.145833 0.333333
vt 0.145833 0.416667
vt 0.166667 0.500000
vt 0.166667 0.583333
vt 0.166667 0.666667
vt 0.166667 0.750000
vt 0.166667 0.833333
vt 0.166667 0.916667
vt 0.166667 1.000000
vt 0.166667 0.000000
vt 0.166667 0.083333
vt 0.166667 0.166667
vt 0.166667 0.250000
vt 0.166667 0.333333
vt 0.166667 0.416667
vt 0.187500 0.500000
vt 0.187500 0.583333
vt 0.187500 0.666667
vt 0.187500 0.750000
vt 0.187500 0.833333
vt 0.187500 0.916667
vt 0.187500 1.000000
vt 0.187500 0.000000
vt 0.187500 0.083333
vt 0.187500 0.166667
vt 0.187500 0.250000
vt 0.187500 0.333333
vt 0.187500 0.416667
vt 0.208333 0.500000
vt 0.208333 0.583333
vt 0.208333 0.666667
vt 0.208333 0.750000
vt 0.208333 0.833333
vt 0.208333 0.916667
vt 0.208333 1.000000
vt 0.208333 0.000000
vt 0.208333 0.083333
vt 0.208333 0.166667
vt 0.208333 0.250000
vt 0.208333 0.333333
vt 0.208333 0.416667
vt 0.229167 0.500000
vt 0.229167 0.583333
vt 0.229167 0.666667
vt 0.229167 0.750000
vt 0.229167 0.833333
vt 0.229167 0.916667
vt 0.229167 1.000000
vt 0.229167 0.000000
vt 0.229167 0.083333
vt 0.229167 0.166667
vt 0.229167 0.250000
vt 0.229167 0.333333
vt 0.229167 0.416667
vt 0.250000 0.500000
vt 0.250000 0.583333
vt 0.250000 0.666667
vt 0.250000 0.750000
vt 0.250000 0.833333
vt 0.250000 0.916667
vt 0.250000 1.000000
vt 0.250000 0.000000
vt 0.250000 0.083333
vt 0.250000 0.166667
vt 0.250000 0.250000
vt 0.250000 0.333333
vt 0.250000 0.416667
vt 0.270833 0.500000
vt 0.270833 0.583333
vt 0.270833 0.666667
vt 0.270833 0.750000
vt 0.270833 0.833333
vt 0.270833 0.916667
vt 0.270833 1.000000
vt 0.270833 0.000000
vt 0.270833 0.083333
vt 0.270833 0.166667
vt 0.270833 0.250000
vt 0.270833 0.333333
vt 0.270833 0.416667
vt 0.291667 0.500000
vt 0.291667 0.583333
vt 0.291667 0.666667
vt 0.291667 0.750000
vt 0.291667 0.833333
vt 0.291667 0.916667
vt 0.291667 1.000000
vt 0.291667 0.000000
vt 0.291667 0.083333
vt 0.291667 0.166667
vt 0.291667 0.250000
vt 0.291667 0.333333
vt 0.291667 0.416667
vt 0.312500 0.500000
vt 0.312500 0.583333
vt 0.312500 0.666667
vt 0.312500 0.750000
vt 0.312500 0.833333
vt 0.312500 0.916667
vt 0.312500 1.000000
vt 0.312500 0.000000
vt 0.312500 0.083333
vt 0.312500 0.166667
vt 0.312500 0.250000
vt 0.312500 0.333333
vt 0.312500 0.416667
vt 0.333333 0.500000
vt 0.333333 0.583333
vt 0.333333 0.666667
vt 0.333333 0.750000
vt 0.333333 0.833333
vt 0.333333 0.916667
vt 0.333333 1.000000
vt 0.333333 0.000000
vt 0.333333 0.083333
vt 0.333333 0.166667
vt 0.333333 0.250000
vt 0.333333 0.333333
vt 0.333333 0.416667
vt 0.354167 0.500000
vt 0.354167 0.583333
vt 0.354167 0.666667
vt 0.354167 0.750000
vt 0.354167 0.833333
vt 0.354167 0.916667
vt 0.354167 1.000000
vt 0.354167 0.000000
vt 0.354167 0.083333
vt 0.354167 0.166667
vt 0.354167 0.250000
vt 0.354167 0.333333
vt 0.354167 0.416667
vt 0.375000 0.500000
vt 0.375000 0.583333
vt 0.375000 0.666667
vt 0.375000 0.750000
vt 0.375000 0.833333
vt 0.375000 0.916667
vt 0.375000 1.000000
vt 0.375000 0.000000
vt 0.375000 0.083333
vt 0.375000 0.166667
vt 0.375000 0.250000
vt 0.375000 0.333333
vt 0.375000 0.416667
vt 0.395833 0.500000
vt 0.395833 0.583333
vt 0.395833 0.666667
vt 0.395833 0.750000
vt 0.395833 0.833333
vt 0.395833 0.916667
vt 0.395833 1.000000
vt 0.395833 0.000000
vt 0.395833 0.083333
vt 0.395833 0.166667
vt 0.395833 0.250000
vt 0.395833 0.333333
vt 0.395833 0.416667
vt 0.416667 0.500000
vt 0.416667 0.583333
vt 0.416667 0.666667
vt 0.416667 0.750000
vt 0.416667 0.833333
vt 0.416667 0.916667
vt 0.416667 1.000000
vt 0.416667 0.000000
vt 0.416667 0.083333
vt 0.416667 0.166667
vt 0.416667 0.250000
vt 0.416667 0.333333
vt 0.416667 0.416667
vt 0.437500 0.500000
vt 0.437500 0.583333
vt 0.437500 0.666667
vt 0.437500 0.750000
vt 0.437500 0.833333
vt 0.437500 0.916667
vt 0.437500 1.000000
vt 0.437500 0.000000
vt 0.437500 0.083333
vt 0.437500 0.166667
vt 0.437500 0.250000
vt 0.437500 0.333333
vt 0.437500 0.416667
vt 0.458333 0.500000
vt 0.458333 0.583333
vt 0.458333 0.666667
vt 0.458333 0.750000
vt 0.458333 0.833333
vt 0.458333 0.916667
vt 0.458333 1.000000
vt 0.458333 0.000000
vt 0.458333 0.083333
vt 0.458333 0.166667
vt 0.458333 0.250000
vt 0.458333 0.333333
vt 0.458333 0.416667
vt 0.479167 0.500000
vt 0.479167 0.583333
vt 0.479167 0.666667
vt 0.479167 0.750000
vt 0.479167 0.833333
vt 0.479167 0.916667
vt 0.479167 1.000000
vt 0.479167 0.000000
vt 0.479167 0.083333
vt 0.479167 0.166667
vt 0.479167 0.250000
vt 0.479167 0.333333
vt 0.479167 0.416667
s 0
f 781/912/451 793/913/451 794/914/451 782/915/451
f 782/915/452 794/914/452 795/916/452 783/917/452
f 783/917/453 795/916/453 796/918/453 784/919/453
f 784/919/454 796/918/454 797/920/454 785/921/454
f 785/921/455 797/920/455 798/922/455 786/923/455
f 786/923/456 798/922/456 799/924/456 787/925/456
f 787/926/457 799/927/457 800/928/457 788/929/457
f 788/929/458 800/928/458 801/930/458 789/931/458
f 789/931/459 801/930/459 802/932/459 790/933/459
f 790/933/460 802/932/460 803/934/460 791/935/460
f 791/935/461 803/934/461 804/936/461 792/937/461
f 792/937/462 804/936/462 793/913/462 781/912/462
f 793/913/463 805/938/463 806/939/463 794/914/463
f 794/914/464 806/939/464 807/940/464 795/916/464
f 795/916/465 807/940/465 808/941/465 796/918/465
f 796/918/466 808/941/466 809/942/466 797/920/466
f 797/920/467 809/942/467 810/943/467 798/922/467
f 798/922/468 810/943/468 811/944/468 799/924/468
f 799/927/469 811/945/469 812/946/469 800/928/469
f 800/928/470 812/946/470 813/947/470 801/930/470
f 801/930/471 813/947/471 814/948/471 802/932/471
f 802/932/472 814/948/472 815/949/472 803/934/472
f 803/934/473 815/949/473 816/950/473 804/936/473
f 804/936/474 816/950/474 805/938/474 793/913/474
f 805/938/475 817/951/475 818/952/475 806/939/475
f 806/939/476 818/952/476 819/953/476 807/940/476
f 807/940/477 819/953/477 820/954/477 808/941/477
f 808/941/478 820/954/478 821/955/478 809/942/478
f 809/942/479 821/955/479 822/956/479 810/943/479
f 810/943/480 822/956/480 823/957/480 811/944/480
f 811/945/481 823/958/481 824/959/481 812/946/481
f 812/946/482 824/959/482 825/960/482 813/947/482
f 813/947/483 825/960/483 826/961/483 814/948/483
f 814/948/484 826/961/484 827/962/484 815/949/484
f 815/949/485 827/962/485 828/963/485 816/950/485
f 816/950/486 828/963/486 817/951/486 805/938/486
f 817/951/487 829/964/487 830/965/487 818/952/487
f 818/952/488 830/965/488 831/966/488 819/953/488
f 819/953/489 831/966/489 832/967/489 820/954/489
f 820/954/490 832/967/490 833/968/490 821/955/490
f 821/955/491 833/968/491 834/969/491 822/956/491
f 822/956/492 834/969/492 835/970/492 823/957/492
f 823/958/493 835/971/493 836/972/493 824/959/493
f 824/959/494 836/972/494 837/973/494 825/960/494
f 825/960/495 837/973/495 838/974/495 826/961/495
f 826/961/496 838/974/496 839/975/496 827/962/496
f 827/962/497 839/975/497 840/976/497 828/963/497
f 828/963/498 840/976/498 829/964/498 817/951/498
f 829/964/499 841/977/499 842/978/499 830/965/499
f 830/965/500 842/978/500 843/979/500 831/966/500
f 831/966/501 843/979/501 844/980/501 832/967/501
f 832/967/502 844/980/502 845/981/502 833/968/502
f 833/968/503 845/981/503 846/982/503 834/969/503
f 834/969/504 846/982/504 847/983/504 835/970/504
f 835/971/505 847/984/505 848/985/505 836/972/505
f 836/972/506 848/985/506 849/986/506 837/973/506
f 837/973/507 849/986/507 850/987/507 838/974/507
f 838/974/508 850/987/508 851/988/508 839/975/508
f 839/975/509 851/988/509 852/989/509 840/976/509
f 840/976/510 852/989/510 841/977/510 829/964/510
f 841/977/511 853/990/511 854/991/511 842/978/511
f 842/978/512 854/991/512 855/992/512 843/979/512
f 843/979/513 855/992/513 856/993/513 844/980/513
f 844/980/514 856/993/514 857/994/514 845/981/514
f 845/981/515 857/994/515 858/995/515 846/982/515
f 846/982/516 858/995/516 859/996/516 847/983/516
f 847/984/517 859/997/517 860/998/517 848/985/517
f 848/985/518 860/998/518 861/999/518 849/986/518
f 849/986/519 861/999/519 862/1000/519 850/987/519
f 850/987/520 862/1000/520 863/1001/520 851/988/520
f 851/988/521 863/1001/521 864/1002/521 852/989/521
f 852/989/522 864/1002/522 853/990/522 841/977/522
f 853/990/523 865/1003/523 866/1004/523 854/991/523
f 854/991/524 866/1004/524 867/1005/524 855/992/524
f 855/992/525 867/1005/525 868/1006/525 856/993/525
f 856/993/526 868/1006/526 869/1007/526 857/994/526
f 857/994/527 869/1007/527 870/1008/527 858/995/527
f 858/995/528 870/1008/528 871/1009/528 859/996/528
f 859/997/529 871/1010/529 872/1011/529 860/998/529
f 860/998/530 872/1011/530 873/1012/530 861/999/530
f 861/999/531 873/1012/531 874/1013/531 862/1000/531
f 862/1000/532 874/1013/532 875/1014/532 863/1001/532
f 863/1001/533 875/1014/533 876/1015/533 864/1002/533
f 864/1002/534 876/1015/534 865/1003/534 853/990/534
f 865/1003/535 877/1016/535 878/1017/535 866/1004/535
f 866/1004/536 878/1017/536 879/1018/536 867/1005/536
f 867/1005/537 879/1018/537 880/1019/537 868/1006/537
f 868/1006/538 880/1019/538 881/1020/538 869/1007/538
f 869/1007/539 881/1020/539 882/1021/539 870/1008/539
f 870/1008/540 882/1021/540 883/1022/540 871/1009/540
f 871/1010/541 883/1023/541 884/1024/541 872/1011/541
f 872/1011/542 884/1024/542 885/1025/542 873/1012/542
f 873/1012/543 885/1025/543 886/1026/543 874/1013/543
f 874/1013/544 886/1026/544 887/1027/544 875/1014/544
f 875/1014/545 887/1027/545 888/1028/545 876/1015/545
f 876/1015/546 888/1028/546 877/1016/546 865/1003/546
f 877/1016/547 889/1029/547 890/1030/547 878/1017/547
f 878/1017/548 890/1030/548 891/1031/548 879/1018/548
f 879/1018/549 891/1031/549 892/1032/549 880/1019/549
f 880/1019/550 892/1032/550 893/1033/550 881/1020/550
f 881/1020/551 893/1033/551 894/1034/551 882/1021/551
f 882/1021/552 894/1034/552 895/1035/552 883/1022/552
f 883/1023/553 895/1036/553 896/1037/553 884/1024/553
f 884/1024/554 896/1037/554 897/1038/554 885/1025/554
f 885/1025/555 897/1038/555 898/1039/555 886/1026/555
f 886/1026/556 898/1039/556 899/1040/556 887/1027/556
f 887/1027/557 899/1040/557 900/1041/557 888/1028/557
f 888/1028/558 900/1041/558 889/1029/558 877/1016/558
f 889/1029/559 901/1042/559 902/1043/559 890/1030/559
f 890/1030/560 902/1043/560 903/1044/560 891/1031/560
f 891/1031/561 903/1044/561 904/1045/561 892/1032/561
f 892/1032/562 904/1045/562 905/1046/562 893/1033/562
f 893/1033/563 905/1046/563 906/1047/563 894/1034/563
f 894/1034/564 906/1047/564 907/1048/564 895/1035/564
f 895/1036/565 907/1049/565 908/1050/565 896/1037/565
f 896/1037/566 908/1050/566 909/1051/566 897/1038/566
f 897/1038/567 909/1051/567 910/1052/567 898/1039/567
f 898/1039/568 910/1052/568 911/1053/568 899/1040/568
f 899/1040/569 911/1053/569 912/1054/569 900/1041/569
f 900/1041/570 912/1054/570 901/1042/570 889/1029/570
f 901/1042/571 913/1055/571 914/1056/571 902/1043/571
f 902/1043/572 914/1056/572 915/1057/572 903/1044/572
f 903/1044/573 915/1057/573 916/1058/573 904/1045/573
f 904/1045/574 916/1058/574 917/1059/574 905/1046/574
f 905/1046/575 917/1059/575 918/1060/575 906/1047/575
f 906/1047/576 918/1060/576 919/1061/576 907/1048/576
f 907/1049/577 919/1062/577 920/1063/577 908/1050/577
f 908/1050/578 920/1063/578 921/1064/578 909/1051/578
f 909/1051/579 921/1064/579 922/1065/579 910/1052/579
f 910/1052/580 922/1065/580 923/1066/580 911/1053/580
f 911/1053/581 923/1066/581 924/1067/581 912/1054/581
f 912/1054/582 924/1067/582 913/1055/582 901/1042/582
f 913/1055/583 925/1068/583 926/1069/583 914/1056/583
f 914/1056/584 926/1069/584 927/1070/584 915/1057/584
f 915/1057/585 927/1070/585 928/1071/585 916/1058/585
f 916/1058/586 928/1071/586 929/1072/586 917/1059/586
f 917/1059/587 929/1072/587 930/1073/587 918/1060/587
f 918/1060/588 930/1073/588 931/1074/588 919/1061/588
f 919/1062/589 931/1075/589 932/1076/589 920/1063/589
f 920/1063/590 932/1076/590 933/1077/590 921/1064/590
f 921/1064/591 933/1077/591 934/1078/591 922/1065/591
f 922/1065/592 934/1078/592 935/1079/592 923/1066/592
f 923/1066/593 935/1079/593 936/1080/593 924/1067/593
f 924/1067/594 936/1080/594 925/1068/594 913/1055/594
f 925/1068/595 937/1081/595 938/1082/595 926/1069/595
f 926/1069/596 938/1082/596 939/1083/596 927/1070/596
f 927/1070/597 939/1083/597 940/1084/597 928/1071/597
f 928/1071/598 940/1084/598 941/1085/598 929/1072/598
f 929/1072/599 941/1085/599 942/1086/599 930/1073/599
f 930/1073/600 942/1086/600 943/1087/600 931/1074/600
f 931/1075/601 943/1088/601 944/1089/601 932/1076/601
f 932/1076/602 944/1089/602 945/1090/602 933/1077/602
f 933/1077/603 945/1090/603 946/1091/603 934/1078/603
f 934/1078/604 946/1091/604 947/1092/604 935/1079/604
f 935/1079/605 947/1092/605 948/1093/605 936/1080/605
f 936/1080/606 948/1093/606 937/1081/606 925/1068/606
f 937/1081/607 949/1094/607 950/1095/607 938/1082/607
f 938/1082/608 950/1095/608 951/1096/608 939/1083/608
f 939/1083/609 951/1096/609 952/1097/609 940/1084/609
f 940/1084/610 952/1097/610 953/1098/610 941/1085/610
f 941/1085/611 953/1098/611 954/1099/611 942/1086/611
f 942/1086/612 954/1099/612 955/1100/612 943/1087/612
f 943/1088/613 955/1101/613 956/1102/613 944/1089/613
f 944/1089/614 956/1102/614 957/1103/614 945/1090/614
f 945/1090/615 957/1103/615 958/1104/615 946/1091/615
f 946/1091/616 958/1104/616 959/1105/616 947/1092/616
f 947/1092/617 959/1105/617 960/1106/617 948/1093/617
f 948/1093/618 960/1106/618 949/1094/618 937/1081/618
f 949/1094/619 961/1107/619 962/1108/619 950/1095/619
f 950/1095/620 962/1108/620 963/1109/620 951/1096/620
f 951/1096/621 963/1109/621 964/1110/621 952/1097/621
f 952/1097/622 964/1110/622 965/1111/622 953/1098/622
f 953/1098/623 965/1111/623 966/1112/623 954/1099/623
f 954/1099/624 966/1112/624 967/1113/624 955/1100/624
f 955/1101/625 967/1114/625 968/1115/625 956/1102/625
f 956/1102/626 968/1115/626 969/1116/626 957/1103/626
f 957/1103/627 969/1116/627 970/1117/627 958/1104/627
f 958/1104/628 970/1117/628 971/1118/628 959/1105/628
f 959/1105/629 971/1118/629 972/1119/629 960/1106/629
f 960/1106/630 972/1119/630 961/1107/630 949/1094/630
f 961/1107/631 973/1120/631 974/1121/631 962/1108/631
f 962/1108/632 974/1121/632 975/1122/632 963/1109/632
f 963/1109/633 975/1122/633 976/1123/633 964/1110/633
f 964/1110/634 976/1123/634 977/1124/634 965/1111/634
f 965/1111/635 977/1124/635 978/1125/635 966/1112/635
f 966/1112/636 978/1125/636 979/1126/636 967/1113/636
f 967/1114/637 979/1127/637 980/1128/637 968/1115/637
f 968/1115/638 980/1128/638 981/1129/638 969/1116/638
f 969/1116/639 981/1129/639 982/1130/639 970/1117/639
f 970/1117/640 982/1130/640 983/1131/640 971/1118/640
f 971/1118/641 983/1131/641 984/1132/641 972/1119/641
f 972/1119/642 984/1132/642 973/1120/642 961/1107/642
f 973/1120/643 985/1133/643 986/1134/643 974/1121/643
f 974/1121/644 986/1134/644 987/1135/644 975/1122/644
f 975/1122/645 987/1135/645 988/1136/645 976/1123/645
f 976/1123/646 988/1136/646 989/1137/646 977/1124/646
f 977/1124/647 989/1137/647 990/1138/647 978/1125/647
f 978/1125/648 990/1138/648 991/1139/648 979/1126/648
f 979/1127/649 991/1140/649 992/1141/649 980/1128/649
f 980/1128/650 992/1141/650 993/1142/650 981/1129/650
f 981/1129/651 993/1142/651 994/1143/651 982/1130/651
f 982/1130/652 994/1143/652 995/1144/652 983/1131/652
f 983/1131/653 995/1144/653 996/1145/653 984/1132/653
f 984/1132/654 996/1145/654 985/1133/654 973/1120/654
f 985/1133/655 997/1146/655 998/1147/655 986/1134/655
f 986/1134/656 998/1147/656 999/1148/656 987/1135/656
f 987/1135/657 999/1148/657 1000/1149/657 988/1136/657
f 988/1136/658 1000/1149/658 1001/1150/658 989/1137/658
f 989/1137/659 1001/1150/659 1002/1151/659 990/1138/659
f 990/1138/660 1002/1151/660 1003/1152/660 991/1139/660
f 991/1140/661 1003/1153/661 1004/1154/661 992/1141/661
f 992/1141/662 1004/1154/662 1005/1155/662 993/1142/662
f 993/1142/663 1005/1155/663 1006/1156/663 994/1143/663
f 994/1143/664 1006/1156/664 1007/1157/664 995/1144/664
f 995/1144/665 1007/1157/665 1008/1158/665 996/1145/665
f 996/1145/666 1008/1158/666 997/1146/666 985/1133/666
f 997/1146/667 1009/1159/667 1010/1160/667 998/1147/667
f 998/1147/668 1010/1160/668 1011/1161/668 999/1148/668
f 999/1148/669 1011/1161/669 1012/1162/669 1000/1149/669
f 1000/1149/670 1012/1162/670 1013/1163/670 1001/1150/670
f 1001/1150/671 1013/1163/671 1014/1164/671 1002/1151/671
f 1002/1151/672 1014/1164/672 1015/1165/672 1003/1152/672
f 1003/1153/673 1015/1166/673 1016/1167/673 1004/1154/673
f 1004/1154/674 1016/1167/674 1017/1168/674 1005/1155/674
f 1005/1155/675 1017/1168/675 1018/1169/675 1006/1156/675
f 1006/1156/676 1018/1169/676 1019/1170/676 1007/1157/676
f 1007/1157/677 1019/1170/677 1020/1171/677 1008/1158/677
f 1008/1158/678 1020/1171/678 1009/1159/678 997/1146/678
f 1009/1159/679 1021/1172/679 1022/1173/679 1010/1160/679
f 1010/1160/680 1022/1173/680 1023/1174/680 1011/1161/680
f 1011/1161/681 1023/1174/681 1024/1175/681 1012/1162/681
f 1012/1162/682 1024/1175/682 1025/1176/682 1013/1163/682
f 1013/1163/683 1025/1176/683 1026/1177/683 1014/1164/683
f 1014/1164/684 1026/1177/684 1027/1178/684 1015/1165/684
f 1015/1166/685 1027/1179/685 1028/1180/685 1016/1167/685
f 1016/1167/686 1028/1180/686 1029/1181/686 1017/1168/686
f 1017/1168/687 1029/1181/687 1030/1182/687 1018/1169/687
f 1018/1169/688 1030/1182/688 1031/1183/688 1019/1170/688
f 1019/1170/689 1031/1183/689 1032/1184/689 1020/1171/689
f 1020/1171/690 1032/1184/690 1021/1172/690 1009/1159/690
f 1021/1172/691 1033/1185/691 1034/1186/691 1022/1173/691
f 1022/1173/692 1034/1186/692 1035/1187/692 1023/1174/692
f 1023/1174/693 1035/1187/693 1036/1188/693 1024/1175/693
f 1024/1175/694 1036/1188/694 1037/1189/694 1025/1176/694
f 1025/1176/695 1037/1189/695 1038/1190/695 1026/1177/695
f 1026/1177/696 1038/1190/696 1039/1191/696 1027/1178/696
f 1027/1179/697 1039/1192/697 1040/1193/697 1028/1180/697
f 1028/1180/698 1040/1193/698 1041/1194/698 1029/1181/698
f 1029/1181/699 1041/1194/699 1042/1195/699 1030/1182/699
f 1030/1182/700 1042/1195/700 1043/1196/700 1031/1183/700
f 1031/1183/701 1043/1196/701 1044/1197/701 1032/1184/701
f 1032/1184/702 1044/1197/702 1033/1185/702 1021/1172/702
f 1033/1185/703 1045/1198/703 1046/1199/703 1034/1186/703
f 1034/1186/704 1046/1199/704 1047/1200/704 1035/1187/704
f 1035/1187/705 1047/1200/705 1048/1201/705 1036/1188/705
f 1036/1188/706 1048/1201/706 1049/1202/706 1037/1189/706
f 1037/1189/707 1049/1202/707 1050/1203/707 1038/1190/707
f 1038/1190/708 1050/1203/708 1051/1204/708 1039/1191/708
f 1039/1192/709 1051/1205/709 1052/1206/709 1040/1193/709
f 1040/1193/710 1052/1206/710 1053/1207/710 1041/1194/710
f 1041/1194/711 1053/1207/711 1054/1208/711 1042/1195/711
f 1042/1195/712 1054/1208/712 1055/1209/712 1043/1196/712
f 1043/1196/713 1055/1209/713 1056/1210/713 1044/1197/713
f 1044/1197/714 1056/1210/714 1045/1198/714 1033/1185/714
f 1045/1198/715 1057/1211/715 1058/1212/715 1046/1199/715
f 1046/1199/716 1058/1212/716 1059/1213/716 1047/1200/716
f 1047/1200/717 1059/1213/717 1060/1214/717 1048/1201/717
f 1048/1201/718 1060/1214/718 1061/1215/718 1049/1202/718
f 1049/1202/719 1061/1215/719 1062/1216/719 1050/1203/719
f 1050/1203/720 1062/1216/720 1063/1217/720 1051/1204/720
f 1051/1205/721 1063/1218/721 1064/1219/721 1052/1206/721
f 1052/1206/722 1064/1219/722 1065/1220/722 1053/1207/722
f 1053/1207/723 1065/1220/723 1066/1221/723 1054/1208/723
f 1054/1208/724 1066/1221/724 1067/1222/724 1055/1209/724
f 1055/1209/725 1067/1222/725 1068/1223/725 1056/1210/725
f 1056/1210/726 1068/1223/726 1057/1211/726 1045/1198/726
f 1057/1211/727 1069/1224/727 1070/1225/727 1058/1212/727
f 1058/1212/728 1070/1225/728 1071/1226/728 1059/1213/728
f 1059/1213/729 1071/1226/729 1072/1227/729 1060/1214/729
f 1060/1214/730 1072/1227/730 1073/1228/730 1061/1215/730
f 1061/1215/731 1073/1228/731 1074/1229/731 1062/1216/731
f 1062/1216/732 1074/1229/732 1075/1230/732 1063/1217/732
f 1063/1218/733 1075/1231/733 1076/1232/733 1064/1219/733
f 1064/1219/734 1076/1232/734 1077/1233/734 1065/1220/734
f 1065/1220/735 1077/1233/735 1078/1234/735 1066/1221/735
f 1066/1221/736 1078/1234/736 1079/1235/736 1067/1222/736
f 1067/1222/737 1079/1235/737 1080/1236/737 1068/1223/737
f 1068/1223/738 1080/1236/738 1069/1224/738 1057/1211/738
f 1069/1237/456 1081/1238/456 1082/1239/456 1070/1240/456
f 1070/1240/455 1082/1239/455 1083/1241/455 1071/1242/455
f 1071/1242/454 1083/1241/454 1084/1243/454 1072/1244/454
f 1072/1244/453 1084/1243/453 1085/1245/453 1073/1246/453
f 1073/1246/452 1085/1245/452 1086/1247/452 1074/1248/452
f 1074/1248/451 1086/1247/451 1087/1249/451 1075/1250/451
f 1075/1251/462 1087/1252/462 1088/1253/462 1076/1254/462
f 1076/1254/461 1088/1253/461 1089/1255/461 1077/1256/461
f 1077/1256/460 1089/1255/460 1090/1257/460 1078/1258/460
f 1078/1258/459 1090/1257/459 1091/1259/459 1079/1260/459
f 1079/1260/458 1091/1259/458 1092/1261/458 1080/1262/458
f 1080/1262/457 1092/1261/457 1081/1238/457 1069/1237/457
f 1081/1238/468 1093/1263/468 1094/1264/468 1082/1239/468
f 1082/1239/467 1094/1264/467 1095/1265/467 1083/1241/467
f 1083/1241/466 1095/1265/466 1096/1266/466 1084/1243/466
f 1084/1243/465 1096/1266/465 1097/1267/465 1085/1245/465
f 1085/1245/464 1097/1267/464 1098/1268/464 1086/1247/464
f 1086/1247/463 1098/1268/463 1099/1269/463 1087/1249/463
f 1087/1252/474 1099/1270/474 1100/1271/474 1088/1253/474
f 1088/1253/473 1100/1271/473 1101/1272/473 1089/1255/473
f 1089/1255/472 1101/1272/472 1102/1273/472 1090/1257/472
f 1090/1257/471 1102/1273/471 1103/1274/471 1091/1259/471
f 1091/1259/470 1103/1274/470 1104/1275/470 1092/1261/470
f 1092/1261/469 1104/1275/469 1093/1263/469 1081/1238/469
f 1093/1263/480 1105/1276/480 1106/1277/480 1094/1264/480
f 1094/1264/479 1106/1277/479 1107/1278/479 1095/1265/479
f 1095/1265/478 1107/1278/478 1108/1279/478 1096/1266/478
f 1096/1266/477 1108/1279/477 1109/1280/477 1097/1267/477
f 1097/1267/476 1109/1280/476 1110/1281/476 1098/1268/476
f 1098/1268/475 1110/1281/475 1111/1282/475 1099/1269/475
f 1099/1270/486 1111/1283/486 1112/1284/486 1100/1271/486
f 1100/1271/485 1112/1284/485 1113/1285/485 1101/1272/485
f 1101/1272/484 1113/1285/484 1114/1286/484 1102/1273/484
f 1102/1273/483 1114/1286/483 1115/1287/483 1103/1274/483
f 1103/1274/482 1115/1287/482 1116/1288/482 1104/1275/482
f 1104/1275/481 1116/1288/481 1105/1276/481 1093/1263/481
f 1105/1276/492 1117/1289/492 1118/1290/492 1106/1277/492
f 1106/1277/491 1118/1290/491 1119/1291/491 1107/1278/491
f 1107/1278/490 1119/1291/490 1120/1292/490 1108/1279/490
f 1108/1279/489 1120/1292/489 1121/1293/489 1109/1280/489
f 1109/1280/488 1121/1293/488 1122/1294/488 1110/1281/488
f 1110/1281/487 1122/1294/487 1123/1295/487 1111/1282/487
f 1111/1283/498 1123/1296/498 1124/1297/498 1112/1284/498
f 1112/1284/497 1124/1297/497 1125/1298/497 1113/1285/497
f 1113/1285/496 1125/1298/496 1126/1299/496 1114/1286/496
f 1114/1286/495 1126/1299/495 1127/1300/495 1115/1287/495
f 1115/1287/494 1127/1300/494 1128/1301/494 1116/1288/494
f 1116/1288/493 1128/1301/493 1117/1289/493 1105/1276/493
f 1117/1289/504 1129/1302/504 1130/1303/504 1118/1290/504
f 1118/1290/503 1130/1303/503 1131/1304/503 1119/1291/503
f 1119/1291/502 1131/1304/502 1132/1305/502 1120/1292/502
f 1120/1292/501 1132/1305/501 1133/1306/501 1121/1293/501
f 1121/1293/500 1133/1306/500 1134/1307/500 1122/1294/500
f 1122/1294/499 1134/1307/499 1135/1308/499 1123/1295/499
f 1123/1296/510 1135/1309/510 1136/1310/510 1124/1297/510
f 1124/1297/509 1136/1310/509 1137/1311/509 1125/1298/509
f 1125/1298/508 1137/1311/508 1138/1312/508 1126/1299/508
f 1126/1299/507 1138/1312/507 1139/1313/507 1127/1300/507
f 1127/1300/506 1139/1313/506 1140/1314/506 1128/1301/506
f 1128/1301/505 1140/1314/505 1129/1302/505 1117/1289/505
f 1129/1302/516 1141/1315/516 1142/1316/516 1130/1303/516
f 1130/1303/515 1142/1316/515 1143/1317/515 1131/1304/515
f 1131/1304/514 1143/1317/514 1144/1318/514 1132/1305/514
f 1132/1305/513 1144/1318/513 1145/1319/513 1133/1306/513
f 1133/1306/512 1145/1319/512 1146/1320/512 1134/1307/512
f 1134/1307/511 1146/1320/511 1147/1321/511 1135/1308/511
f 1135/1309/522 1147/1322/522 1148/1323/522 1136/1310/522
f 1136/1310/521 1148/1323/521 1149/1324/521 1137/1311/521
f 1137/1311/520 1149/1324/520 1150/1325/520 1138/1312/520
f 1138/1312/519 1150/1325/519 1151/1326/519 1139/1313/519
f 1139/1313/518 1151/1326/518 1152/1327/518 1140/1314/518
f 1140/1314/517 1152/1327/517 1141/1315/517 1129/1302/517
f 1141/1315/528 1153/1328/528 1154/1329/528 1142/1316/528
f 1142/1316/527 1154/1329/527 1155/1330/527 1143/1317/527
f 1143/1317/526 1155/1330/526 1156/1331/526 1144/1318/526
f 1144/1318/525 1156/1331/525 1157/1332/525 1145/1319/525
f 1145/1319/524 1157/1332/524 1158/1333/524 1146/1320/524
f 1146/1320/523 1158/1333/523 1159/1334/523 1147/1321/523
f 1147/1322/534 1159/1335/534 1160/1336/534 1148/1323/534
f 1148/1323/533 1160/1336/533 1161/1337/533 1149/1324/533
f 1149/1324/532 1161/1337/532 1162/1338/532 1150/1325/532
f 1150/1325/531 1162/1338/531 1163/1339/531 1151/1326/531
f 1151/1326/530 1163/1339/530 1164/1340/530 1152/1327/530
f 1152/1327/529 1164/1340/529 1153/1328/529 1141/1315/529
f 1153/1328/540 1165/1341/540 1166/1342/540 1154/1329/540
f 1154/1329/539 1166/1342/539 1167/1343/539 1155/1330/539
f 1155/1330/538 1167/1343/538 1168/1344/538 1156/1331/538
f 1156/1331/537 1168/1344/537 1169/1345/537 1157/1332/537
f 1157/1332/536 1169/1345/536 1170/1346/536 1158/1333/536
f 1158/1333/535 1170/1346/535 1171/1347/535 1159/1334/535
f 1159/1335/546 1171/1348/546 1172/1349/546 1160/1336/546
f 1160/1336/545 1172/1349/545 1173/1350/545 1161/1337/545
f 1161/1337/544 1173/1350/544 1174/1351/544 1162/1338/544
f 1162/1338/543 1174/1351/543 1175/1352/543 1163/1339/543
f 1163/1339/542 1175/1352/542 1176/1353/542 1164/1340/542
f 1164/1340/541 1176/1353/541 1165/1341/541 1153/1328/541
f 1165/1341/552 1177/1354/552 1178/1355/552 1166/1342/552
f 1166/1342/551 1178/1355/551 1179/1356/551 1167/1343/551
f 1167/1343/550 1179/1356/550 1180/1357/550 1168/1344/550
f 1168/1344/549 1180/1357/549 1181/1358/549 1169/1345/549
f 1169/1345/548 1181/1358/548 1182/1359/548 1170/1346/548
f 1170/1346/547 1182/1359/547 1183/1360/547 1171/1347/547
f 1171/1348/558 1183/1361/558 1184/1362/558 1172/1349/558
f 1172/1349/557 1184/1362/557 1185/1363/557 1173/1350/557
f 1173/1350/556 1185/1363/556 1186/1364/556 1174/1351/556
f 1174/1351/555 1186/1364/555 1187/1365/555 1175/1352/555
f 1175/1352/554 1187/1365/554 1188/1366/554 1176/1353/554
f 1176/1353/553 1188/1366/553 1177/1354/553 1165/1341/553
f 1177/1354/564 1189/1367/564 1190/1368/564 1178/1355/564
f 1178/1355/563 1190/1368/563 1191/1369/563 1179/1356/563
f 1179/1356/562 1191/1369/562 1192/1370/562 1180/1357/562
f 1180/1357/561 1192/1370/561 1193/1371/561 1181/1358/561
f 1181/1358/560 1193/1371/560 1194/1372/560 1182/1359/560
f 1182/1359/559 1194/1372/559 1195/1373/559 1183/1360/559
f 1183/1361/570 1195/1374/570 1196/1375/570 1184/1362/570
f 1184/1362/569 1196/1375/569 1197/1376/569 1185/1363/569
f 1185/1363/568 1197/1376/568 1198/1377/568 1186/1364/568
f 1186/1364/567 1198/1377/567 1199/1378/567 1187/1365/567
f 1187/1365/566 1199/1378/566 1200/1379/566 1188/1366/566
f 1188/1366/565 1200/1379/565 1189/1367/565 1177/1354/565
f 1189/1367/576 1201/1380/576 1202/1381/576 1190/1368/576
f 1190/1368/575 1202/1381/575 1203/1382/575 1191/1369/575
f 1191/1369/574 1203/1382/574 1204/1383/574 1192/1370/574
f 1192/1370/573 1204/1383/573 1205/1384/573 1193/1371/573
f 1193/1371/572 1205/1384/572 1206/1385/572 1194/1372/572
f 1194/1372/571 1206/1385/571 1207/1386/571 1195/1373/571
f 1195/1374/582 1207/1387/582 1208/1388/582 1196/1375/582
f 1196/1375/581 1208/1388/581 1209/1389/581 1197/1376/581
f 1197/1376/580 1209/1389/580 1210/1390/580 1198/1377/580
f 1198/1377/579 1210/1390/579 1211/1391/579 1199/1378/579
f 1199/1378/578 1211/1391/578 1212/1392/578 1200/1379/578
f 1200/1379/577 1212/1392/577 1201/1380/577 1189/1367/577
f 1201/1380/588 1213/1393/588 1214/1394/588 1202/1381/588
f 1202/1381/587 1214/1394/587 1215/1395/587 1203/1382/587
f 1203/1382/586 1215/1395/586 1216/1396/586 1204/1383/586
f 1204/1383/585 1216/1396/585 1217/1397/585 1205/1384/585
f 1205/1384/584 1217/1397/584 1218/1398/584 1206/1385/584
f 1206/1385/583 1218/1398/583 1219/1399/583 1207/1386/583
f 1207/1387/594 1219/1400/594 1220/1401/594 1208/1388/594
f 1208/1388/593 1220/1401/593 1221/1402/593 1209/1389/593
f 1209/1389/592 1221/1402/592 1222/1403/592 1210/1390/592
f 1210/1390/591 1222/1403/591 1223/1404/591 1211/1391/591
f 1211/1391/590 1223/1404/590 1224/1405/590 1212/1392/590
f 1212/1392/589 1224/1405/589 1213/1393/589 1201/1380/589
f 1213/1393/600 1225/1406/600 1226/1407/600 1214/1394/600
f 1214/1394/599 1226/1407/599 1227/1408/599 1215/1395/599
f 1215/1395/598 1227/1408/598 1228/1409/598 1216/1396/598
f 1216/1396/597 1228/1409/597 1229/1410/597 1217/1397/597
f 1217/1397/596 1229/1410/596 1230/1411/596 1218/1398/596
f 1218/1398/595 1230/1411/595 1231/1412/595 1219/1399/595
f 1219/1400/606 1231/1413/606 1232/1414/606 1220/1401/606
f 1220/1401/605 1232/1414/605 1233/1415/605 1221/1402/605
f 1221/1402/604 1233/1415/604 1234/1416/604 1222/1403/604
f 1222/1403/603 1234/1416/603 1235/1417/603 1223/1404/603
f 1223/1404/602 1235/1417/602 1236/1418/602 1224/1405/602
f 1224/1405/601 1236/1418/601 1225/1406/601 1213/1393/601
f 1225/1406/612 1237/1419/612 1238/1420/612 1226/1407/612
f 1226/1407/611 1238/1420/611 1239/1421/611 1227/1408/611
f 1227/1408/610 1239/1421/610 1240/1422/610 1228/1409/610
f 1228/1409/609 1240/1422/609 1241/1423/609 1229/1410/609
f 1229/1410/608 1241/1423/608 1242/1424/608 1230/1411/608
f 1230/1411/607 1242/1424/607 1243/1425/607 1231/1412/607
f 1231/1413/618 1243/1426/618 1244/1427/618 1232/1414/618
f 1232/1414/617 1244/1427/617 1245/1428/617 1233/1415/617
f 1233/1415/616 1245/1428/616 1246/1429/616 1234/1416/616
f 1234/1416/615 1246/1429/615 1247/1430/615 1235/1417/615
f 1235/1417/614 1247/1430/614 1248/1431/614 1236/1418/614
f 1236/1418/613 1248/1431/613 1237/1419/613 1225/1406/613
f 1237/1419/624 1249/1432/624 1250/1433/624 1238/1420/624
f 1238/1420/623 1250/1433/623 1251/1434/623 1239/1421/623
f 1239/1421/622 1251/1434/622 1252/1435/622 1240/1422/622
f 1240/1422/621 1252/1435/621 1253/1436/621 1241/1423/621
f 1241/1423/620 1253/1436/620 1254/1437/620 1242/1424/620
f 1242/1424/619 1254/1437/619 1255/1438/619 1243/1425/619
f 1243/1426/630 1255/1439/630 1256/1440/630 1244/1427/630
f 1244/1427/629 1256/1440/629 1257/1441/629 1245/1428/629
f 1245/1428/628 1257/1441/628 1258/1442/628 1246/1429/628
f 1246/1429/627 1258/1442/627 1259/1443/627 1247/1430/627
f 1247/1430/626 1259/1443/626 1260/1444/626 1248/1431/626
f 1248/1431/625 1260/1444/625 1249/1432/625 1237/1419/625
f 1249/1432/636 1261/1445/636 1262/1446/636 1250/1433/636
f 1250/1433/635 1262/1446/635 1263/1447/635 1251/1434/635
f 1251/1434/634 1263/1447/634 1264/1448/634 1252/1435/634
f 1252/1435/633 1264/1448/633 1265/1449/633 1253/1436/633
f 1253/1436/632 1265/1449/632 1266/1450/632 1254/1437/632
f 1254/1437/631 1266/1450/631 1267/1451/631 1255/1438/631
f 1255/1439/642 1267/1452/642 1268/1453/642 1256/1440/642
f 1256/1440/641 1268/1453/641 1269/1454/641 1257/1441/641
f 1257/1441/640 1269/1454/640 1270/1455/640 1258/1442/640
f 1258/1442/639 1270/1455/639 1271/1456/639 1259/1443/639
f 1259/1443/638 1271/1456/638 1272/1457/638 1260/1444/638
f 1260/1444/637 1272/1457/637 1261/1445/637 1249/1432/637
f 1261/1445/648 1273/1458/648 1274/1459/648 1262/1446/648
f 1262/1446/647 1274/1459/647 1275/1460/647 1263/1447/647
f 1263/1447/646 1275/1460/646 1276/1461/646 1264/1448/646
f 1264/1448/645 1276/1461/645 1277/1462/645 1265/1449/645
f 1265/1449/644 1277/1462/644 1278/1463/644 1266/1450/644
f 1266/1450/643 1278/1463/643 1279/1464/643 1267/1451/643
f 1267/1452/654 1279/1465/654 1280/1466/654 1268/1453/654
f 1268/1453/653 1280/1466/653 1281/1467/653 1269/1454/653
f 1269/1454/652 1281/1467/652 1282/1468/652 1270/1455/652
f 1270/1455/651 1282/1468/651 1283/1469/651 1271/1456/651
f 1271/1456/650 1283/1469/650 1284/1470/650 1272/1457/650
f 1272/1457/649 1284/1470/649 1273/1458/649 1261/1445/649
f 1273/1458/660 1285/1471/660 1286/1472/660 1274/1459/660
f 1274/1459/659 1286/1472/659 1287/1473/659 1275/1460/659
f 1275/1460/658 1287/1473/658 1288/1474/658 1276/1461/658
f 1276/1461/657 1288/1474/657 1289/1475/657 1277/1462/657
f 1277/1462/656 1289/1475/656 1290/1476/656 1278/1463/656
f 1278/1463/655 1290/1476/655 1291/1477/655 1279/1464/655
f 1279/1465/666 1291/1478/666 1292/1479/666 1280/1466/666
f 1280/1466/665 1292/1479/665 1293/1480/665 1281/1467/665
f 1281/1467/664 1293/1480/664 1294/1481/664 1282/1468/664
f 1282/1468/663 1294/1481/663 1295/1482/663 1283/1469/663
f 1283/1469/662 1295/1482/662 1296/1483/662 1284/1470/662
f 1284/1470/661 1296/1483/661 1285/1471/661 1273/1458/661
f 1285/1471/672 1297/1484/672 1298/1485/672 1286/1472/672
f 1286/1472/671 1298/1485/671 1299/1486/671 1287/1473/671
f 1287/1473/670 1299/1486/670 1300/1487/670 1288/1474/670
f 1288/1474/669 1300/1487/669 1301/1488/669 1289/1475/669
f 1289/1475/668 1301/1488/668 1302/1489/668 1290/1476/668
f 1290/1476/667 1302/1489/667 1303/1490/667 1291/1477/667
f 1291/1478/678 1303/1491/678 1304/1492/678 1292/1479/678
f 1292/1479/677 1304/1492/677 1305/1493/677 1293/1480/677
f 1293/1480/676 1305/1493/676 1306/1494/676 1294/1481/676
f 1294/1481/675 1306/1494/675 1307/1495/675 1295/1482/675
f 1295/1482/674 1307/1495/674 1308/1496/674 1296/1483/674
f 1296/1483/673 1308/1496/673 1297/1484/673 1285/1471/673
f 1297/1484/684 1309/1497/684 1310/1498/684 1298/1485/684
f 1298/1485/683 1310/1498/683 1311/1499/683 1299/1486/683
f 1299/1486/682 1311/1499/682 1312/1500/682 1300/1487/682
f 1300/1487/681 1312/1500/681 1313/1501/681 1301/1488/681
f 1301/1488/680 1313/1501/680 1314/1502/680 1302/1489/680
f 1302/1489/679 1314/1502/679 1315/1503/679 1303/1490/679
f 1303/1491/690 1315/1504/690 1316/1505/690 1304/1492/690
f 1304/1492/689 1316/1505/689 1317/1506/689 1305/1493/689
f 1305/1493/688 1317/1506/688 1318/1507/688 1306/1494/688
f 1306/1494/687 1318/1507/687 1319/1508/687 1307/1495/687
f 1307/1495/686 1319/1508/686 1320/1509/686 1308/1496/686
f 1308/1496/685 1320/1509/685 1309/1497/685 1297/1484/685
f 1309/1497/696 1321/1510/696 1322/1511/696 1310/1498/696
f 1310/1498/695 1322/1511/695 1323/1512/695 1311/1499/695
f 1311/1499/694 1323/1512/694 1324/1513/694 1312/1500/694
f 1312/1500/693 1324/1513/693 1325/1514/693 1313/1501/693
f 1313/1501/692 1325/1514/692 1326/1515/692 1314/1502/692
f 1314/1502/691 1326/1515/691 1327/1516/691 1315/1503/691
f 1315/1504/702 1327/1517/702 1328/1518/702 1316/1505/702
f 1316/1505/701 1328/1518/701 1329/1519/701 1317/1506/701
f 1317/1506/700 1329/1519/700 1330/1520/700 1318/1507/700
f 1318/1507/699 1330/1520/699 1331/1521/699 1319/1508/699
f 1319/1508/698 1331/1521/698 1332/1522/698 1320/1509/698
f 1320/1509/697 1332/1522/697 1321/1510/697 1309/1497/697
f 1321/1510/708 1333/1523/708 1334/1524/708 1322/1511/708
f 1322/1511/707 1334/1524/707 1335/1525/707 1323/1512/707
f 1323/1512/706 1335/1525/706 1336/1526/706 1324/1513/706
f 1324/1513/705 1336/1526/705 1337/1527/705 1325/1514/705
f 1325/1514/704 1337/1527/704 1338/1528/704 1326/1515/704
f 1326/1515/703 1338/1528/703 1339/1529/703 1327/1516/703
f 1327/1517/714 1339/1530/714 1340/1531/714 1328/1518/714
f 1328/1518/713 1340/1531/713 1341/1532/713 1329/1519/713
f 1329/1519/712 1341/1532/712 1342/1533/712 1330/1520/712
f 1330/1520/711 1342/1533/711 1343/1534/711 1331/1521/711
f 1331/1521/710 1343/1534/710 1344/1535/710 1332/1522/710
f 1332/1522/709 1344/1535/709 1333/1523/709 1321/1510/709
f 1333/1523/720 1345/1536/720 1346/1537/720 1334/1524/720
f 1334/1524/719 1346/1537/719 1347/1538/719 1335/1525/719
f 1335/1525/718 1347/1538/718 1348/1539/718 1336/1526/718
f 1336/1526/717 1348/1539/717 1349/1540/717 1337/1527/717
f 1337/1527/716 1349/1540/716 1350/1541/716 1338/1528/716
f 1338/1528/715 1350/1541/715 1351/1542/715 1339/1529/715
f 1339/1530/726 1351/1543/726 1352/1544/726 1340/1531/726
f 1340/1531/725 1352/1544/725 1353/1545/725 1341/1532/725
f 1341/1532/724 1353/1545/724 1354/1546/724 1342/1533/724
f 1342/1533/723 1354/1546/723 1355/1547/723 1343/1534/723
f 1343/1534/722 1355/1547/722 1356/1548/722 1344/1535/722
f 1344/1535/721 1356/1548/721 1345/1536/721 1333/1523/721
f 1345/1536/732 781/912/732 782/915/732 1346/1537/732
f 1346/1537/731 782/915/731 783/917/731 1347/1538/731
f 1347/1538/730 783/917/730 784/919/730 1348/1539/730
f 1348/1539/729 784/919/729 785/921/729 1349/1540/729
f 1349/1540/728 785/921/728 786/923/728 1350/1541/728
f 1350/1541/727 786/923/727 787/925/727 1351/1542/727
f 1351/1543/738 787/926/738 788/929/738 1352/1544/738
f 1352/1544/737 788/929/737 789/931/737 1353/1545/737
f 1353/1545/736 789/931/736 790/933/736 1354/1546/736
f 1354/1546/735 790/933/735 791/935/735 1355/1547/735
f 1355/1547/734 791/935/734 792/937/734 1356/1548/734
f 1356/1548/733 792/937/733 781/912/733 1345/1536/733
o Halka.003
v -3.591311 -0.512415 -12.620199
v -3.454941 -0.494997 -12.620199
v -3.355110 -0.447408 -12.620199
v -3.318570 -0.382401 -12.620199
v -3.355110 -0.317394 -12.620199
v -3.454941 -0.269805 -12.620199
v -3.591311 -0.252386 -12.620199
v -3.727682 -0.269805 -12.620199
v -3.827513 -0.317394 -12.620199
v -3.864053 -0.382401 -12.620199
v -3.827513 -0.447408 -12.620199
v -3.727682 -0.494997 -12.620199
v -3.591311 -0.506854 -12.691357
v -3.454941 -0.489584 -12.689449
v -3.355110 -0.442403 -12.684240
v -3.318570 -0.377952 -12.677125
v -3.355110 -0.313501 -12.670010
v -3.454941 -0.266319 -12.664800
v -3.591311 -0.249049 -12.662893
v -3.727682 -0.266319 -12.664800
v -3.827513 -0.313501 -12.670010
v -3.864053 -0.377952 -12.677125
v -3.827513 -0.442403 -12.684240
v -3.727682 -0.489584 -12.689449
v -3.591311 -0.490265 -12.761296
v -3.454941 -0.473440 -12.757515
v -3.355110 -0.427472 -12.747187
v -3.318570 -0.364680 -12.733077
v -3.355110 -0.301888 -12.718966
v -3.454941 -0.255921 -12.708638
v -3.591311 -0.239096 -12.704857
v -3.727682 -0.255921 -12.708638
v -3.827513 -0.301888 -12.718966
v -3.864053 -0.364680 -12.733077
v -3.827513 -0.427472 -12.747187
v -3.727682 -0.473440 -12.757515
v -3.591311 -0.462931 -12.828821
v -3.454941 -0.446839 -12.823232
v -3.355110 -0.402873 -12.807960
v -3.318570 -0.342814 -12.787097
v -3.355110 -0.282755 -12.766234
v -3.454941 -0.238789 -12.750962
v -3.591311 -0.222696 -12.745373
v -3.727682 -0.238789 -12.750962
v -3.827513 -0.282755 -12.766234
v -3.864053 -0.342814 -12.787097
v -3.827513 -0.402873 -12.807960
v -3.727682 -0.446839 -12.823232
v -3.591311 -0.425322 -12.892777
v -3.454941 -0.410237 -12.885473
v -3.355110 -0.369024 -12.865520
v -3.318570 -0.312726 -12.838262
v -3.355110 -0.256428 -12.811004
v -3.454941 -0.215215 -12.791050
v -3.591311 -0.200130 -12.783746
v -3.727682 -0.215215 -12.791050
v -3.827513 -0.256428 -12.811004
v -3.864053 -0.312726 -12.838262
v -3.827513 -0.369024 -12.865520
v -3.727682 -0.410237 -12.885473
v -3.591311 -0.378080 -12.952069
v -3.454941 -0.364261 -12.943177
v -3.355110 -0.326506 -12.918882
v -3.318570 -0.274933 -12.885695
v -3.355110 -0.223359 -12.852509
v -3.454941 -0.185604 -12.828214
v -3.591311 -0.171785 -12.819322
v -3.727682 -0.185604 -12.828214
v -3.827513 -0.223359 -12.852509
v -3.864053 -0.274933 -12.885695
v -3.827513 -0.326506 -12.918882
v -3.727682 -0.364261 -12.943177
v -3.591311 -0.322013 -13.005683
v -3.454941 -0.309697 -12.995354
v -3.355110 -0.276046 -12.967134
v -3.318570 -0.230079 -12.928586
v -3.355110 -0.184112 -12.890038
v -3.454941 -0.150462 -12.861818
v -3.591311 -0.138145 -12.851489
v -3.727682 -0.150462 -12.861818
v -3.827513 -0.184112 -12.890038
v -3.864053 -0.230079 -12.928586
v -3.827513 -0.276046 -12.967134
v -3.727682 -0.309697 -12.995354
v -3.591311 -0.258082 -13.052701
v -3.454941 -0.247478 -13.041112
v -3.355110 -0.218508 -13.009451
v -3.318570 -0.178934 -12.966200
v -3.355110 -0.139360 -12.922950
v -3.454941 -0.110390 -12.891289
v -3.591311 -0.099786 -12.879700
v -3.727682 -0.110390 -12.891289
v -3.827513 -0.139360 -12.922950
v -3.864053 -0.178934 -12.966200
v -3.827513 -0.218508 -13.009451
v -3.727682 -0.247478 -13.041112
v -3.591311 -0.187379 -13.092319
v -3.454941 -0.178670 -13.079668
v -3.355110 -0.154875 -13.045107
v -3.318570 -0.122372 -12.997894
v -3.355110 -0.089868 -12.950683
v -3.454941 -0.066074 -12.916121
v -3.591311 -0.057365 -12.903471
v -3.727682 -0.066074 -12.916121
v -3.827513 -0.089868 -12.950683
v -3.864053 -0.122372 -12.997894
v -3.827513 -0.154875 -13.045107
v -3.727682 -0.178670 -13.079668
v -3.591311 -0.111115 -13.123857
v -3.454941 -0.104449 -13.110362
v -3.355110 -0.086238 -13.073492
v -3.318570 -0.061361 -13.023126
v -3.355110 -0.036483 -12.972760
v -3.454941 -0.018272 -12.935890
v -3.591311 -0.011606 -12.922395
v -3.727682 -0.018272 -12.935890
v -3.827513 -0.036483 -12.972760
v -3.864053 -0.061361 -13.023126
v -3.827513 -0.086238 -13.073492
v -3.727682 -0.104449 -13.110362
v -3.591311 -0.030594 -13.146780
v -3.454941 -0.026086 -13.132670
v -3.355110 -0.013769 -13.094122
v -3.318570 0.003056 -13.041464
v -3.355110 0.019881 -12.988806
v -3.454941 0.032198 -12.950257
v -3.591311 0.036706 -12.936148
v -3.727682 0.032198 -12.950257
v -3.827513 0.019881 -12.988806
v -3.864053 0.003056 -13.041464
v -3.827513 -0.013769 -13.094122
v -3.727682 -0.026086 -13.132670
v -3.591311 0.052806 -13.160691
v -3.454941 0.055079 -13.146209
v -3.355110 0.061291 -13.106643
v -3.318570 0.069776 -13.052593
v -3.355110 0.078261 -12.998544
v -3.454941 0.084473 -12.958977
v -3.591311 0.086746 -12.944494
v -3.727682 0.084473 -12.958977
v -3.827513 0.078261 -12.998544
v -3.864053 0.069776 -13.052593
v -3.827513 0.061291 -13.106643
v -3.727682 0.055079 -13.146209
v -3.591311 0.137657 -13.165356
v -3.454941 0.137657 -13.150748
v -3.355110 0.137657 -13.110840
v -3.318570 0.137657 -13.056324
v -3.355110 0.137657 -13.001808
v -3.454941 0.137657 -12.961901
v -3.591311 0.137657 -12.947293
v -3.727682 0.137657 -12.961901
v -3.827513 0.137657 -13.001808
v -3.864053 0.137657 -13.056324
v -3.827513 0.137657 -13.110840
v -3.727682 0.137657 -13.150748
v -3.591311 0.222509 -13.160691
v -3.454941 0.220235 -13.146209
v -3.355110 0.214024 -13.106642
v -3.318570 0.205538 -13.052593
v -3.355110 0.197053 -12.998544
v -3.454941 0.190842 -12.958977
v -3.591311 0.188568 -12.944494
v -3.727682 0.190842 -12.958977
v -3.827513 0.197053 -12.998544
v -3.864053 0.205538 -13.052593
v -3.827513 0.214024 -13.106642
v -3.727682 0.220235 -13.146209
v -3.591311 0.305908 -13.146780
v -3.454941 0.301400 -13.132670
v -3.355110 0.289083 -13.094122
v -3.318570 0.272258 -13.041464
v -3.355110 0.255433 -12.988806
v -3.454941 0.243116 -12.950257
v -3.591311 0.238608 -12.936148
v -3.727682 0.243116 -12.950257
v -3.827513 0.255433 -12.988806
v -3.864053 0.272258 -13.041464
v -3.827513 0.289083 -13.094122
v -3.727682 0.301400 -13.132670
v -3.591311 0.386429 -13.123857
v -3.454941 0.379763 -13.110362
v -3.355110 0.361552 -13.073492
v -3.318570 0.336675 -13.023126
v -3.355110 0.311798 -12.972760
v -3.454941 0.293586 -12.935890
v -3.591311 0.286920 -12.922395
v -3.727682 0.293586 -12.935890
v -3.827513 0.311798 -12.972760
v -3.864053 0.336675 -13.023126
v -3.827513 0.361552 -13.073492
v -3.727682 0.379763 -13.110362
v -3.591311 0.462693 -13.092319
v -3.454941 0.453984 -13.079668
v -3.355110 0.430190 -13.045107
v -3.318570 0.397686 -12.997894
v -3.355110 0.365182 -12.950683
v -3.454941 0.341388 -12.916121
v -3.591311 0.332679 -12.903471
v -3.727682 0.341388 -12.916121
v -3.827513 0.365182 -12.950683
v -3.864053 0.397686 -12.997894
v -3.827513 0.430190 -13.045107
v -3.727682 0.453984 -13.079668
v -3.591311 0.533396 -13.052701
v -3.454941 0.522792 -13.041112
v -3.355110 0.493822 -13.009451
v -3.318570 0.454248 -12.966201
v -3.355110 0.414675 -12.922950
v -3.454941 0.385704 -12.891289
v -3.591311 0.375101 -12.879700
v -3.727682 0.385704 -12.891289
v -3.827513 0.414675 -12.922950
v -3.864053 0.454248 -12.966201
v -3.827513 0.493822 -13.009451
v -3.727682 0.522792 -13.041112
v -3.591311 0.597328 -13.005683
v -3.454941 0.585011 -12.995354
v -3.355110 0.551361 -12.967134
v -3.318570 0.505394 -12.928586
v -3.355110 0.459427 -12.890038
v -3.454941 0.425776 -12.861818
v -3.591311 0.413460 -12.851489
v -3.727682 0.425776 -12.861818
v -3.827513 0.459427 -12.890038
v -3.864053 0.505394 -12.928586
v -3.827513 0.551361 -12.967134
v -3.727682 0.585011 -12.995354
v -3.591311 0.653394 -12.952069
v -3.454941 0.639575 -12.943177
v -3.355110 0.601821 -12.918882
v -3.318570 0.550247 -12.885695
v -3.355110 0.498673 -12.852509
v -3.454941 0.460919 -12.828214
v -3.591311 0.447099 -12.819322
v -3.727682 0.460919 -12.828214
v -3.827513 0.498673 -12.852509
v -3.864053 0.550247 -12.885695
v -3.827513 0.601821 -12.918882
v -3.727682 0.639575 -12.943177
v -3.591311 0.700636 -12.892777
v -3.454941 0.685551 -12.885473
v -3.355110 0.644338 -12.865520
v -3.318570 0.588040 -12.838262
v -3.355110 0.531743 -12.811004
v -3.454941 0.490530 -12.791050
v -3.591311 0.475445 -12.783746
v -3.727682 0.490530 -12.791050
v -3.827513 0.531743 -12.811004
v -3.864053 0.588040 -12.838262
v -3.827513 0.644338 -12.865520
v -3.727682 0.685551 -12.885473
v -3.591311 0.738246 -12.828821
v -3.454941 0.722153 -12.823232
v -3.355110 0.678187 -12.807960
v -3.318570 0.618128 -12.787097
v -3.355110 0.558069 -12.766234
v -3.454941 0.514103 -12.750962
v -3.591311 0.498010 -12.745373
v -3.727682 0.514103 -12.750962
v -3.827513 0.558069 -12.766234
v -3.864053 0.618128 -12.787097
v -3.827513 0.678187 -12.807960
v -3.727682 0.722153 -12.823232
v -3.591311 0.765579 -12.761296
v -3.454941 0.748754 -12.757515
v -3.355110 0.702787 -12.747187
v -3.318570 0.639995 -12.733077
v -3.355110 0.577202 -12.718966
v -3.454941 0.531235 -12.708638
v -3.591311 0.514410 -12.704857
v -3.727682 0.531235 -12.708638
v -3.827513 0.577202 -12.718966
v -3.864053 0.639995 -12.733077
v -3.827513 0.702787 -12.747187
v -3.727682 0.748754 -12.757515
v -3.591311 0.782168 -12.691357
v -3.454941 0.764899 -12.689449
v -3.355110 0.717717 -12.684240
v -3.318570 0.653266 -12.677125
v -3.355110 0.588815 -12.670010
v -3.454941 0.541633 -12.664801
v -3.591311 0.524364 -12.662893
v -3.727682 0.541633 -12.664801
v -3.827513 0.588815 -12.670010
v -3.864053 0.653266 -12.677125
v -3.827513 0.717717 -12.684240
v -3.727682 0.764899 -12.689449
v -3.591311 0.787730 -12.620199
v -3.454941 0.770311 -12.620199
v -3.355110 0.722722 -12.620199
v -3.318570 0.657715 -12.620199
v -3.355110 0.592708 -12.620199
v -3.454941 0.545119 -12.620199
v -3.591311 0.527701 -12.620199
v -3.727682 0.545119 -12.620199
v -3.827513 0.592708 -12.620199
v -3.864053 0.657715 -12.620199
v -3.827513 0.722722 -12.620199
v -3.727682 0.770311 -12.620199
v -3.591311 0.782168 -12.549042
v -3.454941 0.764899 -12.550949
v -3.355110 0.717717 -12.556158
v -3.318570 0.653266 -12.563273
v -3.355110 0.588815 -12.570389
v -3.454941 0.541633 -12.575598
v -3.591311 0.524364 -12.577505
v -3.727682 0.541633 -12.575598
v -3.827513 0.588815 -12.570389
v -3.864053 0.653266 -12.563273
v -3.827513 0.717717 -12.556158
v -3.727682 0.764899 -12.550949
v -3.591311 0.765579 -12.479102
v -3.454941 0.748754 -12.482883
v -3.355110 0.702787 -12.493212
v -3.318570 0.639995 -12.507321
v -3.355110 0.577202 -12.521432
v -3.454941 0.531235 -12.531760
v -3.591311 0.514410 -12.535542
v -3.727682 0.531235 -12.531760
v -3.827513 0.577202 -12.521432
v -3.864053 0.639995 -12.507321
v -3.827513 0.702787 -12.493212
v -3.727682 0.748754 -12.482883
v -3.591311 0.738246 -12.411577
v -3.454941 0.722153 -12.417167
v -3.355110 0.678187 -12.432440
v -3.318570 0.618128 -12.453301
v -3.355110 0.558069 -12.474164
v -3.454941 0.514103 -12.489436
v -3.591311 0.498010 -12.495026
v -3.727682 0.514103 -12.489436
v -3.827513 0.558069 -12.474164
v -3.864053 0.618128 -12.453301
v -3.827513 0.678187 -12.432440
v -3.727682 0.722153 -12.417167
v -3.591311 0.700637 -12.347621
v -3.454941 0.685552 -12.354925
v -3.355110 0.644339 -12.374879
v -3.318570 0.588041 -12.402137
v -3.355110 0.531743 -12.429395
v -3.454941 0.490530 -12.449348
v -3.591311 0.475445 -12.456653
v -3.727682 0.490530 -12.449348
v -3.827513 0.531743 -12.429395
v -3.864053 0.588041 -12.402137
v -3.827513 0.644339 -12.374879
v -3.727682 0.685552 -12.354925
v -3.591311 0.653394 -12.288329
v -3.454941 0.639575 -12.297221
v -3.355110 0.601821 -12.321516
v -3.318570 0.550247 -12.354703
v -3.355110 0.498673 -12.387890
v -3.454941 0.460919 -12.412185
v -3.591311 0.447099 -12.421077
v -3.727682 0.460919 -12.412185
v -3.827513 0.498673 -12.387890
v -3.864053 0.550247 -12.354703
v -3.827513 0.601821 -12.321516
v -3.727682 0.639575 -12.297221
v -3.591311 0.597328 -12.234715
v -3.454941 0.585011 -12.245045
v -3.355110 0.551361 -12.273264
v -3.318570 0.505394 -12.311812
v -3.355110 0.459427 -12.350361
v -3.454941 0.425776 -12.378580
v -3.591311 0.413460 -12.388909
v -3.727682 0.425776 -12.378580
v -3.827513 0.459427 -12.350361
v -3.864053 0.505394 -12.311812
v -3.827513 0.551361 -12.273264
v -3.727682 0.585011 -12.245045
v -3.591311 0.533396 -12.187698
v -3.454941 0.522793 -12.199286
v -3.355110 0.493823 -12.230948
v -3.318570 0.454249 -12.274199
v -3.355110 0.414675 -12.317449
v -3.454941 0.385705 -12.349110
v -3.591311 0.375101 -12.360699
v -3.727682 0.385705 -12.349110
v -3.827513 0.414675 -12.317449
v -3.864053 0.454249 -12.274199
v -3.827513 0.493823 -12.230948
v -3.727682 0.522793 -12.199286
v -3.591311 0.462693 -12.148080
v -3.454941 0.453984 -12.160730
v -3.355110 0.430190 -12.195292
v -3.318570 0.397686 -12.242504
v -3.355110 0.365182 -12.289716
v -3.454941 0.341388 -12.324277
v -3.591311 0.332679 -12.336927
v -3.727682 0.341388 -12.324277
v -3.827513 0.365182 -12.289716
v -3.864053 0.397686 -12.242504
v -3.827513 0.430190 -12.195292
v -3.727682 0.453984 -12.160730
v -3.591311 0.386429 -12.116541
v -3.454941 0.379763 -12.130036
v -3.355110 0.361552 -12.166906
v -3.318570 0.336675 -12.217273
v -3.355110 0.311798 -12.267638
v -3.454941 0.293586 -12.304508
v -3.591311 0.286920 -12.318004
v -3.727682 0.293586 -12.304508
v -3.827513 0.311798 -12.267638
v -3.864053 0.336675 -12.217273
v -3.827513 0.361552 -12.166906
v -3.727682 0.379763 -12.130036
v -3.591311 0.305909 -12.093618
v -3.454941 0.301400 -12.107729
v -3.355110 0.289083 -12.146276
v -3.318570 0.272258 -12.198935
v -3.355110 0.255433 -12.251593
v -3.454941 0.243116 -12.290141
v -3.591311 0.238608 -12.304251
v -3.727682 0.243116 -12.290141
v -3.827513 0.255433 -12.251593
v -3.864053 0.272258 -12.198935
v -3.827513 0.289083 -12.146276
v -3.727682 0.301400 -12.107729
v -3.591311 0.222509 -12.079707
v -3.454941 0.220235 -12.094190
v -3.355110 0.214024 -12.133757
v -3.318570 0.205539 -12.187805
v -3.355110 0.197053 -12.241855
v -3.454941 0.190842 -12.281422
v -3.591311 0.188568 -12.295904
v -3.727682 0.190842 -12.281422
v -3.827513 0.197053 -12.241855
v -3.864053 0.205539 -12.187805
v -3.827513 0.214024 -12.133757
v -3.727682 0.220235 -12.094190
v -3.591311 0.137657 -12.075043
v -3.454941 0.137657 -12.089650
v -3.355110 0.137657 -12.129559
v -3.318570 0.137657 -12.184074
v -3.355110 0.137657 -12.238590
v -3.454941 0.137657 -12.278498
v -3.591311 0.137657 -12.293105
v -3.727682 0.137657 -12.278498
v -3.827513 0.137657 -12.238590
v -3.864053 0.137657 -12.184074
v -3.827513 0.137657 -12.129559
v -3.727682 0.137657 -12.089650
v -3.591311 0.052806 -12.079707
v -3.454941 0.055079 -12.094190
v -3.355110 0.061291 -12.133756
v -3.318570 0.069776 -12.187805
v -3.355110 0.078261 -12.241855
v -3.454941 0.084473 -12.281422
v -3.591311 0.086746 -12.295904
v -3.727682 0.084473 -12.281422
v -3.827513 0.078261 -12.241855
v -3.864053 0.069776 -12.187805
v -3.827513 0.061291 -12.133756
v -3.727682 0.055079 -12.094190
v -3.591311 -0.030594 -12.093618
v -3.454941 -0.026085 -12.107728
v -3.355110 -0.013769 -12.146276
v -3.318570 0.003056 -12.198935
v -3.355110 0.019882 -12.251593
v -3.454941 0.032198 -12.290141
v -3.591311 0.036707 -12.304251
v -3.727682 0.032198 -12.290141
v -3.827513 0.019882 -12.251593
v -3.864053 0.003057 -12.198935
v -3.827513 -0.013769 -12.146276
v -3.727682 -0.026085 -12.107728
v -3.591311 -0.111115 -12.116541
v -3.454941 -0.104449 -12.130036
v -3.355110 -0.086238 -12.166906
v -3.318570 -0.061361 -12.217273
v -3.355110 -0.036483 -12.267638
v -3.454941 -0.018272 -12.304508
v -3.591311 -0.011606 -12.318004
v -3.727682 -0.018272 -12.304508
v -3.827513 -0.036483 -12.267638
v -3.864053 -0.061361 -12.217273
v -3.827513 -0.086238 -12.166906
v -3.727682 -0.104449 -12.130036
v -3.591311 -0.187379 -12.148080
v -3.454941 -0.178670 -12.160730
v -3.355110 -0.154875 -12.195292
v -3.318570 -0.122372 -12.242504
v -3.355110 -0.089868 -12.289716
v -3.454941 -0.066074 -12.324277
v -3.591311 -0.057365 -12.336927
v -3.727682 -0.066074 -12.324277
v -3.827513 -0.089868 -12.289716
v -3.864053 -0.122372 -12.242504
v -3.827513 -0.154875 -12.195292
v -3.727682 -0.178670 -12.160730
v -3.591311 -0.258082 -12.187697
v -3.454941 -0.247478 -12.199286
v -3.355110 -0.218508 -12.230947
v -3.318570 -0.178934 -12.274198
v -3.355110 -0.139360 -12.317448
v -3.454941 -0.110390 -12.349110
v -3.591311 -0.099786 -12.360699
v -3.727682 -0.110390 -12.349110
v -3.827513 -0.139360 -12.317448
v -3.864053 -0.178934 -12.274198
v -3.827513 -0.218508 -12.230947
v -3.727682 -0.247478 -12.199286
v -3.591311 -0.322013 -12.234715
v -3.454941 -0.309696 -12.245045
v -3.355110 -0.276046 -12.273264
v -3.318570 -0.230079 -12.311812
v -3.355110 -0.184112 -12.350361
v -3.454941 -0.150462 -12.378580
v -3.591311 -0.138145 -12.388909
v -3.727682 -0.150462 -12.378580
v -3.827513 -0.184112 -12.350361
v -3.864053 -0.230079 -12.311812
v -3.827513 -0.276046 -12.273264
v -3.727682 -0.309696 -12.245045
v -3.591311 -0.378080 -12.288329
v -3.454941 -0.364261 -12.297221
v -3.355110 -0.326506 -12.321516
v -3.318570 -0.274933 -12.354703
v -3.355110 -0.223359 -12.387890
v -3.454941 -0.185604 -12.412185
v -3.591311 -0.171785 -12.421077
v -3.727682 -0.185604 -12.412185
v -3.827513 -0.223359 -12.387890
v -3.864053 -0.274933 -12.354703
v -3.827513 -0.326506 -12.321516
v -3.727682 -0.364261 -12.297221
v -3.591311 -0.425322 -12.347621
v -3.454941 -0.410237 -12.354925
v -3.355110 -0.369024 -12.374879
v -3.318570 -0.312726 -12.402137
v -3.355110 -0.256428 -12.429395
v -3.454941 -0.215215 -12.449348
v -3.591311 -0.200130 -12.456653
v -3.727682 -0.215215 -12.449348
v -3.827513 -0.256428 -12.429395
v -3.864053 -0.312726 -12.402137
v -3.827513 -0.369024 -12.374879
v -3.727682 -0.410237 -12.354925
v -3.591311 -0.462931 -12.411577
v -3.454941 -0.446839 -12.417167
v -3.355110 -0.402873 -12.432439
v -3.318570 -0.342814 -12.453301
v -3.355110 -0.282755 -12.474163
v -3.454941 -0.238789 -12.489436
v -3.591311 -0.222696 -12.495026
v -3.727682 -0.238789 -12.489436
v -3.827513 -0.282755 -12.474163
v -3.864053 -0.342814 -12.453301
v -3.827513 -0.402873 -12.432439
v -3.727682 -0.446839 -12.417167
v -3.591311 -0.490265 -12.479102
v -3.454941 -0.473440 -12.482883
v -3.355110 -0.427472 -12.493212
v -3.318570 -0.364680 -12.507322
v -3.355110 -0.301888 -12.521432
v -3.454941 -0.255921 -12.531760
v -3.591311 -0.239096 -12.535542
v -3.727682 -0.255921 -12.531760
v -3.827513 -0.301888 -12.521432
v -3.864053 -0.364680 -12.507322
v -3.827513 -0.427472 -12.493212
v -3.727682 -0.473440 -12.482883
v -3.591311 -0.506854 -12.549042
v -3.454941 -0.489584 -12.550949
v -3.355110 -0.442403 -12.556158
v -3.318570 -0.377952 -12.563273
v -3.355110 -0.313501 -12.570389
v -3.454941 -0.266319 -12.575599
v -3.591311 -0.249049 -12.577505
v -3.727682 -0.266319 -12.575599
v -3.827513 -0.313501 -12.570389
v -3.864053 -0.377952 -12.563273
v -3.827513 -0.442403 -12.556158
v -3.727682 -0.489584 -12.550949
vn 0.1263 -0.9890 -0.0773
vn 0.4292 -0.9004 -0.0704
vn 0.8711 -0.4896 -0.0383
vn 0.8711 0.4896 0.0383
vn 0.4292 0.9004 0.0704
vn 0.1263 0.9890 0.0773
vn -0.1263 0.9890 0.0773
vn -0.4292 0.9004 0.0704
vn -0.8711 0.4896 0.0383
vn -0.8711 -0.4896 -0.0383
vn -0.4292 -0.9004 -0.0704
vn -0.1263 -0.9890 -0.0773
vn 0.1254 -0.9653 -0.2290
vn 0.4268 -0.8799 -0.2087
vn 0.8696 -0.4804 -0.1140
vn 0.8696 0.4804 0.1140
vn 0.4268 0.8799 0.2087
vn 0.1254 0.9653 0.2290
vn -0.1254 0.9653 0.2290
vn -0.4268 0.8799 0.2087
vn -0.8696 0.4804 0.1140
vn -0.8696 -0.4804 -0.1140
vn -0.4268 -0.8799 -0.2087
vn -0.1254 -0.9653 -0.2290
vn 0.1238 -0.9198 -0.3723
vn 0.4221 -0.8403 -0.3401
vn 0.8667 -0.4623 -0.1871
vn 0.8667 0.4623 0.1871
vn 0.4221 0.8403 0.3401
vn 0.1238 0.9198 0.3723
vn -0.1238 0.9198 0.3723
vn -0.4221 0.8403 0.3401
vn -0.8667 0.4623 0.1871
vn -0.8667 -0.4623 -0.1871
vn -0.4221 -0.8403 -0.3401
vn -0.1238 -0.9198 -0.3723
vn 0.1216 -0.8556 -0.5031
vn 0.4158 -0.7840 -0.4610
vn 0.8627 -0.4359 -0.2563
vn 0.8627 0.4359 0.2563
vn 0.4158 0.7840 0.4610
vn 0.1216 0.8556 0.5031
vn -0.1216 0.8556 0.5031
vn -0.4158 0.7840 0.4610
vn -0.8627 0.4359 0.2563
vn -0.8627 -0.4359 -0.2563
vn -0.4158 -0.7840 -0.4610
vn -0.1216 -0.8556 -0.5031
vn 0.1190 -0.7765 -0.6187
vn 0.4084 -0.7139 -0.5688
vn 0.8579 -0.4018 -0.3202
vn 0.8579 0.4018 0.3202
vn 0.4084 0.7139 0.5688
vn 0.1190 0.7765 0.6187
vn -0.1190 0.7765 0.6187
vn -0.4084 0.7139 0.5688
vn -0.8579 0.4018 0.3202
vn -0.8579 -0.4018 -0.3202
vn -0.4084 -0.7139 -0.5688
vn -0.1190 -0.7765 -0.6187
vn 0.1164 -0.6864 -0.7178
vn 0.4006 -0.6332 -0.6622
vn 0.8526 -0.3611 -0.3776
vn 0.8526 0.3611 0.3776
vn 0.4006 0.6332 0.6622
vn 0.1164 0.6864 0.7178
vn -0.1164 0.6864 0.7178
vn -0.4006 0.6332 0.6622
vn -0.8526 0.3611 0.3776
vn -0.8526 -0.3611 -0.3776
vn -0.4006 -0.6332 -0.6622
vn -0.1164 -0.6864 -0.7178
vn 0.1138 -0.5886 -0.8004
vn 0.3930 -0.5448 -0.7408
vn 0.8473 -0.3147 -0.4279
vn 0.8473 0.3147 0.4279
vn 0.3930 0.5448 0.7408
vn 0.1138 0.5886 0.8004
vn -0.1138 0.5886 0.8004
vn -0.3930 0.5448 0.7408
vn -0.8473 0.3147 0.4279
vn -0.8473 -0.3147 -0.4279
vn -0.3930 -0.5448 -0.7408
vn -0.1138 -0.5886 -0.8004
vn 0.1114 -0.4858 -0.8669
vn 0.3861 -0.4509 -0.8047
vn 0.8422 -0.2636 -0.4704
vn 0.8422 0.2636 0.4704
vn 0.3861 0.4509 0.8047
vn 0.1114 0.4858 0.8669
vn -0.1114 0.4858 0.8669
vn -0.3861 0.4509 0.8047
vn -0.8422 0.2636 0.4704
vn -0.8422 -0.2636 -0.4704
vn -0.3861 -0.4509 -0.8047
vn -0.1114 -0.4858 -0.8669
vn 0.1095 -0.3799 -0.9185
vn 0.3802 -0.3535 -0.8547
vn 0.8377 -0.2087 -0.5047
vn 0.8377 0.2087 0.5047
vn 0.3802 0.3535 0.8547
vn 0.1095 0.3799 0.9185
vn -0.1095 0.3799 0.9185
vn -0.3802 0.3535 0.8547
vn -0.8377 0.2087 0.5047
vn -0.8377 -0.2087 -0.5047
vn -0.3802 -0.3535 -0.8547
vn -0.1095 -0.3799 -0.9185
vn 0.1079 -0.2722 -0.9562
vn 0.3755 -0.2538 -0.8914
vn 0.8341 -0.1510 -0.5305
vn 0.8341 0.1510 0.5305
vn 0.3755 0.2538 0.8914
vn 0.1079 0.2722 0.9562
vn -0.1079 0.2722 0.9562
vn -0.3755 0.2538 0.8914
vn -0.8341 0.1510 0.5305
vn -0.8341 -0.1510 -0.5305
vn -0.3755 -0.2538 -0.8914
vn -0.1079 -0.2722 -0.9562
vn 0.1069 -0.1636 -0.9807
vn 0.3723 -0.1527 -0.9155
vn 0.8316 -0.0914 -0.5478
vn 0.8316 0.0914 0.5478
vn 0.3723 0.1527 0.9155
vn 0.1069 0.1636 0.9807
vn -0.1069 0.1636 0.9807
vn -0.3723 0.1527 0.9155
vn -0.8316 0.0914 0.5478
vn -0.8316 -0.0914 -0.5478
vn -0.3723 -0.1527 -0.9155
vn -0.1069 -0.1636 -0.9807
vn 0.1063 -0.0546 -0.9928
vn 0.3707 -0.0510 -0.9273
vn 0.8303 -0.0306 -0.5565
vn 0.8303 0.0306 0.5565
vn 0.3707 0.0510 0.9273
vn 0.1063 0.0546 0.9928
vn -0.1063 0.0546 0.9928
vn -0.3707 0.0510 0.9273
vn -0.8303 0.0306 0.5565
vn -0.8303 -0.0306 -0.5565
vn -0.3707 -0.0510 -0.9273
vn -0.1063 -0.0546 -0.9928
vn 0.1063 0.0546 -0.9928
vn 0.3707 0.0510 -0.9273
vn 0.8303 0.0306 -0.5565
vn 0.8303 -0.0306 0.5565
vn 0.3707 -0.0510 0.9273
vn 0.1063 -0.0546 0.9928
vn -0.1063 -0.0546 0.9928
vn -0.3707 -0.0510 0.9273
vn -0.8303 -0.0306 0.5565
vn -0.8303 0.0306 -0.5565
vn -0.3707 0.0510 -0.9273
vn -0.1063 0.0546 -0.9928
vn 0.1069 0.1636 -0.9807
vn 0.3723 0.1527 -0.9155
vn 0.8316 0.0914 -0.5478
vn 0.8316 -0.0914 0.5478
vn 0.3723 -0.1527 0.9155
vn 0.1069 -0.1636 0.9807
vn -0.1069 -0.1636 0.9807
vn -0.3723 -0.1527 0.9155
vn -0.8316 -0.0914 0.5478
vn -0.8316 0.0914 -0.5478
vn -0.3723 0.1527 -0.9155
vn -0.1069 0.1636 -0.9807
vn 0.1079 0.2722 -0.9562
vn 0.3755 0.2538 -0.8914
vn 0.8341 0.1510 -0.5305
vn 0.8341 -0.1510 0.5305
vn 0.3755 -0.2538 0.8914
vn 0.1079 -0.2722 0.9562
vn -0.1079 -0.2722 0.9562
vn -0.3755 -0.2538 0.8914
vn -0.8341 -0.1510 0.5305
vn -0.8341 0.1510 -0.5305
vn -0.3755 0.2538 -0.8914
vn -0.1079 0.2722 -0.9562
vn 0.1095 0.3799 -0.9185
vn 0.3802 0.3535 -0.8547
vn 0.8377 0.2087 -0.5047
vn 0.8377 -0.2087 0.5047
vn 0.3802 -0.3535 0.8547
vn 0.1095 -0.3799 0.9185
vn -0.1095 -0.3799 0.9185
vn -0.3802 -0.3535 0.8547
vn -0.8377 -0.2087 0.5047
vn -0.8377 0.2087 -0.5047
vn -0.3802 0.3535 -0.8547
vn -0.1095 0.3799 -0.9185
vn 0.1114 0.4858 -0.8669
vn 0.3861 0.4509 -0.8047
vn 0.8422 0.2636 -0.4704
vn 0.8422 -0.2636 0.4704
vn 0.3861 -0.4509 0.8047
vn 0.1114 -0.4858 0.8669
vn -0.1114 -0.4858 0.8669
vn -0.3861 -0.4509 0.8047
vn -0.8422 -0.2636 0.4704
vn -0.8422 0.2636 -0.4704
vn -0.3861 0.4509 -0.8047
vn -0.1114 0.4858 -0.8669
vn 0.1138 0.5886 -0.8004
vn 0.3930 0.5448 -0.7408
vn 0.8473 0.3147 -0.4279
vn 0.8473 -0.3147 0.4279
vn 0.3930 -0.5448 0.7408
vn 0.1138 -0.5886 0.8004
vn -0.1138 -0.5886 0.8004
vn -0.3930 -0.5448 0.7408
vn -0.8473 -0.3147 0.4279
vn -0.8473 0.3147 -0.4279
vn -0.3930 0.5448 -0.7408
vn -0.1138 0.5886 -0.8004
vn 0.1164 0.6864 -0.7178
vn 0.4006 0.6332 -0.6622
vn 0.8526 0.3611 -0.3776
vn 0.8526 -0.3611 0.3776
vn 0.4006 -0.6332 0.6622
vn 0.1164 -0.6864 0.7178
vn -0.1164 -0.6864 0.7178
vn -0.4006 -0.6332 0.6622
vn -0.8526 -0.3611 0.3776
vn -0.8526 0.3611 -0.3776
vn -0.4006 0.6332 -0.6622
vn -0.1164 0.6864 -0.7178
vn 0.1190 0.7765 -0.6187
vn 0.4084 0.7139 -0.5688
vn 0.8579 0.4018 -0.3202
vn 0.8579 -0.4018 0.3202
vn 0.4084 -0.7139 0.5688
vn 0.1190 -0.7765 0.6187
vn -0.1190 -0.7765 0.6187
vn -0.4084 -0.7139 0.5688
vn -0.8579 -0.4018 0.3202
vn -0.8579 0.4018 -0.3202
vn -0.4084 0.7139 -0.5688
vn -0.1190 0.7765 -0.6187
vn 0.1216 0.8556 -0.5031
vn 0.4158 0.7840 -0.4610
vn 0.8627 0.4359 -0.2563
vn 0.8627 -0.4359 0.2563
vn 0.4158 -0.7840 0.4610
vn 0.1216 -0.8556 0.5031
vn -0.1216 -0.8556 0.5031
vn -0.4158 -0.7840 0.4610
vn -0.8627 -0.4359 0.2563
vn -0.8627 0.4359 -0.2563
vn -0.4158 0.7840 -0.4610
vn -0.1216 0.8556 -0.5031
vn 0.1238 0.9198 -0.3723
vn 0.4221 0.8403 -0.3401
vn 0.8667 0.4623 -0.1871
vn 0.8667 -0.4623 0.1871
vn 0.4221 -0.8403 0.3401
vn 0.1238 -0.9198 0.3723
vn -0.1238 -0.9198 0.3723
vn -0.4221 -0.8403 0.3401
vn -0.8667 -0.4623 0.1871
vn -0.8667 0.4623 -0.1871
vn -0.4221 0.8403 -0.3401
vn -0.1238 0.9198 -0.3723
vn 0.1254 0.9653 -0.2290
vn 0.4268 0.8799 -0.2087
vn 0.8696 0.4804 -0.1140
vn 0.8696 -0.4804 0.1140
vn 0.4268 -0.8799 0.2087
vn 0.1254 -0.9653 0.2290
vn -0.1254 -0.9653 0.2290
vn -0.4268 -0.8799 0.2087
vn -0.8696 -0.4804 0.1140
vn -0.8696 0.4804 -0.1140
vn -0.4268 0.8799 -0.2087
vn -0.1254 0.9653 -0.2290
vn 0.1263 0.9890 -0.0773
vn 0.4292 0.9004 -0.0704
vn 0.8711 0.4896 -0.0383
vn 0.8711 -0.4896 0.0383
vn 0.4292 -0.9004 0.0704
vn 0.1263 -0.9890 0.0773
vn -0.1263 -0.9890 0.0773
vn -0.4292 -0.9004 0.0704
vn -0.8711 -0.4896 0.0383
vn -0.8711 0.4896 -0.0383
vn -0.4292 0.9004 -0.0704
vn -0.1263 0.9890 -0.0773
vt 0.500000 0.500000
vt 0.520833 0.500000
vt 0.520833 0.583333
vt 0.500000 0.583333
vt 0.520833 0.666667
vt 0.500000 0.666667
vt 0.520833 0.750000
vt 0.500000 0.750000
vt 0.520833 0.833333
vt 0.500000 0.833333
vt 0.520833 0.916667
vt 0.500000 0.916667
vt 0.520833 1.000000
vt 0.500000 1.000000
vt 0.500000 0.000000
vt 0.520833 0.000000
vt 0.520833 0.083333
vt 0.500000 0.083333
vt 0.520833 0.166667
vt 0.500000 0.166667
vt 0.520833 0.250000
vt 0.500000 0.250000
vt 0.520833 0.333333
vt 0.500000 0.333333
vt 0.520833 0.416667
vt 0.500000 0.416667
vt 0.541667 0.500000
vt 0.541667 0.583333
vt 0.541667 0.666667
vt 0.541667 0.750000
vt 0.541667 0.833333
vt 0.541667 0.916667
vt 0.541667 1.000000
vt 0.541667 0.000000
vt 0.541667 0.083333
vt 0.541667 0.166667
vt 0.541667 0.250000
vt 0.541667 0.333333
vt 0.541667 0.416667
vt 0.562500 0.500000
vt 0.562500 0.583333
vt 0.562500 0.666667
vt 0.562500 0.750000
vt 0.562500 0.833333
vt 0.562500 0.916667
vt 0.562500 1.000000
vt 0.562500 0.000000
vt 0.562500 0.083333
vt 0.562500 0.166667
vt 0.562500 0.250000
vt 0.562500 0.333333
vt 0.562500 0.416667
vt 0.583333 0.500000
vt 0.583333 0.583333
vt 0.583333 0.666667
vt 0.583333 0.750000
vt 0.583333 0.833333
vt 0.583333 0.916667
vt 0.583333 1.000000
vt 0.583333 0.000000
vt 0.583333 0.083333
vt 0.583333 0.166667
vt 0.583333 0.250000
vt 0.583333 0.333333
vt 0.583333 0.416667
vt 0.604167 0.500000
vt 0.604167 0.583333
vt 0.604167 0.666667
vt 0.604167 0.750000
vt 0.604167 0.833333
vt 0.604167 0.916667
vt 0.604167 1.000000
vt 0.604167 0.000000
vt 0.604167 0.083333
vt 0.604167 0.166667
vt 0.604167 0.250000
vt 0.604167 0.333333
vt 0.604167 0.416667
vt 0.625000 0.500000
vt 0.625000 0.583333
vt 0.625000 0.666667
vt 0.625000 0.750000
vt 0.625000 0.833333
vt 0.625000 0.916667
vt 0.625000 1.000000
vt 0.625000 0.000000
vt 0.625000 0.083333
vt 0.625000 0.166667
vt 0.625000 0.250000
vt 0.625000 0.333333
vt 0.625000 0.416667
vt 0.645833 0.500000
vt 0.645833 0.583333
vt 0.645833 0.666667
vt 0.645833 0.750000
vt 0.645833 0.833333
vt 0.645833 0.916667
vt 0.645833 1.000000
vt 0.645833 0.000000
vt 0.645833 0.083333
vt 0.645833 0.166667
vt 0.645833 0.250000
vt 0.645833 0.333333
vt 0.645833 0.416667
vt 0.666667 0.500000
vt 0.666667 0.583333
vt 0.666667 0.666667
vt 0.666667 0.750000
vt 0.666667 0.833333
vt 0.666667 0.916667
vt 0.666667 1.000000
vt 0.666667 0.000000
vt 0.666667 0.083333
vt 0.666667 0.166667
vt 0.666667 0.250000
vt 0.666667 0.333333
vt 0.666667 0.416667
vt 0.687500 0.500000
vt 0.687500 0.583333
vt 0.687500 0.666667
vt 0.687500 0.750000
vt 0.687500 0.833333
vt 0.687500 0.916667
vt 0.687500 1.000000
vt 0.687500 0.000000
vt 0.687500 0.083333
vt 0.687500 0.166667
vt 0.687500 0.250000
vt 0.687500 0.333333
vt 0.687500 0.416667
vt 0.708333 0.500000
vt 0.708333 0.583333
vt 0.708333 0.666667
vt 0.708333 0.750000
vt 0.708333 0.833333
vt 0.708333 0.916667
vt 0.708333 1.000000
vt 0.708333 0.000000
vt 0.708333 0.083333
vt 0.708333 0.166667
vt 0.708333 0.250000
vt 0.708333 0.333333
vt 0.708333 0.416667
vt 0.729167 0.500000
vt 0.729167 0.583333
vt 0.729167 0.666667
vt 0.729167 0.750000
vt 0.729167 0.833333
vt 0.729167 0.916667
vt 0.729167 1.000000
vt 0.729167 0.000000
vt 0.729167 0.083333
vt 0.729167 0.166667
vt 0.729167 0.250000
vt 0.729167 0.333333
vt 0.729167 0.416667
vt 0.750000 0.500000
vt 0.750000 0.583333
vt 0.750000 0.666667
vt 0.750000 0.750000
vt 0.750000 0.833333
vt 0.750000 0.916667
vt 0.750000 1.000000
vt 0.750000 0.000000
vt 0.750000 0.083333
vt 0.750000 0.166667
vt 0.750000 0.250000
vt 0.750000 0.333333
vt 0.750000 0.416667
vt 0.770833 0.500000
vt 0.770833 0.583333
vt 0.770833 0.666667
vt 0.770833 0.750000
vt 0.770833 0.833333
vt 0.770833 0.916667
vt 0.770833 1.000000
vt 0.770833 0.000000
vt 0.770833 0.083333
vt 0.770833 0.166667
vt 0.770833 0.250000
vt 0.770833 0.333333
vt 0.770833 0.416667
vt 0.791667 0.500000
vt 0.791667 0.583333
vt 0.791667 0.666667
vt 0.791667 0.750000
vt 0.791667 0.833333
vt 0.791667 0.916667
vt 0.791667 1.000000
vt 0.791667 0.000000
vt 0.791667 0.083333
vt 0.791667 0.166667
vt 0.791667 0.250000
vt 0.791667 0.333333
vt 0.791667 0.416667
vt 0.812500 0.500000
vt 0.812500 0.583333
vt 0.812500 0.666667
vt 0.812500 0.750000
vt 0.812500 0.833333
vt 0.812500 0.916667
vt 0.812500 1.000000
vt 0.812500 0.000000
vt 0.812500 0.083333
vt 0.812500 0.166667
vt 0.812500 0.250000
vt 0.812500 0.333333
vt 0.812500 0.416667
vt 0.833333 0.500000
vt 0.833333 0.583333
vt 0.833333 0.666667
vt 0.833333 0.750000
vt 0.833333 0.833333
vt 0.833333 0.916667
vt 0.833333 1.000000
vt 0.833333 0.000000
vt 0.833333 0.083333
vt 0.833333 0.166667
vt 0.833333 0.250000
vt 0.833333 0.333333
vt 0.833333 0.416667
vt 0.854167 0.500000
vt 0.854167 0.583333
vt 0.854167 0.666667
vt 0.854167 0.750000
vt 0.854167 0.833333
vt 0.854167 0.916667
vt 0.854167 1.000000
vt 0.854167 0.000000
vt 0.854167 0.083333
vt 0.854167 0.166667
vt 0.854167 0.250000
vt 0.854167 0.333333
vt 0.854167 0.416667
vt 0.875000 0.500000
vt 0.875000 0.583333
vt 0.875000 0.666667
vt 0.875000 0.750000
vt 0.875000 0.833333
vt 0.875000 0.916667
vt 0.875000 1.000000
vt 0.875000 0.000000
vt 0.875000 0.083333
vt 0.875000 0.166667
vt 0.875000 0.250000
vt 0.875000 0.333333
vt 0.875000 0.416667
vt 0.895833 0.500000
vt 0.895833 0.583333
vt 0.895833 0.666667
vt 0.895833 0.750000
vt 0.895833 0.833333
vt 0.895833 0.916667
vt 0.895833 1.000000
vt 0.895833 0.000000
vt 0.895833 0.083333
vt 0.895833 0.166667
vt 0.895833 0.250000
vt 0.895833 0.333333
vt 0.895833 0.416667
vt 0.916667 0.500000
vt 0.916667 0.583333
vt 0.916667 0.666667
vt 0.916667 0.750000
vt 0.916667 0.833333
vt 0.916667 0.916667
vt 0.916667 1.000000
vt 0.916667 0.000000
vt 0.916667 0.083333
vt 0.916667 0.166667
vt 0.916667 0.250000
vt 0.916667 0.333333
vt 0.916667 0.416667
vt 0.937500 0.500000
vt 0.937500 0.583333
vt 0.937500 0.666667
vt 0.937500 0.750000
vt 0.937500 0.833333
vt 0.937500 0.916667
vt 0.937500 1.000000
vt 0.937500 0.000000
vt 0.937500 0.083333
vt 0.937500 0.166667
vt 0.937500 0.250000
vt 0.937500 0.333333
vt 0.937500 0.416667
vt 0.958333 0.500000
vt 0.958333 0.583333
vt 0.958333 0.666667
vt 0.958333 0.750000
vt 0.958333 0.833333
vt 0.958333 0.916667
vt 0.958333 1.000000
vt 0.958333 0.000000
vt 0.958333 0.083333
vt 0.958333 0.166667
vt 0.958333 0.250000
vt 0.958333 0.333333
vt 0.958333 0.416667
vt 0.979167 0.500000
vt 0.979167 0.583333
vt 0.979167 0.666667
vt 0.979167 0.750000
vt 0.979167 0.833333
vt 0.979167 0.916667
vt 0.979167 1.000000
vt 0.979167 0.000000
vt 0.979167 0.083333
vt 0.979167 0.166667
vt 0.979167 0.250000
vt 0.979167 0.333333
vt 0.979167 0.416667
vt 1.000000 0.500000
vt 1.000000 0.583333
vt 1.000000 0.666667
vt 1.000000 0.750000
vt 1.000000 0.833333
vt 1.000000 0.916667
vt 1.000000 1.000000
vt 1.000000 0.000000
vt 1.000000 0.083333
vt 1.000000 0.166667
vt 1.000000 0.250000
vt 1.000000 0.333333
vt 1.000000 0.416667
vt 0.000000 0.500000
vt 0.020833 0.500000
vt 0.020833 0.583333
vt 0.000000 0.583333
vt 0.020833 0.666667
vt 0.000000 0.666667
vt 0.020833 0.750000
vt 0.000000 0.750000
vt 0.020833 0.833333
vt 0.000000 0.833333
vt 0.020833 0.916667
vt 0.000000 0.916667
vt 0.020833 1.000000
vt 0.000000 1.000000
vt 0.000000 0.000000
vt 0.020833 0.000000
vt 0.020833 0.083333
vt 0.000000 0.083333
vt 0.020833 0.166667
vt 0.000000 0.166667
vt 0.020833 0.250000
vt 0.000000 0.250000
vt 0.020833 0.333333
vt 0.000000 0.333333
vt 0.020833 0.416667
vt 0.000000 0.416667
vt 0.041667 0.500000
vt 0.041667 0.583333
vt 0.041667 0.666667
vt 0.041667 0.750000
vt 0.041667 0.833333
vt 0.041667 0.916667
vt 0.041667 1.000000
vt 0.041667 0.000000
vt 0.041667 0.083333
vt 0.041667 0.166667
vt 0.041667 0.250000
vt 0.041667 0.333333
vt 0.041667 0.416667
vt 0.062500 0.500000
vt 0.062500 0.583333
vt 0.062500 0.666667
vt 0.062500 0.750000
vt 0.062500 0.833333
vt 0.062500 0.916667
vt 0.062500 1.000000
vt 0.062500 0.000000
vt 0.062500 0.083333
vt 0.062500 0.166667
vt 0.062500 0.250000
vt 0.062500 0.333333
vt 0.062500 0.416667
vt 0.083333 0.500000
vt 0.083333 0.583333
vt 0.083333 0.666667
vt 0.083333 0.750000
vt 0.083333 0.833333
vt 0.083333 0.916667
vt 0.083333 1.000000
vt 0.083333 0.000000
vt 0.083333 0.083333
vt 0.083333 0.166667
vt 0.083333 0.250000
vt 0.083333 0.333333
vt 0.083333 0.416667
vt 0.104167 0.500000
vt 0.104167 0.583333
vt 0.104167 0.666667
vt 0.104167 0.750000
vt 0.104167 0.833333
vt 0.104167 0.916667
vt 0.104167 1.000000
vt 0.104167 0.000000
vt 0.104167 0.083333
vt 0.104167 0.166667
vt 0.104167 0.250000
vt 0.104167 0.333333
vt 0.104167 0.416667
vt 0.125000 0.500000
vt 0.125000 0.583333
vt 0.125000 0.666667
vt 0.125000 0.750000
vt 0.125000 0.833333
vt 0.125000 0.916667
vt 0.125000 1.000000
vt 0.125000 0.000000
vt 0.125000 0.083333
vt 0.125000 0.166667
vt 0.125000 0.250000
vt 0.125000 0.333333
vt 0.125000 0.416667
vt 0.145833 0.500000
vt 0.145833 0.583333
vt 0.145833 0.666667
vt 0.145833 0.750000
vt 0.145833 0.833333
vt 0.145833 0.916667
vt 0.145833 1.000000
vt 0.145833 0.000000
vt 0.145833 0.083333
vt 0.145833 0.166667
vt 0.145833 0.250000
vt 0.145833 0.333333
vt 0.145833 0.416667
vt 0.166667 0.500000
vt 0.166667 0.583333
vt 0.166667 0.666667
vt 0.166667 0.750000
vt 0.166667 0.833333
vt 0.166667 0.916667
vt 0.166667 1.000000
vt 0.166667 0.000000
vt 0.166667 0.083333
vt 0.166667 0.166667
vt 0.166667 0.250000
vt 0.166667 0.333333
vt 0.166667 0.416667
vt 0.187500 0.500000
vt 0.187500 0.583333
vt 0.187500 0.666667
vt 0.187500 0.750000
vt 0.187500 0.833333
vt 0.187500 0.916667
vt 0.187500 1.000000
vt 0.187500 0.000000
vt 0.187500 0.083333
vt 0.187500 0.166667
vt 0.187500 0.250000
vt 0.187500 0.333333
vt 0.187500 0.416667
vt 0.208333 0.500000
vt 0.208333 0.583333
vt 0.208333 0.666667
vt 0.208333 0.750000
vt 0.208333 0.833333
vt 0.208333 0.916667
vt 0.208333 1.000000
vt 0.208333 0.000000
vt 0.208333 0.083333
vt 0.208333 0.166667
vt 0.208333 0.250000
vt 0.208333 0.333333
vt 0.208333 0.416667
vt 0.229167 0.500000
vt 0.229167 0.583333
vt 0.229167 0.666667
vt 0.229167 0.750000
vt 0.229167 0.833333
vt 0.229167 0.916667
vt 0.229167 1.000000
vt 0.229167 0.000000
vt 0.229167 0.083333
vt 0.229167 0.166667
vt 0.229167 0.250000
vt 0.229167 0.333333
vt 0.229167 0.416667
vt 0.250000 0.500000
vt 0.250000 0.583333
vt 0.250000 0.666667
vt 0.250000 0.750000
vt 0.250000 0.833333
vt 0.250000 0.916667
vt 0.250000 1.000000
vt 0.250000 0.000000
vt 0.250000 0.083333
vt 0.250000 0.166667
vt 0.250000 0.250000
vt 0.250000 0.333333
vt 0.250000 0.416667
vt 0.270833 0.500000
vt 0.270833 0.583333
vt 0.270833 0.666667
vt 0.270833 0.750000
vt 0.270833 0.833333
vt 0.270833 0.916667
vt 0.270833 1.000000
vt 0.270833 0.000000
vt 0.270833 0.083333
vt 0.270833 0.166667
vt 0.270833 0.250000
vt 0.270833 0.333333
vt 0.270833 0.416667
vt 0.291667 0.500000
vt 0.291667 0.583333
vt 0.291667 0.666667
vt 0.291667 0.750000
vt 0.291667 0.833333
vt 0.291667 0.916667
vt 0.291667 1.000000
vt 0.291667 0.000000
vt 0.291667 0.083333
vt 0.291667 0.166667
vt 0.291667 0.250000
vt 0.291667 0.333333
vt 0.291667 0.416667
vt 0.312500 0.500000
vt 0.312500 0.583333
vt 0.312500 0.666667
vt 0.312500 0.750000
vt 0.312500 0.833333
vt 0.312500 0.916667
vt 0.312500 1.000000
vt 0.312500 0.000000
vt 0.312500 0.083333
vt 0.312500 0.166667
vt 0.312500 0.250000
vt 0.312500 0.333333
vt 0.312500 0.416667
vt 0.333333 0.500000
vt 0.333333 0.583333
vt 0.333333 0.666667
vt 0.333333 0.750000
vt 0.333333 0.833333
vt 0.333333 0.916667
vt 0.333333 1.000000
vt 0.333333 0.000000
vt 0.333333 0.083333
vt 0.333333 0.166667
vt 0.333333 0.250000
vt 0.333333 0.333333
vt 0.333333 0.416667
vt 0.354167 0.500000
vt 0.354167 0.583333
vt 0.354167 0.666667
vt 0.354167 0.750000
vt 0.354167 0.833333
vt 0.354167 0.916667
vt 0.354167 1.000000
vt 0.354167 0.000000
vt 0.354167 0.083333
vt 0.354167 0.166667
vt 0.354167 0.250000
vt 0.354167 0.333333
vt 0.354167 0.416667
vt 0.375000 0.500000
vt 0.375000 0.583333
vt 0.375000 0.666667
vt 0.375000 0.750000
vt 0.375000 0.833333
vt 0.375000 0.916667
vt 0.375000 1.000000
vt 0.375000 0.000000
vt 0.375000 0.083333
vt 0.375000 0.166667
vt 0.375000 0.250000
vt 0.375000 0.333333
vt 0.375000 0.416667
vt 0.395833 0.500000
vt 0.395833 0.583333
vt 0.395833 0.666667
vt 0.395833 0.750000
vt 0.395833 0.833333
vt 0.395833 0.916667
vt 0.395833 1.000000
vt 0.395833 0.000000
vt 0.395833 0.083333
vt 0.395833 0.166667
vt 0.395833 0.250000
vt 0.395833 0.333333
vt 0.395833 0.416667
vt 0.416667 0.500000
vt 0.416667 0.583333
vt 0.416667 0.666667
vt 0.416667 0.750000
vt 0.416667 0.833333
vt 0.416667 0.916667
vt 0.416667 1.000000
vt 0.416667 0.000000
vt 0.416667 0.083333
vt 0.416667 0.166667
vt 0.416667 0.250000
vt 0.416667 0.333333
vt 0.416667 0.416667
vt 0.437500 0.500000
vt 0.437500 0.583333
vt 0.437500 0.666667
vt 0.437500 0.750000
vt 0.437500 0.833333
vt 0.437500 0.916667
vt 0.437500 1.000000
vt 0.437500 0.000000
vt 0.437500 0.083333
vt 0.437500 0.166667
vt 0.437500 0.250000
vt 0.437500 0.333333
vt 0.437500 0.416667
vt 0.458333 0.500000
vt 0.458333 0.583333
vt 0.458333 0.666667
vt 0.458333 0.750000
vt 0.458333 0.833333
vt 0.458333 0.916667
vt 0.458333 1.000000
vt 0.458333 0.000000
vt 0.458333 0.083333
vt 0.458333 0.166667
vt 0.458333 0.250000
vt 0.458333 0.333333
vt 0.458333 0.416667
vt 0.479167 0.500000
vt 0.479167 0.583333
vt 0.479167 0.666667
vt 0.479167 0.750000
vt 0.479167 0.833333
vt 0.479167 0.916667
vt 0.479167 1.000000
vt 0.479167 0.000000
vt 0.479167 0.083333
vt 0.479167 0.166667
vt 0.479167 0.250000
vt 0.479167 0.333333
vt 0.479167 0.416667
s 0
f 1357/1549/739 1369/1550/739 1370/1551/739 1358/1552/739
f 1358/1552/740 1370/1551/740 1371/1553/740 1359/1554/740
f 1359/1554/741 1371/1553/741 1372/1555/741 1360/1556/741
f 1360/1556/742 1372/1555/742 1373/1557/742 1361/1558/742
f 1361/1558/743 1373/1557/743 1374/1559/743 1362/1560/743
f 1362/1560/744 1374/1559/744 1375/1561/744 1363/1562/744
f 1363/1563/745 1375/1564/745 1376/1565/745 1364/1566/745
f 1364/1566/746 1376/1565/746 1377/1567/746 1365/1568/746
f 1365/1568/747 1377/1567/747 1378/1569/747 1366/1570/747
f 1366/1570/748 1378/1569/748 1379/1571/748 1367/1572/748
f 1367/1572/749 1379/1571/749 1380/1573/749 1368/1574/749
f 1368/1574/750 1380/1573/750 1369/1550/750 1357/1549/750
f 1369/1550/751 1381/1575/751 1382/1576/751 1370/1551/751
f 1370/1551/752 1382/1576/752 1383/1577/752 1371/1553/752
f 1371/1553/753 1383/1577/753 1384/1578/753 1372/1555/753
f 1372/1555/754 1384/1578/754 1385/1579/754 1373/1557/754
f 1373/1557/755 1385/1579/755 1386/1580/755 1374/1559/755
f 1374/1559/756 1386/1580/756 1387/1581/756 1375/1561/756
f 1375/1564/757 1387/1582/757 1388/1583/757 1376/1565/757
f 1376/1565/758 1388/1583/758 1389/1584/758 1377/1567/758
f 1377/1567/759 1389/1584/759 1390/1585/759 1378/1569/759
f 1378/1569/760 1390/1585/760 1391/1586/760 1379/1571/760
f 1379/1571/761 1391/1586/761 1392/1587/761 1380/1573/761
f 1380/1573/762 1392/1587/762 1381/1575/762 1369/1550/762
f 1381/1575/763 1393/1588/763 1394/1589/763 1382/1576/763
f 1382/1576/764 1394/1589/764 1395/1590/764 1383/1577/764
f 1383/1577/765 1395/1590/765 1396/1591/765 1384/1578/765
f 1384/1578/766 1396/1591/766 1397/1592/766 1385/1579/766
f 1385/1579/767 1397/1592/767 1398/1593/767 1386/1580/767
f 1386/1580/768 1398/1593/768 1399/1594/768 1387/1581/768
f 1387/1582/769 1399/1595/769 1400/1596/769 1388/1583/769
f 1388/1583/770 1400/1596/770 1401/1597/770 1389/1584/770
f 1389/1584/771 1401/1597/771 1402/1598/771 1390/1585/771
f 1390/1585/772 1402/1598/772 1403/1599/772 1391/1586/772
f 1391/1586/773 1403/1599/773 1404/1600/773 1392/1587/773
f 1392/1587/774 1404/1600/774 1393/1588/774 1381/1575/774
f 1393/1588/775 1405/1601/775 1406/1602/775 1394/1589/775
f 1394/1589/776 1406/1602/776 1407/1603/776 1395/1590/776
f 1395/1590/777 1407/1603/777 1408/1604/777 1396/1591/777
f 1396/1591/778 1408/1604/778 1409/1605/778 1397/1592/778
f 1397/1592/779 1409/1605/779 1410/1606/779 1398/1593/779
f 1398/1593/780 1410/1606/780 1411/1607/780 1399/1594/780
f 1399/1595/781 1411/1608/781 1412/1609/781 1400/1596/781
f 1400/1596/782 1412/1609/782 1413/1610/782 1401/1597/782
f 1401/1597/783 1413/1610/783 1414/1611/783 1402/1598/783
f 1402/1598/784 1414/1611/784 1415/1612/784 1403/1599/784
f 1403/1599/785 1415/1612/785 1416/1613/785 1404/1600/785
f 1404/1600/786 1416/1613/786 1405/1601/786 1393/1588/786
f 1405/1601/787 1417/1614/787 1418/1615/787 1406/1602/787
f 1406/1602/788 1418/1615/788 1419/1616/788 1407/1603/788
f 1407/1603/789 1419/1616/789 1420/1617/789 1408/1604/789
f 1408/1604/790 1420/1617/790 1421/1618/790 1409/1605/790
f 1409/1605/791 1421/1618/791 1422/1619/791 1410/1606/791
f 1410/1606/792 1422/1619/792 1423/1620/792 1411/1607/792
f 1411/1608/793 1423/1621/793 1424/1622/793 1412/1609/793
f 1412/1609/794 1424/1622/794 1425/1623/794 1413/1610/794
f 1413/1610/795 1425/1623/795 1426/1624/795 1414/1611/795
f 1414/1611/796 1426/1624/796 1427/1625/796 1415/1612/796
f 1415/1612/797 1427/1625/797 1428/1626/797 1416/1613/797
f 1416/1613/798 1428/1626/798 1417/1614/798 1405/1601/798
f 1417/1614/799 1429/1627/799 1430/1628/799 1418/1615/799
f 1418/1615/800 1430/1628/800 1431/1629/800 1419/1616/800
f 1419/1616/801 1431/1629/801 1432/1630/801 1420/1617/801
f 1420/1617/802 1432/1630/802 1433/1631/802 1421/1618/802
f 1421/1618/803 1433/1631/803 1434/1632/803 1422/1619/803
f 1422/1619/804 1434/1632/804 1435/1633/804 1423/1620/804
f 1423/1621/805 1435/1634/805 1436/1635/805 1424/1622/805
f 1424/1622/806 1436/1635/806 1437/1636/806 1425/1623/806
f 1425/1623/807 1437/1636/807 1438/1637/807 1426/1624/807
f 1426/1624/808 1438/1637/808 1439/1638/808 1427/1625/808
f 1427/1625/809 1439/1638/809 1440/1639/809 1428/1626/809
f 1428/1626/810 1440/1639/810 1429/1627/810 1417/1614/810
f 1429/1627/811 1441/1640/811 1442/1641/811 1430/1628/811
f 1430/1628/812 1442/1641/812 1443/1642/812 1431/1629/812
f 1431/1629/813 1443/1642/813 1444/1643/813 1432/1630/813
f 1432/1630/814 1444/1643/814 1445/1644/814 1433/1631/814
f 1433/1631/815 1445/1644/815 1446/1645/815 1434/1632/815
f 1434/1632/816 1446/1645/816 1447/1646/816 1435/1633/816
f 1435/1634/817 1447/1647/817 1448/1648/817 1436/1635/817
f 1436/1635/818 1448/1648/818 1449/1649/818 1437/1636/818
f 1437/1636/819 1449/1649/819 1450/1650/819 1438/1637/819
f 1438/1637/820 1450/1650/820 1451/1651/820 1439/1638/820
f 1439/1638/821 1451/1651/821 1452/1652/821 1440/1639/821
f 1440/1639/822 1452/1652/822 1441/1640/822 1429/1627/822
f 1441/1640/823 1453/1653/823 1454/1654/823 1442/1641/823
f 1442/1641/824 1454/1654/824 1455/1655/824 1443/1642/824
f 1443/1642/825 1455/1655/825 1456/1656/825 1444/1643/825
f 1444/1643/826 1456/1656/826 1457/1657/826 1445/1644/826
f 1445/1644/827 1457/1657/827 1458/1658/827 1446/1645/827
f 1446/1645/828 1458/1658/828 1459/1659/828 1447/1646/828
f 1447/1647/829 1459/1660/829 1460/1661/829 1448/1648/829
f 1448/1648/830 1460/1661/830 1461/1662/830 1449/1649/830
f 1449/1649/831 1461/1662/831 1462/1663/831 1450/1650/831
f 1450/1650/832 1462/1663/832 1463/1664/832 1451/1651/832
f 1451/1651/833 1463/1664/833 1464/1665/833 1452/1652/833
f 1452/1652/834 1464/1665/834 1453/1653/834 1441/1640/834
f 1453/1653/835 1465/1666/835 1466/1667/835 1454/1654/835
f 1454/1654/836 1466/1667/836 1467/1668/836 1455/1655/836
f 1455/1655/837 1467/1668/837 1468/1669/837 1456/1656/837
f 1456/1656/838 1468/1669/838 1469/1670/838 1457/1657/838
f 1457/1657/839 1469/1670/839 1470/1671/839 1458/1658/839
f 1458/1658/840 1470/1671/840 1471/1672/840 1459/1659/840
f 1459/1660/841 1471/1673/841 1472/1674/841 1460/1661/841
f 1460/1661/842 1472/1674/842 1473/1675/842 1461/1662/842
f 1461/1662/843 1473/1675/843 1474/1676/843 1462/1663/843
f 1462/1663/844 1474/1676/844 1475/1677/844 1463/1664/844
f 1463/1664/845 1475/1677/845 1476/1678/845 1464/1665/845
f 1464/1665/846 1476/1678/846 1465/1666/846 1453/1653/846
f 1465/1666/847 1477/1679/847 1478/1680/847 1466/1667/847
f 1466/1667/848 1478/1680/848 1479/1681/848 1467/1668/848
f 1467/1668/849 1479/1681/849 1480/1682/849 1468/1669/849
f 1468/1669/850 1480/1682/850 1481/1683/850 1469/1670/850
f 1469/1670/851 1481/1683/851 1482/1684/851 1470/1671/851
f 1470/1671/852 1482/1684/852 1483/1685/852 1471/1672/852
f 1471/1673/853 1483/1686/853 1484/1687/853 1472/1674/853
f 1472/1674/854 1484/1687/854 1485/1688/854 1473/1675/854
f 1473/1675/855 1485/1688/855 1486/1689/855 1474/1676/855
f 1474/1676/856 1486/1689/856 1487/1690/856 1475/1677/856
f 1475/1677/857 1487/1690/857 1488/1691/857 1476/1678/857
f 1476/1678/858 1488/1691/858 1477/1679/858 1465/1666/858
f 1477/1679/859 1489/1692/859 1490/1693/859 1478/1680/859
f 1478/1680/860 1490/1693/860 1491/1694/860 1479/1681/860
f 1479/1681/861 1491/1694/861 1492/1695/861 1480/1682/861
f 1480/1682/862 1492/1695/862 1493/1696/862 1481/1683/862
f 1481/1683/863 1493/1696/863 1494/1697/863 1482/1684/863
f 1482/1684/864 1494/1697/864 1495/1698/864 1483/1685/864
f 1483/1686/865 1495/1699/865 1496/1700/865 1484/1687/865
f 1484/1687/866 1496/1700/866 1497/1701/866 1485/1688/866
f 1485/1688/867 1497/1701/867 1498/1702/867 1486/1689/867
f 1486/1689/868 1498/1702/868 1499/1703/868 1487/1690/868
f 1487/1690/869 1499/1703/869 1500/1704/869 1488/1691/869
f 1488/1691/870 1500/1704/870 1489/1692/870 1477/1679/870
f 1489/1692/871 1501/1705/871 1502/1706/871 1490/1693/871
f 1490/1693/872 1502/1706/872 1503/1707/872 1491/1694/872
f 1491/1694/873 1503/1707/873 1504/1708/873 1492/1695/873
f 1492/1695/874 1504/1708/874 1505/1709/874 1493/1696/874
f 1493/1696/875 1505/1709/875 1506/1710/875 1494/1697/875
f 1494/1697/876 1506/1710/876 1507/1711/876 1495/1698/876
f 1495/1699/877 1507/1712/877 1508/1713/877 1496/1700/877
f 1496/1700/878 1508/1713/878 1509/1714/878 1497/1701/878
f 1497/1701/879 1509/1714/879 1510/1715/879 1498/1702/879
f 1498/1702/880 1510/1715/880 1511/1716/880 1499/1703/880
f 1499/1703/881 1511/1716/881 1512/1717/881 1500/1704/881
f 1500/1704/882 1512/1717/882 1501/1705/882 1489/1692/882
f 1501/1705/883 1513/1718/883 1514/1719/883 1502/1706/883
f 1502/1706/884 1514/1719/884 1515/1720/884 1503/1707/884
f 1503/1707/885 1515/1720/885 1516/1721/885 1504/1708/885
f 1504/1708/886 1516/1721/886 1517/1722/886 1505/1709/886
f 1505/1709/887 1517/1722/887 1518/1723/887 1506/1710/887
f 1506/1710/888 1518/1723/888 1519/1724/888 1507/1711/888
f 1507/1712/889 1519/1725/889 1520/1726/889 1508/1713/889
f 1508/1713/890 1520/1726/890 1521/1727/890 1509/1714/890
f 1509/1714/891 1521/1727/891 1522/1728/891 1510/1715/891
f 1510/1715/892 1522/1728/892 1523/1729/892 1511/1716/892
f 1511/1716/893 1523/1729/893 1524/1730/893 1512/1717/893
f 1512/1717/894 1524/1730/894 1513/1718/894 1501/1705/894
f 1513/1718/895 1525/1731/895 1526/1732/895 1514/1719/895
f 1514/1719/896 1526/1732/896 1527/1733/896 1515/1720/896
f 1515/1720/897 1527/1733/897 1528/1734/897 1516/1721/897
f 1516/1721/898 1528/1734/898 1529/1735/898 1517/1722/898
f 1517/1722/899 1529/1735/899 1530/1736/899 1518/1723/899
f 1518/1723/900 1530/1736/900 1531/1737/900 1519/1724/900
f 1519/1725/901 1531/1738/901 1532/1739/901 1520/1726/901
f 1520/1726/902 1532/1739/902 1533/1740/902 1521/1727/902
f 1521/1727/903 1533/1740/903 1534/1741/903 1522/1728/903
f 1522/1728/904 1534/1741/904 1535/1742/904 1523/1729/904
f 1523/1729/905 1535/1742/905 1536/1743/905 1524/1730/905
f 1524/1730/906 1536/1743/906 1525/1731/906 1513/1718/906
f 1525/1731/907 1537/1744/907 1538/1745/907 1526/1732/907
f 1526/1732/908 1538/1745/908 1539/1746/908 1527/1733/908
f 1527/1733/909 1539/1746/909 1540/1747/909 1528/1734/909
f 1528/1734/910 1540/1747/910 1541/1748/910 1529/1735/910
f 1529/1735/911 1541/1748/911 1542/1749/911 1530/1736/911
f 1530/1736/912 1542/1749/912 1543/1750/912 1531/1737/912
f 1531/1738/913 1543/1751/913 1544/1752/913 1532/1739/913
f 1532/1739/914 1544/1752/914 1545/1753/914 1533/1740/914
f 1533/1740/915 1545/1753/915 1546/1754/915 1534/1741/915
f 1534/1741/916 1546/1754/916 1547/1755/916 1535/1742/916
f 1535/1742/917 1547/1755/917 1548/1756/917 1536/1743/917
f 1536/1743/918 1548/1756/918 1537/1744/918 1525/1731/918
f 1537/1744/919 1549/1757/919 1550/1758/919 1538/1745/919
f 1538/1745/920 1550/1758/920 1551/1759/920 1539/1746/920
f 1539/1746/921 1551/1759/921 1552/1760/921 1540/1747/921
f 1540/1747/922 1552/1760/922 1553/1761/922 1541/1748/922
f 1541/1748/923 1553/1761/923 1554/1762/923 1542/1749/923
f 1542/1749/924 1554/1762/924 1555/1763/924 1543/1750/924
f 1543/1751/925 1555/1764/925 1556/1765/925 1544/1752/925
f 1544/1752/926 1556/1765/926 1557/1766/926 1545/1753/926
f 1545/1753/927 1557/1766/927 1558/1767/927 1546/1754/927
f 1546/1754/928 1558/1767/928 1559/1768/928 1547/1755/928
f 1547/1755/929 1559/1768/929 1560/1769/929 1548/1756/929
f 1548/1756/930 1560/1769/930 1549/1757/930 1537/1744/930
f 1549/1757/931 1561/1770/931 1562/1771/931 1550/1758/931
f 1550/1758/932 1562/1771/932 1563/1772/932 1551/1759/932
f 1551/1759/933 1563/1772/933 1564/1773/933 1552/1760/933
f 1552/1760/934 1564/1773/934 1565/1774/934 1553/1761/934
f 1553/1761/935 1565/1774/935 1566/1775/935 1554/1762/935
f 1554/1762/936 1566/1775/936 1567/1776/936 1555/1763/936
f 1555/1764/937 1567/1777/937 1568/1778/937 1556/1765/937
f 1556/1765/938 1568/1778/938 1569/1779/938 1557/1766/938
f 1557/1766/939 1569/1779/939 1570/1780/939 1558/1767/939
f 1558/1767/940 1570/1780/940 1571/1781/940 1559/1768/940
f 1559/1768/941 1571/1781/941 1572/1782/941 1560/1769/941
f 1560/1769/942 1572/1782/942 1561/1770/942 1549/1757/942
f 1561/1770/943 1573/1783/943 1574/1784/943 1562/1771/943
f 1562/1771/944 1574/1784/944 1575/1785/944 1563/1772/944
f 1563/1772/945 1575/1785/945 1576/1786/945 1564/1773/945
f 1564/1773/946 1576/1786/946 1577/1787/946 1565/1774/946
f 1565/1774/947 1577/1787/947 1578/1788/947 1566/1775/947
f 1566/1775/948 1578/1788/948 1579/1789/948 1567/1776/948
f 1567/1777/949 1579/1790/949 1580/1791/949 1568/1778/949
f 1568/1778/950 1580/1791/950 1581/1792/950 1569/1779/950
f 1569/1779/951 1581/1792/951 1582/1793/951 1570/1780/951
f 1570/1780/952 1582/1793/952 1583/1794/952 1571/1781/952
f 1571/1781/953 1583/1794/953 1584/1795/953 1572/1782/953
f 1572/1782/954 1584/1795/954 1573/1783/954 1561/1770/954
f 1573/1783/955 1585/1796/955 1586/1797/955 1574/1784/955
f 1574/1784/956 1586/1797/956 1587/1798/956 1575/1785/956
f 1575/1785/957 1587/1798/957 1588/1799/957 1576/1786/957
f 1576/1786/958 1588/1799/958 1589/1800/958 1577/1787/958
f 1577/1787/959 1589/1800/959 1590/1801/959 1578/1788/959
f 1578/1788/960 1590/1801/960 1591/1802/960 1579/1789/960
f 1579/1790/961 1591/1803/961 1592/1804/961 1580/1791/961
f 1580/1791/962 1592/1804/962 1593/1805/962 1581/1792/962
f 1581/1792/963 1593/1805/963 1594/1806/963 1582/1793/963
f 1582/1793/964 1594/1806/964 1595/1807/964 1583/1794/964
f 1583/1794/965 1595/1807/965 1596/1808/965 1584/1795/965
f 1584/1795/966 1596/1808/966 1585/1796/966 1573/1783/966
f 1585/1796/967 1597/1809/967 1598/1810/967 1586/1797/967
f 1586/1797/968 1598/1810/968 1599/1811/968 1587/1798/968
f 1587/1798/969 1599/1811/969 1600/1812/969 1588/1799/969
f 1588/1799/970 1600/1812/970 1601/1813/970 1589/1800/970
f 1589/1800/971 1601/1813/971 1602/1814/971 1590/1801/971
f 1590/1801/972 1602/1814/972 1603/1815/972 1591/1802/972
f 1591/1803/973 1603/1816/973 1604/1817/973 1592/1804/973
f 1592/1804/974 1604/1817/974 1605/1818/974 1593/1805/974
f 1593/1805/975 1605/1818/975 1606/1819/975 1594/1806/975
f 1594/1806/976 1606/1819/976 1607/1820/976 1595/1807/976
f 1595/1807/977 1607/1820/977 1608/1821/977 1596/1808/977
f 1596/1808/978 1608/1821/978 1597/1809/978 1585/1796/978
f 1597/1809/979 1609/1822/979 1610/1823/979 1598/1810/979
f 1598/1810/980 1610/1823/980 1611/1824/980 1599/1811/980
f 1599/1811/981 1611/1824/981 1612/1825/981 1600/1812/981
f 1600/1812/982 1612/1825/982 1613/1826/982 1601/1813/982
f 1601/1813/983 1613/1826/983 1614/1827/983 1602/1814/983
f 1602/1814/984 1614/1827/984 1615/1828/984 1603/1815/984
f 1603/1816/985 1615/1829/985 1616/1830/985 1604/1817/985
f 1604/1817/986 1616/1830/986 1617/1831/986 1605/1818/986
f 1605/1818/987 1617/1831/987 1618/1832/987 1606/1819/987
f 1606/1819/988 1618/1832/988 1619/1833/988 1607/1820/988
f 1607/1820/989 1619/1833/989 1620/1834/989 1608/1821/989
f 1608/1821/990 1620/1834/990 1609/1822/990 1597/1809/990
f 1609/1822/991 1621/1835/991 1622/1836/991 1610/1823/991
f 1610/1823/992 1622/1836/992 1623/1837/992 1611/1824/992
f 1611/1824/993 1623/1837/993 1624/1838/993 1612/1825/993
f 1612/1825/994 1624/1838/994 1625/1839/994 1613/1826/994
f 1613/1826/995 1625/1839/995 1626/1840/995 1614/1827/995
f 1614/1827/996 1626/1840/996 1627/1841/996 1615/1828/996
f 1615/1829/997 1627/1842/997 1628/1843/997 1616/1830/997
f 1616/1830/998 1628/1843/998 1629/1844/998 1617/1831/998
f 1617/1831/999 1629/1844/999 1630/1845/999 1618/1832/999
f 1618/1832/1000 1630/1845/1000 1631/1846/1000 1619/1833/1000
f 1619/1833/1001 1631/1846/1001 1632/1847/1001 1620/1834/1001
f 1620/1834/1002 1632/1847/1002 1621/1835/1002 1609/1822/1002
f 1621/1835/1003 1633/1848/1003 1634/1849/1003 1622/1836/1003
f 1622/1836/1004 1634/1849/1004 1635/1850/1004 1623/1837/1004
f 1623/1837/1005 1635/1850/1005 1636/1851/1005 1624/1838/1005
f 1624/1838/1006 1636/1851/1006 1637/1852/1006 1625/1839/1006
f 1625/1839/1007 1637/1852/1007 1638/1853/1007 1626/1840/1007
f 1626/1840/1008 1638/1853/1008 1639/1854/1008 1627/1841/1008
f 1627/1842/1009 1639/1855/1009 1640/1856/1009 1628/1843/1009
f 1628/1843/1010 1640/1856/1010 1641/1857/1010 1629/1844/1010
f 1629/1844/1011 1641/1857/1011 1642/1858/1011 1630/1845/1011
f 1630/1845/1012 1642/1858/1012 1643/1859/1012 1631/1846/1012
f 1631/1846/1013 1643/1859/1013 1644/1860/1013 1632/1847/1013
f 1632/1847/1014 1644/1860/1014 1633/1848/1014 1621/1835/1014
f 1633/1848/1015 1645/1861/1015 1646/1862/1015 1634/1849/1015
f 1634/1849/1016 1646/1862/1016 1647/1863/1016 1635/1850/1016
f 1635/1850/1017 1647/1863/1017 1648/1864/1017 1636/1851/1017
f 1636/1851/1018 1648/1864/1018 1649/1865/1018 1637/1852/1018
f 1637/1852/1019 1649/1865/1019 1650/1866/1019 1638/1853/1019
f 1638/1853/1020 1650/1866/1020 1651/1867/1020 1639/1854/1020
f 1639/1855/1021 1651/1868/1021 1652/1869/1021 1640/1856/1021
f 1640/1856/1022 1652/1869/1022 1653/1870/1022 1641/1857/1022
f 1641/1857/1023 1653/1870/1023 1654/1871/1023 1642/1858/1023
f 1642/1858/1024 1654/1871/1024 1655/1872/1024 1643/1859/1024
f 1643/1859/1025 1655/1872/1025 1656/1873/1025 1644/1860/1025
f 1644/1860/1026 1656/1873/1026 1645/1861/1026 1633/1848/1026
f 1645/1874/744 1657/1875/744 1658/1876/744 1646/1877/744
f 1646/1877/743 1658/1876/743 1659/1878/743 1647/1879/743
f 1647/1879/742 1659/1878/742 1660/1880/742 1648/1881/742
f 1648/1881/741 1660/1880/741 1661/1882/741 1649/1883/741
f 1649/1883/740 1661/1882/740 1662/1884/740 1650/1885/740
f 1650/1885/739 1662/1884/739 1663/1886/739 1651/1887/739
f 1651/1888/750 1663/1889/750 1664/1890/750 1652/1891/750
f 1652/1891/749 1664/1890/749 1665/1892/749 1653/1893/749
f 1653/1893/748 1665/1892/748 1666/1894/748 1654/1895/748
f 1654/1895/747 1666/1894/747 1667/1896/747 1655/1897/747
f 1655/1897/746 1667/1896/746 1668/1898/746 1656/1899/746
f 1656/1899/745 1668/1898/745 1657/1875/745 1645/1874/745
f 1657/1875/756 1669/1900/756 1670/1901/756 1658/1876/756
f 1658/1876/755 1670/1901/755 1671/1902/755 1659/1878/755
f 1659/1878/754 1671/1902/754 1672/1903/754 1660/1880/754
f 1660/1880/753 1672/1903/753 1673/1904/753 1661/1882/753
f 1661/1882/752 1673/1904/752 1674/1905/752 1662/1884/752
f 1662/1884/751 1674/1905/751 1675/1906/751 1663/1886/751
f 1663/1889/762 1675/1907/762 1676/1908/762 1664/1890/762
f 1664/1890/761 1676/1908/761 1677/1909/761 1665/1892/761
f 1665/1892/760 1677/1909/760 1678/1910/760 1666/1894/760
f 1666/1894/759 1678/1910/759 1679/1911/759 1667/1896/759
f 1667/1896/758 1679/1911/758 1680/1912/758 1668/1898/758
f 1668/1898/757 1680/1912/757 1669/1900/757 1657/1875/757
f 1669/1900/768 1681/1913/768 1682/1914/768 1670/1901/768
f 1670/1901/767 1682/1914/767 1683/1915/767 1671/1902/767
f 1671/1902/766 1683/1915/766 1684/1916/766 1672/1903/766
f 1672/1903/765 1684/1916/765 1685/1917/765 1673/1904/765
f 1673/1904/764 1685/1917/764 1686/1918/764 1674/1905/764
f 1674/1905/763 1686/1918/763 1687/1919/763 1675/1906/763
f 1675/1907/774 1687/1920/774 1688/1921/774 1676/1908/774
f 1676/1908/773 1688/1921/773 1689/1922/773 1677/1909/773
f 1677/1909/772 1689/1922/772 1690/1923/772 1678/1910/772
f 1678/1910/771 1690/1923/771 1691/1924/771 1679/1911/771
f 1679/1911/770 1691/1924/770 1692/1925/770 1680/1912/770
f 1680/1912/769 1692/1925/769 1681/1913/769 1669/1900/769
f 1681/1913/780 1693/1926/780 1694/1927/780 1682/1914/780
f 1682/1914/779 1694/1927/779 1695/1928/779 1683/1915/779
f 1683/1915/778 1695/1928/778 1696/1929/778 1684/1916/778
f 1684/1916/777 1696/1929/777 1697/1930/777 1685/1917/777
f 1685/1917/776 1697/1930/776 1698/1931/776 1686/1918/776
f 1686/1918/775 1698/1931/775 1699/1932/775 1687/1919/775
f 1687/1920/786 1699/1933/786 1700/1934/786 1688/1921/786
f 1688/1921/785 1700/1934/785 1701/1935/785 1689/1922/785
f 1689/1922/784 1701/1935/784 1702/1936/784 1690/1923/784
f 1690/1923/783 1702/1936/783 1703/1937/783 1691/1924/783
f 1691/1924/782 1703/1937/782 1704/1938/782 1692/1925/782
f 1692/1925/781 1704/1938/781 1693/1926/781 1681/1913/781
f 1693/1926/792 1705/1939/792 1706/1940/792 1694/1927/792
f 1694/1927/791 1706/1940/791 1707/1941/791 1695/1928/791
f 1695/1928/790 1707/1941/790 1708/1942/790 1696/1929/790
f 1696/1929/789 1708/1942/789 1709/1943/789 1697/1930/789
f 1697/1930/788 1709/1943/788 1710/1944/788 1698/1931/788
f 1698/1931/787 1710/1944/787 1711/1945/787 1699/1932/787
f 1699/1933/798 1711/1946/798 1712/1947/798 1700/1934/798
f 1700/1934/797 1712/1947/797 1713/1948/797 1701/1935/797
f 1701/1935/796 1713/1948/796 1714/1949/796 1702/1936/796
f 1702/1936/795 1714/1949/795 1715/1950/795 1703/1937/795
f 1703/1937/794 1715/1950/794 1716/1951/794 1704/1938/794
f 1704/1938/793 1716/1951/793 1705/1939/793 1693/1926/793
f 1705/1939/804 1717/1952/804 1718/1953/804 1706/1940/804
f 1706/1940/803 1718/1953/803 1719/1954/803 1707/1941/803
f 1707/1941/802 1719/1954/802 1720/1955/802 1708/1942/802
f 1708/1942/801 1720/1955/801 1721/1956/801 1709/1943/801
f 1709/1943/800 1721/1956/800 1722/1957/800 1710/1944/800
f 1710/1944/799 1722/1957/799 1723/1958/799 1711/1945/799
f 1711/1946/810 1723/1959/810 1724/1960/810 1712/1947/810
f 1712/1947/809 1724/1960/809 1725/1961/809 1713/1948/809
f 1713/1948/808 1725/1961/808 1726/1962/808 1714/1949/808
f 1714/1949/807 1726/1962/807 1727/1963/807 1715/1950/807
f 1715/1950/806 1727/1963/806 1728/1964/806 1716/1951/806
f 1716/1951/805 1728/1964/805 1717/1952/805 1705/1939/805
f 1717/1952/816 1729/1965/816 1730/1966/816 1718/1953/816
f 1718/1953/815 1730/1966/815 1731/1967/815 1719/1954/815
f 1719/1954/814 1731/1967/814 1732/1968/814 1720/1955/814
f 1720/1955/813 1732/1968/813 1733/1969/813 1721/1956/813
f 1721/1956/812 1733/1969/812 1734/1970/812 1722/1957/812
f 1722/1957/811 1734/1970/811 1735/1971/811 1723/1958/811
f 1723/1959/822 1735/1972/822 1736/1973/822 1724/1960/822
f 1724/1960/821 1736/1973/821 1737/1974/821 1725/1961/821
f 1725/1961/820 1737/1974/820 1738/1975/820 1726/1962/820
f 1726/1962/819 1738/1975/819 1739/1976/819 1727/1963/819
f 1727/1963/818 1739/1976/818 1740/1977/818 1728/1964/818
f 1728/1964/817 1740/1977/817 1729/1965/817 1717/1952/817
f 1729/1965/828 1741/1978/828 1742/1979/828 1730/1966/828
f 1730/1966/827 1742/1979/827 1743/1980/827 1731/1967/827
f 1731/1967/826 1743/1980/826 1744/1981/826 1732/1968/826
f 1732/1968/825 1744/1981/825 1745/1982/825 1733/1969/825
f 1733/1969/824 1745/1982/824 1746/1983/824 1734/1970/824
f 1734/1970/823 1746/1983/823 1747/1984/823 1735/1971/823
f 1735/1972/834 1747/1985/834 1748/1986/834 1736/1973/834
f 1736/1973/833 1748/1986/833 1749/1987/833 1737/1974/833
f 1737/1974/832 1749/1987/832 1750/1988/832 1738/1975/832
f 1738/1975/831 1750/1988/831 1751/1989/831 1739/1976/831
f 1739/1976/830 1751/1989/830 1752/1990/830 1740/1977/830
f 1740/1977/829 1752/1990/829 1741/1978/829 1729/1965/829
f 1741/1978/840 1753/1991/840 1754/1992/840 1742/1979/840
f 1742/1979/839 1754/1992/839 1755/1993/839 1743/1980/839
f 1743/1980/838 1755/1993/838 1756/1994/838 1744/1981/838
f 1744/1981/837 1756/1994/837 1757/1995/837 1745/1982/837
f 1745/1982/836 1757/1995/836 1758/1996/836 1746/1983/836
f 1746/1983/835 1758/1996/835 1759/1997/835 1747/1984/835
f 1747/1985/846 1759/1998/846 1760/1999/846 1748/1986/846
f 1748/1986/845 1760/1999/845 1761/2000/845 1749/1987/845
f 1749/1987/844 1761/2000/844 1762/2001/844 1750/1988/844
f 1750/1988/843 1762/2001/843 1763/2002/843 1751/1989/843
f 1751/1989/842 1763/2002/842 1764/2003/842 1752/1990/842
f 1752/1990/841 1764/2003/841 1753/1991/841 1741/1978/841
f 1753/1991/852 1765/2004/852 1766/2005/852 1754/1992/852
f 1754/1992/851 1766/2005/851 1767/2006/851 1755/1993/851
f 1755/1993/850 1767/2006/850 1768/2007/850 1756/1994/850
f 1756/1994/849 1768/2007/849 1769/2008/849 1757/1995/849
f 1757/1995/848 1769/2008/848 1770/2009/848 1758/1996/848
f 1758/1996/847 1770/2009/847 1771/2010/847 1759/1997/847
f 1759/1998/858 1771/2011/858 1772/2012/858 1760/1999/858
f 1760/1999/857 1772/2012/857 1773/2013/857 1761/2000/857
f 1761/2000/856 1773/2013/856 1774/2014/856 1762/2001/856
f 1762/2001/855 1774/2014/855 1775/2015/855 1763/2002/855
f 1763/2002/854 1775/2015/854 1776/2016/854 1764/2003/854
f 1764/2003/853 1776/2016/853 1765/2004/853 1753/1991/853
f 1765/2004/864 1777/2017/864 1778/2018/864 1766/2005/864
f 1766/2005/863 1778/2018/863 1779/2019/863 1767/2006/863
f 1767/2006/862 1779/2019/862 1780/2020/862 1768/2007/862
f 1768/2007/861 1780/2020/861 1781/2021/861 1769/2008/861
f 1769/2008/860 1781/2021/860 1782/2022/860 1770/2009/860
f 1770/2009/859 1782/2022/859 1783/2023/859 1771/2010/859
f 1771/2011/870 1783/2024/870 1784/2025/870 1772/2012/870
f 1772/2012/869 1784/2025/869 1785/2026/869 1773/2013/869
f 1773/2013/868 1785/2026/868 1786/2027/868 1774/2014/868
f 1774/2014/867 1786/2027/867 1787/2028/867 1775/2015/867
f 1775/2015/866 1787/2028/866 1788/2029/866 1776/2016/866
f 1776/2016/865 1788/2029/865 1777/2017/865 1765/2004/865
f 1777/2017/876 1789/2030/876 1790/2031/876 1778/2018/876
f 1778/2018/875 1790/2031/875 1791/2032/875 1779/2019/875
f 1779/2019/874 1791/2032/874 1792/2033/874 1780/2020/874
f 1780/2020/873 1792/2033/873 1793/2034/873 1781/2021/873
f 1781/2021/872 1793/2034/872 1794/2035/872 1782/2022/872
f 1782/2022/871 1794/2035/871 1795/2036/871 1783/2023/871
f 1783/2024/882 1795/2037/882 1796/2038/882 1784/2025/882
f 1784/2025/881 1796/2038/881 1797/2039/881 1785/2026/881
f 1785/2026/880 1797/2039/880 1798/2040/880 1786/2027/880
f 1786/2027/879 1798/2040/879 1799/2041/879 1787/2028/879
f 1787/2028/878 1799/2041/878 1800/2042/878 1788/2029/878
f 1788/2029/877 1800/2042/877 1789/2030/877 1777/2017/877
f 1789/2030/888 1801/2043/888 1802/2044/888 1790/2031/888
f 1790/2031/887 1802/2044/887 1803/2045/887 1791/2032/887
f 1791/2032/886 1803/2045/886 1804/2046/886 1792/2033/886
f 1792/2033/885 1804/2046/885 1805/2047/885 1793/2034/885
f 1793/2034/884 1805/2047/884 1806/2048/884 1794/2035/884
f 1794/2035/883 1806/2048/883 1807/2049/883 1795/2036/883
f 1795/2037/894 1807/2050/894 1808/2051/894 1796/2038/894
f 1796/2038/893 1808/2051/893 1809/2052/893 1797/2039/893
f 1797/2039/892 1809/2052/892 1810/2053/892 1798/2040/892
f 1798/2040/891 1810/2053/891 1811/2054/891 1799/2041/891
f 1799/2041/890 1811/2054/890 1812/2055/890 1800/2042/890
f 1800/2042/889 1812/2055/889 1801/2043/889 1789/2030/889
f 1801/2043/900 1813/2056/900 1814/2057/900 1802/2044/900
f 1802/2044/899 1814/2057/899 1815/2058/899 1803/2045/899
f 1803/2045/898 1815/2058/898 1816/2059/898 1804/2046/898
f 1804/2046/897 1816/2059/897 1817/2060/897 1805/2047/897
f 1805/2047/896 1817/2060/896 1818/2061/896 1806/2048/896
f 1806/2048/895 1818/2061/895 1819/2062/895 1807/2049/895
f 1807/2050/906 1819/2063/906 1820/2064/906 1808/2051/906
f 1808/2051/905 1820/2064/905 1821/2065/905 1809/2052/905
f 1809/2052/904 1821/2065/904 1822/2066/904 1810/2053/904
f 1810/2053/903 1822/2066/903 1823/2067/903 1811/2054/903
f 1811/2054/902 1823/2067/902 1824/2068/902 1812/2055/902
f 1812/2055/901 1824/2068/901 1813/2056/901 1801/2043/901
f 1813/2056/912 1825/2069/912 1826/2070/912 1814/2057/912
f 1814/2057/911 1826/2070/911 1827/2071/911 1815/2058/911
f 1815/2058/910 1827/2071/910 1828/2072/910 1816/2059/910
f 1816/2059/909 1828/2072/909 1829/2073/909 1817/2060/909
f 1817/2060/908 1829/2073/908 1830/2074/908 1818/2061/908
f 1818/2061/907 1830/2074/907 1831/2075/907 1819/2062/907
f 1819/2063/918 1831/2076/918 1832/2077/918 1820/2064/918
f 1820/2064/917 1832/2077/917 1833/2078/917 1821/2065/917
f 1821/2065/916 1833/2078/916 1834/2079/916 1822/2066/916
f 1822/2066/915 1834/2079/915 1835/2080/915 1823/2067/915
f 1823/2067/914 1835/2080/914 1836/2081/914 1824/2068/914
f 1824/2068/913 1836/2081/913 1825/2069/913 1813/2056/913
f 1825/2069/924 1837/2082/924 1838/2083/924 1826/2070/924
f 1826/2070/923 1838/2083/923 1839/2084/923 1827/2071/923
f 1827/2071/922 1839/2084/922 1840/2085/922 1828/2072/922
f 1828/2072/921 1840/2085/921 1841/2086/921 1829/2073/921
f 1829/2073/920 1841/2086/920 1842/2087/920 1830/2074/920
f 1830/2074/919 1842/2087/919 1843/2088/919 1831/2075/919
f 1831/2076/930 1843/2089/930 1844/2090/930 1832/2077/930
f 1832/2077/929 1844/2090/929 1845/2091/929 1833/2078/929
f 1833/2078/928 1845/2091/928 1846/2092/928 1834/2079/928
f 1834/2079/927 1846/2092/927 1847/2093/927 1835/2080/927
f 1835/2080/926 1847/2093/926 1848/2094/926 1836/2081/926
f 1836/2081/925 1848/2094/925 1837/2082/925 1825/2069/925
f 1837/2082/936 1849/2095/936 1850/2096/936 1838/2083/936
f 1838/2083/935 1850/2096/935 1851/2097/935 1839/2084/935
f 1839/2084/934 1851/2097/934 1852/2098/934 1840/2085/934
f 1840/2085/933 1852/2098/933 1853/2099/933 1841/2086/933
f 1841/2086/932 1853/2099/932 1854/2100/932 1842/2087/932
f 1842/2087/931 1854/2100/931 1855/2101/931 1843/2088/931
f 1843/2089/942 1855/2102/942 1856/2103/942 1844/2090/942
f 1844/2090/941 1856/2103/941 1857/2104/941 1845/2091/941
f 1845/2091/940 1857/2104/940 1858/2105/940 1846/2092/940
f 1846/2092/939 1858/2105/939 1859/2106/939 1847/2093/939
f 1847/2093/938 1859/2106/938 1860/2107/938 1848/2094/938
f 1848/2094/937 1860/2107/937 1849/2095/937 1837/2082/937
f 1849/2095/948 1861/2108/948 1862/2109/948 1850/2096/948
f 1850/2096/947 1862/2109/947 1863/2110/947 1851/2097/947
f 1851/2097/946 1863/2110/946 1864/2111/946 1852/2098/946
f 1852/2098/945 1864/2111/945 1865/2112/945 1853/2099/945
f 1853/2099/944 1865/2112/944 1866/2113/944 1854/2100/944
f 1854/2100/943 1866/2113/943 1867/2114/943 1855/2101/943
f 1855/2102/954 1867/2115/954 1868/2116/954 1856/2103/954
f 1856/2103/953 1868/2116/953 1869/2117/953 1857/2104/953
f 1857/2104/952 1869/2117/952 1870/2118/952 1858/2105/952
f 1858/2105/951 1870/2118/951 1871/2119/951 1859/2106/951
f 1859/2106/950 1871/2119/950 1872/2120/950 1860/2107/950
f 1860/2107/949 1872/2120/949 1861/2108/949 1849/2095/949
f 1861/2108/960 1873/2121/960 1874/2122/960 1862/2109/960
f 1862/2109/959 1874/2122/959 1875/2123/959 1863/2110/959
f 1863/2110/958 1875/2123/958 1876/2124/958 1864/2111/958
f 1864/2111/957 1876/2124/957 1877/2125/957 1865/2112/957
f 1865/2112/956 1877/2125/956 1878/2126/956 1866/2113/956
f 1866/2113/955 1878/2126/955 1879/2127/955 1867/2114/955
f 1867/2115/966 1879/2128/966 1880/2129/966 1868/2116/966
f 1868/2116/965 1880/2129/965 1881/2130/965 1869/2117/965
f 1869/2117/964 1881/2130/964 1882/2131/964 1870/2118/964
f 1870/2118/963 1882/2131/963 1883/2132/963 1871/2119/963
f 1871/2119/962 1883/2132/962 1884/2133/962 1872/2120/962
f 1872/2120/961 1884/2133/961 1873/2121/961 1861/2108/961
f 1873/2121/972 1885/2134/972 1886/2135/972 1874/2122/972
f 1874/2122/971 1886/2135/971 1887/2136/971 1875/2123/971
f 1875/2123/970 1887/2136/970 1888/2137/970 1876/2124/970
f 1876/2124/969 1888/2137/969 1889/2138/969 1877/2125/969
f 1877/2125/968 1889/2138/968 1890/2139/968 1878/2126/968
f 1878/2126/967 1890/2139/967 1891/2140/967 1879/2127/967
f 1879/2128/978 1891/2141/978 1892/2142/978 1880/2129/978
f 1880/2129/977 1892/2142/977 1893/2143/977 1881/2130/977
f 1881/2130/976 1893/2143/976 1894/2144/976 1882/2131/976
f 1882/2131/975 1894/2144/975 1895/2145/975 1883/2132/975
f 1883/2132/974 1895/2145/974 1896/2146/974 1884/2133/974
f 1884/2133/973 1896/2146/973 1885/2134/973 1873/2121/973
f 1885/2134/984 1897/2147/984 1898/2148/984 1886/2135/984
f 1886/2135/983 1898/2148/983 1899/2149/983 1887/2136/983
f 1887/2136/982 1899/2149/982 1900/2150/982 1888/2137/982
f 1888/2137/981 1900/2150/981 1901/2151/981 1889/2138/981
f 1889/2138/980 1901/2151/980 1902/2152/980 1890/2139/980
f 1890/2139/979 1902/2152/979 1903/2153/979 1891/2140/979
f 1891/2141/990 1903/2154/990 1904/2155/990 1892/2142/990
f 1892/2142/989 1904/2155/989 1905/2156/989 1893/2143/989
f 1893/2143/988 1905/2156/988 1906/2157/988 1894/2144/988
f 1894/2144/987 1906/2157/987 1907/2158/987 1895/2145/987
f 1895/2145/986 1907/2158/986 1908/2159/986 1896/2146/986
f 1896/2146/985 1908/2159/985 1897/2147/985 1885/2134/985
f 1897/2147/996 1909/2160/996 1910/2161/996 1898/2148/996
f 1898/2148/995 1910/2161/995 1911/2162/995 1899/2149/995
f 1899/2149/994 1911/2162/994 1912/2163/994 1900/2150/994
f 1900/2150/993 1912/2163/993 1913/2164/993 1901/2151/993
f 1901/2151/992 1913/2164/992 1914/2165/992 1902/2152/992
f 1902/2152/991 1914/2165/991 1915/2166/991 1903/2153/991
f 1903/2154/1002 1915/2167/1002 1916/2168/1002 1904/2155/1002
f 1904/2155/1001 1916/2168/1001 1917/2169/1001 1905/2156/1001
f 1905/2156/1000 1917/2169/1000 1918/2170/1000 1906/2157/1000
f 1906/2157/999 1918/2170/999 1919/2171/999 1907/2158/999
f 1907/2158/998 1919/2171/998 1920/2172/998 1908/2159/998
f 1908/2159/997 1920/2172/997 1909/2160/997 1897/2147/997
f 1909/2160/1008 1921/2173/1008 1922/2174/1008 1910/2161/1008
f 1910/2161/1007 1922/2174/1007 1923/2175/1007 1911/2162/1007
f 1911/2162/1006 1923/2175/1006 1924/2176/1006 1912/2163/1006
f 1912/2163/1005 1924/2176/1005 1925/2177/1005 1913/2164/1005
f 1913/2164/1004 1925/2177/1004 1926/2178/1004 1914/2165/1004
f 1914/2165/1003 1926/2178/1003 1927/2179/1003 1915/2166/1003
f 1915/2167/1014 1927/2180/1014 1928/2181/1014 1916/2168/1014
f 1916/2168/1013 1928/2181/1013 1929/2182/1013 1917/2169/1013
f 1917/2169/1012 1929/2182/1012 1930/2183/1012 1918/2170/1012
f 1918/2170/1011 1930/2183/1011 1931/2184/1011 1919/2171/1011
f 1919/2171/1010 1931/2184/1010 1932/2185/1010 1920/2172/1010
f 1920/2172/1009 1932/2185/1009 1921/2173/1009 1909/2160/1009
f 1921/2173/1020 1357/1549/1020 1358/1552/1020 1922/2174/1020
f 1922/2174/1019 1358/1552/1019 1359/1554/1019 1923/2175/1019
f 1923/2175/1018 1359/1554/1018 1360/1556/1018 1924/2176/1018
f 1924/2176/1017 1360/1556/1017 1361/1558/1017 1925/2177/1017
f 1925/2177/1016 1361/1558/1016 1362/1560/1016 1926/2178/1016
f 1926/2178/1015 1362/1560/1015 1363/1562/1015 1927/2179/1015
f 1927/2180/1026 1363/1563/1026 1364/1566/1026 1928/2181/1026
f 1928/2181/1025 1364/1566/1025 1365/1568/1025 1929/2182/1025
f 1929/2182/1024 1365/1568/1024 1366/1570/1024 1930/2183/1024
f 1930/2183/1023 1366/1570/1023 1367/1572/1023 1931/2184/1023
f 1931/2184/1022 1367/1572/1022 1368/1574/1022 1932/2185/1022
f 1932/2185/1021 1368/1574/1021 1357/1549/1021 1921/2173/1021
o Halka.004
v -3.591311 -0.232994 -12.620199
v -3.513557 -0.223062 -12.620199
v -3.456637 -0.195929 -12.620199
v -3.435803 -0.158863 -12.620199
v -3.456637 -0.121798 -12.620199
v -3.513557 -0.094665 -12.620199
v -3.591311 -0.084733 -12.620199
v -3.669066 -0.094665 -12.620199
v -3.725986 -0.121798 -12.620199
v -3.746820 -0.158863 -12.620199
v -3.725986 -0.195929 -12.620199
v -3.669066 -0.223062 -12.620199
v -3.591311 -0.229823 -12.660770
v -3.513557 -0.219976 -12.659683
v -3.456637 -0.193075 -12.656713
v -3.435803 -0.156327 -12.652657
v -3.456637 -0.119579 -12.648600
v -3.513557 -0.092677 -12.645629
v -3.591311 -0.082831 -12.644542
v -3.669066 -0.092677 -12.645629
v -3.725986 -0.119579 -12.648600
v -3.746820 -0.156327 -12.652657
v -3.725986 -0.193075 -12.656713
v -3.669066 -0.219976 -12.659683
v -3.591311 -0.220364 -12.700648
v -3.513557 -0.210771 -12.698492
v -3.456637 -0.184562 -12.692603
v -3.435803 -0.148760 -12.684558
v -3.456637 -0.112958 -12.676514
v -3.513557 -0.086749 -12.670624
v -3.591311 -0.077156 -12.668468
v -3.669066 -0.086749 -12.670624
v -3.725986 -0.112958 -12.676514
v -3.746820 -0.148760 -12.684558
v -3.725986 -0.184562 -12.692603
v -3.669066 -0.210771 -12.698492
v -3.591311 -0.204779 -12.739149
v -3.513557 -0.195604 -12.735962
v -3.456637 -0.170536 -12.727254
v -3.435803 -0.136292 -12.715359
v -3.456637 -0.102048 -12.703465
v -3.513557 -0.076980 -12.694757
v -3.591311 -0.067805 -12.691569
v -3.669066 -0.076980 -12.694757
v -3.725986 -0.102048 -12.703465
v -3.746820 -0.136292 -12.715359
v -3.725986 -0.170536 -12.727254
v -3.669066 -0.195604 -12.735962
v -3.591311 -0.183336 -12.775615
v -3.513557 -0.174735 -12.771450
v -3.456637 -0.151236 -12.760073
v -3.435803 -0.119137 -12.744532
v -3.456637 -0.087038 -12.728990
v -3.513557 -0.063540 -12.717613
v -3.591311 -0.054939 -12.713449
v -3.669066 -0.063540 -12.717613
v -3.725986 -0.087038 -12.728990
v -3.746820 -0.119137 -12.744532
v -3.725986 -0.151236 -12.760073
v -3.669066 -0.174735 -12.771450
v -3.591311 -0.156400 -12.809421
v -3.513557 -0.148521 -12.804351
v -3.456637 -0.126994 -12.790499
v -3.435803 -0.097588 -12.771577
v -3.456637 -0.068183 -12.752654
v -3.513557 -0.046656 -12.738802
v -3.591311 -0.038777 -12.733732
v -3.669066 -0.046656 -12.738802
v -3.725986 -0.068183 -12.752654
v -3.746820 -0.097588 -12.771577
v -3.725986 -0.126994 -12.790499
v -3.669066 -0.148521 -12.804351
v -3.591311 -0.124432 -12.839990
v -3.513557 -0.117410 -12.834101
v -3.456637 -0.098223 -12.818010
v -3.435803 -0.072015 -12.796032
v -3.456637 -0.045806 -12.774053
v -3.513557 -0.026619 -12.757963
v -3.591311 -0.019597 -12.752073
v -3.669066 -0.026619 -12.757963
v -3.725986 -0.045806 -12.774053
v -3.746820 -0.072015 -12.796032
v -3.725986 -0.098223 -12.818010
v -3.669066 -0.117410 -12.834101
v -3.591311 -0.087981 -12.866797
v -3.513557 -0.081935 -12.860190
v -3.456637 -0.065417 -12.842138
v -3.435803 -0.042853 -12.817478
v -3.456637 -0.020289 -12.792818
v -3.513557 -0.003772 -12.774766
v -3.591311 0.002274 -12.768158
v -3.669066 -0.003772 -12.774766
v -3.725986 -0.020289 -12.792818
v -3.746820 -0.042853 -12.817478
v -3.725986 -0.065417 -12.842138
v -3.669066 -0.081935 -12.860190
v -3.591311 -0.047668 -12.889386
v -3.513557 -0.042702 -12.882174
v -3.456637 -0.029136 -12.862468
v -3.435803 -0.010603 -12.835549
v -3.456637 0.007929 -12.808630
v -3.513557 0.021496 -12.788924
v -3.591311 0.026462 -12.781712
v -3.669066 0.021496 -12.788924
v -3.725986 0.007929 -12.808630
v -3.746820 -0.010603 -12.835549
v -3.725986 -0.029136 -12.862468
v -3.669066 -0.042702 -12.882174
v -3.591311 -0.004185 -12.907370
v -3.513557 -0.000384 -12.899674
v -3.456637 0.009999 -12.878653
v -3.435803 0.024184 -12.849936
v -3.456637 0.038368 -12.821218
v -3.513557 0.048751 -12.800196
v -3.591311 0.052552 -12.792501
v -3.669066 0.048751 -12.800196
v -3.725986 0.038368 -12.821218
v -3.746820 0.024184 -12.849936
v -3.725986 0.009999 -12.878653
v -3.669066 -0.000384 -12.899674
v -3.591311 0.041726 -12.920439
v -3.513557 0.044296 -12.912394
v -3.456637 0.051319 -12.890415
v -3.435803 0.060912 -12.860391
v -3.456637 0.070505 -12.830367
v -3.513557 0.077528 -12.808388
v -3.591311 0.080098 -12.800343
v -3.669066 0.077528 -12.808388
v -3.725986 0.070505 -12.830367
v -3.746820 0.060912 -12.860391
v -3.725986 0.051319 -12.890415
v -3.669066 0.044296 -12.912394
v -3.591311 0.089278 -12.928370
v -3.513557 0.090574 -12.920114
v -3.456637 0.094116 -12.897553
v -3.435803 0.098954 -12.866736
v -3.456637 0.103791 -12.835919
v -3.513557 0.107333 -12.813359
v -3.591311 0.108629 -12.805102
v -3.669066 0.107333 -12.813359
v -3.725986 0.103791 -12.835919
v -3.746820 0.098954 -12.866736
v -3.725986 0.094116 -12.897553
v -3.669066 0.090574 -12.920114
v -3.591311 0.137657 -12.931030
v -3.513557 0.137657 -12.922701
v -3.456637 0.137657 -12.899947
v -3.435803 0.137657 -12.868864
v -3.456637 0.137657 -12.837781
v -3.513557 0.137657 -12.815026
v -3.591311 0.137657 -12.806698
v -3.669066 0.137657 -12.815026
v -3.725986 0.137657 -12.837781
v -3.746820 0.137657 -12.868864
v -3.725986 0.137657 -12.899947
v -3.669066 0.137657 -12.922701
v -3.591311 0.186037 -12.928370
v -3.513557 0.184741 -12.920114
v -3.456637 0.181199 -12.897553
v -3.435803 0.176361 -12.866736
v -3.456637 0.171523 -12.835919
v -3.513557 0.167981 -12.813359
v -3.591311 0.166685 -12.805102
v -3.669066 0.167981 -12.813359
v -3.725986 0.171523 -12.835919
v -3.746820 0.176361 -12.866736
v -3.725986 0.181199 -12.897553
v -3.669066 0.184741 -12.920114
v -3.591311 0.233589 -12.920439
v -3.513557 0.231018 -12.912394
v -3.456637 0.223995 -12.890415
v -3.435803 0.214402 -12.860391
v -3.456637 0.204809 -12.830367
v -3.513557 0.197786 -12.808388
v -3.591311 0.195216 -12.800343
v -3.669066 0.197786 -12.808388
v -3.725986 0.204809 -12.830367
v -3.746820 0.214402 -12.860391
v -3.725986 0.223995 -12.890415
v -3.669066 0.231018 -12.912394
v -3.591311 0.279499 -12.907370
v -3.513557 0.275698 -12.899674
v -3.456637 0.265315 -12.878653
v -3.435803 0.251131 -12.849936
v -3.456637 0.236947 -12.821218
v -3.513557 0.226563 -12.800196
v -3.591311 0.222762 -12.792501
v -3.669066 0.226563 -12.800196
v -3.725986 0.236947 -12.821218
v -3.746820 0.251131 -12.849936
v -3.725986 0.265315 -12.878653
v -3.669066 0.275698 -12.899674
v -3.591311 0.322982 -12.889386
v -3.513557 0.318017 -12.882174
v -3.456637 0.304450 -12.862468
v -3.435803 0.285917 -12.835549
v -3.456637 0.267385 -12.808630
v -3.513557 0.253818 -12.788924
v -3.591311 0.248852 -12.781712
v -3.669066 0.253818 -12.788924
v -3.725986 0.267385 -12.808630
v -3.746820 0.285917 -12.835549
v -3.725986 0.304450 -12.862468
v -3.669066 0.318017 -12.882174
v -3.591311 0.363295 -12.866797
v -3.513557 0.357249 -12.860190
v -3.456637 0.340731 -12.842138
v -3.435803 0.318167 -12.817478
v -3.456637 0.295604 -12.792818
v -3.513557 0.279086 -12.774766
v -3.591311 0.273040 -12.768158
v -3.669066 0.279086 -12.774766
v -3.725986 0.295604 -12.792818
v -3.746820 0.318167 -12.817478
v -3.725986 0.340731 -12.842138
v -3.669066 0.357249 -12.860190
v -3.591311 0.399747 -12.839990
v -3.513557 0.392724 -12.834101
v -3.456637 0.373538 -12.818010
v -3.435803 0.347329 -12.796032
v -3.456637 0.321120 -12.774053
v -3.513557 0.301934 -12.757963
v -3.591311 0.294911 -12.752073
v -3.669066 0.301934 -12.757963
v -3.725986 0.321120 -12.774053
v -3.746820 0.347329 -12.796032
v -3.725986 0.373538 -12.818010
v -3.669066 0.392724 -12.834101
v -3.591311 0.431714 -12.809421
v -3.513557 0.423835 -12.804351
v -3.456637 0.402308 -12.790499
v -3.435803 0.372903 -12.771577
v -3.456637 0.343497 -12.752654
v -3.513557 0.321971 -12.738803
v -3.591311 0.314091 -12.733732
v -3.669066 0.321971 -12.738803
v -3.725986 0.343497 -12.752654
v -3.746820 0.372903 -12.771577
v -3.725986 0.402308 -12.790499
v -3.669066 0.423835 -12.804351
v -3.591311 0.458650 -12.775615
v -3.513557 0.450049 -12.771450
v -3.456637 0.426551 -12.760073
v -3.435803 0.394451 -12.744532
v -3.456637 0.362352 -12.728990
v -3.513557 0.338854 -12.717613
v -3.591311 0.330253 -12.713449
v -3.669066 0.338854 -12.717613
v -3.725986 0.362352 -12.728990
v -3.746820 0.394451 -12.744532
v -3.725986 0.426551 -12.760073
v -3.669066 0.450049 -12.771450
v -3.591311 0.480094 -12.739149
v -3.513557 0.470918 -12.735962
v -3.456637 0.445850 -12.727254
v -3.435803 0.411606 -12.715359
v -3.456637 0.377363 -12.703465
v -3.513557 0.352295 -12.694757
v -3.591311 0.343119 -12.691569
v -3.669066 0.352295 -12.694757
v -3.725986 0.377363 -12.703465
v -3.746820 0.411606 -12.715359
v -3.725986 0.445850 -12.727254
v -3.669066 0.470918 -12.735962
v -3.591311 0.495678 -12.700648
v -3.513557 0.486085 -12.698492
v -3.456637 0.459876 -12.692603
v -3.435803 0.424074 -12.684558
v -3.456637 0.388272 -12.676514
v -3.513557 0.362063 -12.670624
v -3.591311 0.352470 -12.668468
v -3.669066 0.362063 -12.670624
v -3.725986 0.388272 -12.676514
v -3.746820 0.424074 -12.684558
v -3.725986 0.459876 -12.692603
v -3.669066 0.486085 -12.698492
v -3.591311 0.505137 -12.660770
v -3.513557 0.495290 -12.659683
v -3.456637 0.468389 -12.656713
v -3.435803 0.431641 -12.652657
v -3.456637 0.394893 -12.648600
v -3.513557 0.367992 -12.645629
v -3.591311 0.358145 -12.644542
v -3.669066 0.367992 -12.645629
v -3.725986 0.394893 -12.648600
v -3.746820 0.431641 -12.652657
v -3.725986 0.468389 -12.656713
v -3.669066 0.495290 -12.659683
v -3.591311 0.508308 -12.620199
v -3.513557 0.498376 -12.620199
v -3.456637 0.471243 -12.620199
v -3.435803 0.434178 -12.620199
v -3.456637 0.397113 -12.620199
v -3.513557 0.369979 -12.620199
v -3.591311 0.360048 -12.620199
v -3.669066 0.369979 -12.620199
v -3.725986 0.397113 -12.620199
v -3.746820 0.434178 -12.620199
v -3.725986 0.471243 -12.620199
v -3.669066 0.498376 -12.620199
v -3.591311 0.505137 -12.579628
v -3.513557 0.495290 -12.580715
v -3.456637 0.468389 -12.583685
v -3.435803 0.431641 -12.587742
v -3.456637 0.394893 -12.591799
v -3.513557 0.367992 -12.594769
v -3.591311 0.358145 -12.595857
v -3.669066 0.367992 -12.594769
v -3.725986 0.394893 -12.591799
v -3.746820 0.431641 -12.587742
v -3.725986 0.468389 -12.583685
v -3.669066 0.495290 -12.580715
v -3.591311 0.495678 -12.539750
v -3.513557 0.486085 -12.541906
v -3.456637 0.459876 -12.547795
v -3.435803 0.424074 -12.555840
v -3.456637 0.388272 -12.563885
v -3.513557 0.362063 -12.569775
v -3.591311 0.352470 -12.571930
v -3.669066 0.362063 -12.569775
v -3.725986 0.388272 -12.563885
v -3.746820 0.424074 -12.555840
v -3.725986 0.459876 -12.547795
v -3.669066 0.486085 -12.541906
v -3.591311 0.480094 -12.501249
v -3.513557 0.470918 -12.504436
v -3.456637 0.445850 -12.513144
v -3.435803 0.411607 -12.525040
v -3.456637 0.377363 -12.536935
v -3.513557 0.352295 -12.545642
v -3.591311 0.343119 -12.548829
v -3.669066 0.352295 -12.545642
v -3.725986 0.377363 -12.536935
v -3.746820 0.411607 -12.525040
v -3.725986 0.445850 -12.513144
v -3.669066 0.470918 -12.504436
v -3.591311 0.458650 -12.464784
v -3.513557 0.450049 -12.468948
v -3.456637 0.426551 -12.480326
v -3.435803 0.394452 -12.495867
v -3.456637 0.362352 -12.511409
v -3.513557 0.338854 -12.522785
v -3.591311 0.330253 -12.526950
v -3.669066 0.338854 -12.522785
v -3.725986 0.362352 -12.511409
v -3.746820 0.394452 -12.495867
v -3.725986 0.426551 -12.480326
v -3.669066 0.450049 -12.468948
v -3.591311 0.431714 -12.430978
v -3.513557 0.423835 -12.436048
v -3.456637 0.402308 -12.449900
v -3.435803 0.372903 -12.468822
v -3.456637 0.343497 -12.487744
v -3.513557 0.321971 -12.501595
v -3.591311 0.314091 -12.506666
v -3.669066 0.321971 -12.501595
v -3.725986 0.343497 -12.487744
v -3.746820 0.372903 -12.468822
v -3.725986 0.402308 -12.449900
v -3.669066 0.423835 -12.436048
v -3.591311 0.399747 -12.400409
v -3.513557 0.392724 -12.406298
v -3.456637 0.373538 -12.422388
v -3.435803 0.347329 -12.444366
v -3.456637 0.321120 -12.466346
v -3.513557 0.301934 -12.482435
v -3.591311 0.294911 -12.488325
v -3.669066 0.301934 -12.482435
v -3.725986 0.321120 -12.466346
v -3.746820 0.347329 -12.444366
v -3.725986 0.373538 -12.422388
v -3.669066 0.392724 -12.406298
v -3.591311 0.363295 -12.373601
v -3.513557 0.357249 -12.380208
v -3.456637 0.340731 -12.398260
v -3.435803 0.318168 -12.422920
v -3.456637 0.295604 -12.447580
v -3.513557 0.279086 -12.465632
v -3.591311 0.273040 -12.472240
v -3.669066 0.279086 -12.465632
v -3.725986 0.295604 -12.447580
v -3.746820 0.318168 -12.422920
v -3.725986 0.340731 -12.398260
v -3.669066 0.357249 -12.380208
v -3.591311 0.322982 -12.351012
v -3.513557 0.318017 -12.358225
v -3.456637 0.304450 -12.377931
v -3.435803 0.285917 -12.404849
v -3.456637 0.267385 -12.431768
v -3.513557 0.253818 -12.451474
v -3.591311 0.248852 -12.458687
v -3.669066 0.253818 -12.451474
v -3.725986 0.267385 -12.431768
v -3.746820 0.285917 -12.404849
v -3.725986 0.304450 -12.377931
v -3.669066 0.318017 -12.358225
v -3.591311 0.279499 -12.333029
v -3.513557 0.275698 -12.340724
v -3.456637 0.265315 -12.361746
v -3.435803 0.251131 -12.390463
v -3.456637 0.236947 -12.419180
v -3.513557 0.226563 -12.440203
v -3.591311 0.222762 -12.447897
v -3.669066 0.226563 -12.440203
v -3.725986 0.236947 -12.419180
v -3.746820 0.251131 -12.390463
v -3.725986 0.265315 -12.361746
v -3.669066 0.275698 -12.340724
v -3.591311 0.233589 -12.319960
v -3.513557 0.231018 -12.328005
v -3.456637 0.223996 -12.349983
v -3.435803 0.214402 -12.380008
v -3.456637 0.204809 -12.410031
v -3.513557 0.197787 -12.432011
v -3.591311 0.195216 -12.440056
v -3.669066 0.197787 -12.432011
v -3.725986 0.204809 -12.410031
v -3.746820 0.214402 -12.380008
v -3.725986 0.223996 -12.349983
v -3.669066 0.231018 -12.328005
v -3.591311 0.186037 -12.312028
v -3.513557 0.184741 -12.320285
v -3.456637 0.181199 -12.342845
v -3.435803 0.176361 -12.373662
v -3.456637 0.171523 -12.404479
v -3.513557 0.167981 -12.427039
v -3.591311 0.166685 -12.435296
v -3.669066 0.167981 -12.427039
v -3.725986 0.171523 -12.404479
v -3.746820 0.176361 -12.373662
v -3.725986 0.181199 -12.342845
v -3.669066 0.184741 -12.320285
v -3.591311 0.137657 -12.309368
v -3.513557 0.137657 -12.317698
v -3.456637 0.137657 -12.340451
v -3.435803 0.137657 -12.371534
v -3.456637 0.137657 -12.402617
v -3.513557 0.137657 -12.425372
v -3.591311 0.137657 -12.433701
v -3.669066 0.137657 -12.425372
v -3.725986 0.137657 -12.402617
v -3.746820 0.137657 -12.371534
v -3.725986 0.137657 -12.340451
v -3.669066 0.137657 -12.317698
v -3.591311 0.089278 -12.312028
v -3.513557 0.090574 -12.320285
v -3.456637 0.094116 -12.342845
v -3.435803 0.098954 -12.373662
v -3.456637 0.103791 -12.404479
v -3.513557 0.107333 -12.427039
v -3.591311 0.108629 -12.435296
v -3.669066 0.107333 -12.427039
v -3.725986 0.103791 -12.404479
v -3.746820 0.098954 -12.373662
v -3.725986 0.094116 -12.342845
v -3.669066 0.090574 -12.320285
v -3.591311 0.041726 -12.319960
v -3.513557 0.044296 -12.328005
v -3.456637 0.051319 -12.349983
v -3.435803 0.060912 -12.380008
v -3.456637 0.070505 -12.410031
v -3.513557 0.077528 -12.432011
v -3.591311 0.080098 -12.440056
v -3.669066 0.077528 -12.432011
v -3.725986 0.070505 -12.410031
v -3.746820 0.060912 -12.380008
v -3.725986 0.051319 -12.349983
v -3.669066 0.044296 -12.328005
v -3.591311 -0.004185 -12.333029
v -3.513557 -0.000384 -12.340724
v -3.456637 0.009999 -12.361746
v -3.435803 0.024184 -12.390463
v -3.456637 0.038368 -12.419180
v -3.513557 0.048751 -12.440203
v -3.591311 0.052552 -12.447897
v -3.669066 0.048751 -12.440203
v -3.725986 0.038368 -12.419180
v -3.746820 0.024184 -12.390463
v -3.725986 0.009999 -12.361746
v -3.669066 -0.000384 -12.340724
v -3.591311 -0.047668 -12.351012
v -3.513557 -0.042702 -12.358225
v -3.456637 -0.029136 -12.377931
v -3.435803 -0.010603 -12.404849
v -3.456637 0.007929 -12.431768
v -3.513557 0.021496 -12.451474
v -3.591311 0.026462 -12.458687
v -3.669066 0.021496 -12.451474
v -3.725986 0.007929 -12.431768
v -3.746820 -0.010603 -12.404849
v -3.725986 -0.029136 -12.377931
v -3.669066 -0.042702 -12.358225
v -3.591311 -0.087981 -12.373601
v -3.513557 -0.081935 -12.380208
v -3.456637 -0.065417 -12.398260
v -3.435803 -0.042853 -12.422920
v -3.456637 -0.020289 -12.447580
v -3.513557 -0.003771 -12.465632
v -3.591311 0.002274 -12.472240
v -3.669066 -0.003771 -12.465632
v -3.725986 -0.020289 -12.447580
v -3.746820 -0.042853 -12.422920
v -3.725986 -0.065417 -12.398260
v -3.669066 -0.081935 -12.380208
v -3.591311 -0.124432 -12.400409
v -3.513557 -0.117410 -12.406298
v -3.456637 -0.098223 -12.422387
v -3.435803 -0.072014 -12.444366
v -3.456637 -0.045805 -12.466346
v -3.513557 -0.026619 -12.482435
v -3.591311 -0.019597 -12.488325
v -3.669066 -0.026619 -12.482435
v -3.725986 -0.045805 -12.466346
v -3.746820 -0.072014 -12.444366
v -3.725986 -0.098223 -12.422387
v -3.669066 -0.117410 -12.406298
v -3.591311 -0.156400 -12.430978
v -3.513557 -0.148521 -12.436048
v -3.456637 -0.126994 -12.449900
v -3.435803 -0.097588 -12.468822
v -3.456637 -0.068183 -12.487744
v -3.513557 -0.046656 -12.501596
v -3.591311 -0.038777 -12.506666
v -3.669066 -0.046656 -12.501596
v -3.725986 -0.068183 -12.487744
v -3.746820 -0.097588 -12.468822
v -3.725986 -0.126994 -12.449900
v -3.669066 -0.148521 -12.436048
v -3.591311 -0.183336 -12.464784
v -3.513557 -0.174735 -12.468948
v -3.456637 -0.151236 -12.480326
v -3.435803 -0.119137 -12.495867
v -3.456637 -0.087038 -12.511409
v -3.513557 -0.063540 -12.522785
v -3.591311 -0.054939 -12.526950
v -3.669066 -0.063540 -12.522785
v -3.725986 -0.087038 -12.511409
v -3.746820 -0.119137 -12.495867
v -3.725986 -0.151236 -12.480326
v -3.669066 -0.174735 -12.468948
v -3.591311 -0.204779 -12.501249
v -3.513557 -0.195604 -12.504436
v -3.456637 -0.170536 -12.513144
v -3.435803 -0.136292 -12.525040
v -3.456637 -0.102048 -12.536934
v -3.513557 -0.076980 -12.545642
v -3.591311 -0.067805 -12.548829
v -3.669066 -0.076980 -12.545642
v -3.725986 -0.102048 -12.536934
v -3.746820 -0.136292 -12.525040
v -3.725986 -0.170536 -12.513144
v -3.669066 -0.195604 -12.504436
v -3.591311 -0.220364 -12.539750
v -3.513557 -0.210771 -12.541906
v -3.456637 -0.184562 -12.547795
v -3.435803 -0.148760 -12.555840
v -3.456637 -0.112958 -12.563885
v -3.513557 -0.086749 -12.569775
v -3.591311 -0.077156 -12.571930
v -3.669066 -0.086749 -12.569775
v -3.725986 -0.112958 -12.563885
v -3.746820 -0.148760 -12.555840
v -3.725986 -0.184562 -12.547795
v -3.669066 -0.210771 -12.541906
v -3.591311 -0.229823 -12.579628
v -3.513557 -0.219976 -12.580715
v -3.456637 -0.193075 -12.583685
v -3.435803 -0.156327 -12.587742
v -3.456637 -0.119579 -12.591799
v -3.513557 -0.092677 -12.594769
v -3.591311 -0.082831 -12.595857
v -3.669066 -0.092677 -12.594769
v -3.725986 -0.119579 -12.591799
v -3.746820 -0.156327 -12.587742
v -3.725986 -0.193075 -12.583685
v -3.669066 -0.219976 -12.580715
vn 0.1263 -0.9890 -0.0773
vn 0.4292 -0.9004 -0.0704
vn 0.8711 -0.4896 -0.0383
vn 0.8711 0.4896 0.0383
vn 0.4292 0.9004 0.0704
vn 0.1263 0.9890 0.0773
vn -0.1263 0.9890 0.0773
vn -0.4292 0.9004 0.0704
vn -0.8711 0.4896 0.0383
vn -0.8711 -0.4896 -0.0383
vn -0.4292 -0.9004 -0.0704
vn -0.1263 -0.9890 -0.0773
vn 0.1254 -0.9653 -0.2290
vn 0.4268 -0.8799 -0.2087
vn 0.8696 -0.4804 -0.1140
vn 0.8696 0.4804 0.1140
vn 0.4268 0.8799 0.2087
vn 0.1254 0.9653 0.2290
vn -0.1254 0.9653 0.2290
vn -0.4268 0.8799 0.2087
vn -0.8696 0.4804 0.1140
vn -0.8696 -0.4804 -0.1140
vn -0.4268 -0.8799 -0.2087
vn -0.1254 -0.9653 -0.2290
vn 0.1238 -0.9198 -0.3723
vn 0.4221 -0.8403 -0.3401
vn 0.8667 -0.4623 -0.1871
vn 0.8667 0.4623 0.1871
vn 0.4221 0.8403 0.3401
vn 0.1238 0.9198 0.3723
vn -0.1238 0.9198 0.3723
vn -0.4221 0.8403 0.3401
vn -0.8667 0.4623 0.1871
vn -0.8667 -0.4623 -0.1871
vn -0.4221 -0.8403 -0.3401
vn -0.1238 -0.9198 -0.3723
vn 0.1216 -0.8556 -0.5031
vn 0.4158 -0.7840 -0.4610
vn 0.8627 -0.4359 -0.2563
vn 0.8627 0.4359 0.2563
vn 0.4158 0.7840 0.4610
vn 0.1216 0.8556 0.5031
vn -0.1216 0.8556 0.5031
vn -0.4158 0.7840 0.4610
vn -0.8627 0.4359 0.2563
vn -0.8627 -0.4359 -0.2563
vn -0.4158 -0.7840 -0.4610
vn -0.1216 -0.8556 -0.5031
vn 0.1190 -0.7765 -0.6187
vn 0.4084 -0.7139 -0.5688
vn 0.8579 -0.4018 -0.3202
vn 0.8579 0.4018 0.3202
vn 0.4084 0.7139 0.5688
vn 0.1190 0.7765 0.6187
vn -0.1190 0.7765 0.6187
vn -0.4084 0.7139 0.5688
vn -0.8579 0.4018 0.3202
vn -0.8579 -0.4018 -0.3202
vn -0.4084 -0.7139 -0.5688
vn -0.1190 -0.7765 -0.6187
vn 0.1164 -0.6864 -0.7178
vn 0.4006 -0.6332 -0.6622
vn 0.8526 -0.3611 -0.3776
vn 0.8526 0.3611 0.3776
vn 0.4006 0.6332 0.6622
vn 0.1164 0.6864 0.7178
vn -0.1164 0.6864 0.7178
vn -0.4006 0.6332 0.6622
vn -0.8526 0.3611 0.3776
vn -0.8526 -0.3611 -0.3776
vn -0.4006 -0.6332 -0.6622
vn -0.1164 -0.6864 -0.7178
vn 0.1138 -0.5886 -0.8004
vn 0.3930 -0.5448 -0.7408
vn 0.8473 -0.3147 -0.4279
vn 0.8473 0.3147 0.4279
vn 0.3930 0.5448 0.7408
vn 0.1138 0.5886 0.8004
vn -0.1138 0.5886 0.8004
vn -0.3930 0.5448 0.7408
vn -0.8473 0.3147 0.4279
vn -0.8473 -0.3147 -0.4279
vn -0.3930 -0.5448 -0.7408
vn -0.1138 -0.5886 -0.8004
vn 0.1114 -0.4858 -0.8669
vn 0.3861 -0.4509 -0.8047
vn 0.8422 -0.2636 -0.4704
vn 0.8422 0.2636 0.4704
vn 0.3861 0.4509 0.8047
vn 0.1114 0.4858 0.8669
vn -0.1114 0.4858 0.8669
vn -0.3861 0.4509 0.8047
vn -0.8422 0.2636 0.4704
vn -0.8422 -0.2636 -0.4704
vn -0.3861 -0.4509 -0.8047
vn -0.1114 -0.4858 -0.8669
vn 0.1095 -0.3799 -0.9185
vn 0.3802 -0.3535 -0.8547
vn 0.8377 -0.2087 -0.5047
vn 0.8377 0.2087 0.5047
vn 0.3802 0.3535 0.8547
vn 0.1095 0.3799 0.9185
vn -0.1095 0.3799 0.9185
vn -0.3802 0.3535 0.8547
vn -0.8377 0.2087 0.5047
vn -0.8377 -0.2087 -0.5047
vn -0.3802 -0.3535 -0.8547
vn -0.1095 -0.3799 -0.9185
vn 0.1079 -0.2722 -0.9562
vn 0.3755 -0.2538 -0.8914
vn 0.8341 -0.1510 -0.5305
vn 0.8341 0.1510 0.5305
vn 0.3755 0.2538 0.8914
vn 0.1079 0.2722 0.9562
vn -0.1079 0.2722 0.9562
vn -0.3755 0.2538 0.8914
vn -0.8341 0.1510 0.5305
vn -0.8341 -0.1510 -0.5305
vn -0.3755 -0.2538 -0.8914
vn -0.1079 -0.2722 -0.9562
vn 0.1069 -0.1636 -0.9807
vn 0.3723 -0.1527 -0.9155
vn 0.8316 -0.0914 -0.5478
vn 0.8316 0.0914 0.5478
vn 0.3723 0.1527 0.9155
vn 0.1069 0.1636 0.9807
vn -0.1069 0.1636 0.9807
vn -0.3723 0.1527 0.9155
vn -0.8316 0.0914 0.5478
vn -0.8316 -0.0914 -0.5478
vn -0.3723 -0.1527 -0.9155
vn -0.1069 -0.1636 -0.9807
vn 0.1063 -0.0546 -0.9928
vn 0.3707 -0.0510 -0.9273
vn 0.8303 -0.0306 -0.5565
vn 0.8303 0.0306 0.5565
vn 0.3707 0.0510 0.9273
vn 0.1063 0.0546 0.9928
vn -0.1063 0.0546 0.9928
vn -0.3707 0.0510 0.9273
vn -0.8303 0.0306 0.5565
vn -0.8303 -0.0306 -0.5565
vn -0.3707 -0.0510 -0.9273
vn -0.1063 -0.0546 -0.9928
vn 0.1063 0.0546 -0.9928
vn 0.3707 0.0510 -0.9273
vn 0.8303 0.0306 -0.5565
vn 0.8303 -0.0306 0.5565
vn 0.3707 -0.0510 0.9273
vn 0.1063 -0.0546 0.9928
vn -0.1063 -0.0546 0.9928
vn -0.3707 -0.0510 0.9273
vn -0.8303 -0.0306 0.5565
vn -0.8303 0.0306 -0.5565
vn -0.3707 0.0510 -0.9273
vn -0.1063 0.0546 -0.9928
vn 0.1069 0.1636 -0.9807
vn 0.3723 0.1527 -0.9155
vn 0.8316 0.0914 -0.5478
vn 0.8316 -0.0914 0.5478
vn 0.3723 -0.1527 0.9155
vn 0.1069 -0.1636 0.9807
vn -0.1069 -0.1636 0.9807
vn -0.3723 -0.1527 0.9155
vn -0.8316 -0.0914 0.5478
vn -0.8316 0.0914 -0.5478
vn -0.3723 0.1527 -0.9155
vn -0.1069 0.1636 -0.9807
vn 0.1079 0.2722 -0.9562
vn 0.3755 0.2538 -0.8914
vn 0.8341 0.1510 -0.5305
vn 0.8341 -0.1510 0.5305
vn 0.3755 -0.2538 0.8914
vn 0.1079 -0.2722 0.9562
vn -0.1079 -0.2722 0.9562
vn -0.3755 -0.2538 0.8914
vn -0.8341 -0.1510 0.5305
vn -0.8341 0.1510 -0.5305
vn -0.3755 0.2538 -0.8914
vn -0.1079 0.2722 -0.9562
vn 0.1095 0.3799 -0.9185
vn 0.3802 0.3535 -0.8547
vn 0.8377 0.2087 -0.5047
vn 0.8377 -0.2087 0.5047
vn 0.3802 -0.3535 0.8547
vn 0.1095 -0.3799 0.9185
vn -0.1095 -0.3799 0.9185
vn -0.3802 -0.3535 0.8547
vn -0.8377 -0.2087 0.5047
vn -0.8377 0.2087 -0.5047
vn -0.3802 0.3535 -0.8547
vn -0.1095 0.3799 -0.9185
vn 0.1114 0.4858 -0.8669
vn 0.3861 0.4509 -0.8047
vn 0.8422 0.2636 -0.4704
vn 0.8422 -0.2636 0.4704
vn 0.3861 -0.4509 0.8047
vn 0.1114 -0.4858 0.8669
vn -0.1114 -0.4858 0.8669
vn -0.3861 -0.4509 0.8047
vn -0.8422 -0.2636 0.4704
vn -0.8422 0.2636 -0.4704
vn -0.3861 0.4509 -0.8047
vn -0.1114 0.4858 -0.8669
vn 0.1138 0.5886 -0.8004
vn 0.3930 0.5448 -0.7408
vn 0.8473 0.3147 -0.4279
vn 0.8473 -0.3147 0.4279
vn 0.3930 -0.5448 0.7408
vn 0.1138 -0.5886 0.8004
vn -0.1138 -0.5886 0.8004
vn -0.3930 -0.5448 0.7408
vn -0.8473 -0.3147 0.4279
vn -0.8473 0.3147 -0.4279
vn -0.3930 0.5448 -0.7408
vn -0.1138 0.5886 -0.8004
vn 0.1164 0.6864 -0.7178
vn 0.4006 0.6332 -0.6622
vn 0.8526 0.3611 -0.3776
vn 0.8526 -0.3611 0.3776
vn 0.4006 -0.6332 0.6622
vn 0.1164 -0.6864 0.7178
vn -0.1164 -0.6864 0.7178
vn -0.4006 -0.6332 0.6622
vn -0.8526 -0.3611 0.3776
vn -0.8526 0.3611 -0.3776
vn -0.4006 0.6332 -0.6622
vn -0.1164 0.6864 -0.7178
vn 0.1190 0.7765 -0.6187
vn 0.4084 0.7139 -0.5688
vn 0.8579 0.4018 -0.3202
vn 0.8579 -0.4018 0.3202
vn 0.4084 -0.7139 0.5688
vn 0.1190 -0.7765 0.6187
vn -0.1190 -0.7765 0.6187
vn -0.4084 -0.7139 0.5688
vn -0.8579 -0.4018 0.3202
vn -0.8579 0.4018 -0.3202
vn -0.4084 0.7139 -0.5688
vn -0.1190 0.7765 -0.6187
vn 0.1216 0.8556 -0.5031
vn 0.4158 0.7840 -0.4610
vn 0.8627 0.4359 -0.2563
vn 0.8627 -0.4359 0.2563
vn 0.4158 -0.7840 0.4610
vn 0.1216 -0.8556 0.5031
vn -0.1216 -0.8556 0.5031
vn -0.4158 -0.7840 0.4610
vn -0.8627 -0.4359 0.2563
vn -0.8627 0.4359 -0.2563
vn -0.4158 0.7840 -0.4610
vn -0.1216 0.8556 -0.5031
vn 0.1238 0.9198 -0.3723
vn 0.4221 0.8403 -0.3401
vn 0.8667 0.4623 -0.1871
vn 0.8667 -0.4623 0.1871
vn 0.4221 -0.8403 0.3401
vn 0.1238 -0.9198 0.3723
vn -0.1238 -0.9198 0.3723
vn -0.4221 -0.8403 0.3401
vn -0.8667 -0.4623 0.1871
vn -0.8667 0.4623 -0.1871
vn -0.4221 0.8403 -0.3401
vn -0.1238 0.9198 -0.3723
vn 0.1254 0.9653 -0.2290
vn 0.4268 0.8799 -0.2087
vn 0.8696 0.4804 -0.1140
vn 0.8696 -0.4804 0.1140
vn 0.4268 -0.8799 0.2087
vn 0.1254 -0.9653 0.2290
vn -0.1254 -0.9653 0.2290
vn -0.4268 -0.8799 0.2087
vn -0.8696 -0.4804 0.1140
vn -0.8696 0.4804 -0.1140
vn -0.4268 0.8799 -0.2087
vn -0.1254 0.9653 -0.2290
vn 0.1263 0.9890 -0.0773
vn 0.4292 0.9004 -0.0704
vn 0.8711 0.4896 -0.0383
vn 0.8711 -0.4896 0.0383
vn 0.4292 -0.9004 0.0704
vn 0.1263 -0.9890 0.0773
vn -0.1263 -0.9890 0.0773
vn -0.4292 -0.9004 0.0704
vn -0.8711 -0.4896 0.0383
vn -0.8711 0.4896 -0.0383
vn -0.4292 0.9004 -0.0704
vn -0.1263 0.9890 -0.0773
vt 0.500000 0.500000
vt 0.520833 0.500000
vt 0.520833 0.583333
vt 0.500000 0.583333
vt 0.520833 0.666667
vt 0.500000 0.666667
vt 0.520833 0.750000
vt 0.500000 0.750000
vt 0.520833 0.833333
vt 0.500000 0.833333
vt 0.520833 0.916667
vt 0.500000 0.916667
vt 0.520833 1.000000
vt 0.500000 1.000000
vt 0.500000 0.000000
vt 0.520833 0.000000
vt 0.520833 0.083333
vt 0.500000 0.083333
vt 0.520833 0.166667
vt 0.500000 0.166667
vt 0.520833 0.250000
vt 0.500000 0.250000
vt 0.520833 0.333333
vt 0.500000 0.333333
vt 0.520833 0.416667
vt 0.500000 0.416667
vt 0.541667 0.500000
vt 0.541667 0.583333
vt 0.541667 0.666667
vt 0.541667 0.750000
vt 0.541667 0.833333
vt 0.541667 0.916667
vt 0.541667 1.000000
vt 0.541667 0.000000
vt 0.541667 0.083333
vt 0.541667 0.166667
vt 0.541667 0.250000
vt 0.541667 0.333333
vt 0.541667 0.416667
vt 0.562500 0.500000
vt 0.562500 0.583333
vt 0.562500 0.666667
vt 0.562500 0.750000
vt 0.562500 0.833333
vt 0.562500 0.916667
vt 0.562500 1.000000
vt 0.562500 0.000000
vt 0.562500 0.083333
vt 0.562500 0.166667
vt 0.562500 0.250000
vt 0.562500 0.333333
vt 0.562500 0.416667
vt 0.583333 0.500000
vt 0.583333 0.583333
vt 0.583333 0.666667
vt 0.583333 0.750000
vt 0.583333 0.833333
vt 0.583333 0.916667
vt 0.583333 1.000000
vt 0.583333 0.000000
vt 0.583333 0.083333
vt 0.583333 0.166667
vt 0.583333 0.250000
vt 0.583333 0.333333
vt 0.583333 0.416667
vt 0.604167 0.500000
vt 0.604167 0.583333
vt 0.604167 0.666667
vt 0.604167 0.750000
vt 0.604167 0.833333
vt 0.604167 0.916667
vt 0.604167 1.000000
vt 0.604167 0.000000
vt 0.604167 0.083333
vt 0.604167 0.166667
vt 0.604167 0.250000
vt 0.604167 0.333333
vt 0.604167 0.416667
vt 0.625000 0.500000
vt 0.625000 0.583333
vt 0.625000 0.666667
vt 0.625000 0.750000
vt 0.625000 0.833333
vt 0.625000 0.916667
vt 0.625000 1.000000
vt 0.625000 0.000000
vt 0.625000 0.083333
vt 0.625000 0.166667
vt 0.625000 0.250000
vt 0.625000 0.333333
vt 0.625000 0.416667
vt 0.645833 0.500000
vt 0.645833 0.583333
vt 0.645833 0.666667
vt 0.645833 0.750000
vt 0.645833 0.833333
vt 0.645833 0.916667
vt 0.645833 1.000000
vt 0.645833 0.000000
vt 0.645833 0.083333
vt 0.645833 0.166667
vt 0.645833 0.250000
vt 0.645833 0.333333
vt 0.645833 0.416667
vt 0.666667 0.500000
vt 0.666667 0.583333
vt 0.666667 0.666667
vt 0.666667 0.750000
vt 0.666667 0.833333
vt 0.666667 0.916667
vt 0.666667 1.000000
vt 0.666667 0.000000
vt 0.666667 0.083333
vt 0.666667 0.166667
vt 0.666667 0.250000
vt 0.666667 0.333333
vt 0.666667 0.416667
vt 0.687500 0.500000
vt 0.687500 0.583333
vt 0.687500 0.666667
vt 0.687500 0.750000
vt 0.687500 0.833333
vt 0.687500 0.916667
vt 0.687500 1.000000
vt 0.687500 0.000000
vt 0.687500 0.083333
vt 0.687500 0.166667
vt 0.687500 0.250000
vt 0.687500 0.333333
vt 0.687500 0.416667
vt 0.708333 0.500000
vt 0.708333 0.583333
vt 0.708333 0.666667
vt 0.708333 0.750000
vt 0.708333 0.833333
vt 0.708333 0.916667
vt 0.708333 1.000000
vt 0.708333 0.000000
vt 0.708333 0.083333
vt 0.708333 0.166667
vt 0.708333 0.250000
vt 0.708333 0.333333
vt 0.708333 0.416667
vt 0.729167 0.500000
vt 0.729167 0.583333
vt 0.729167 0.666667
vt 0.729167 0.750000
vt 0.729167 0.833333
vt 0.729167 0.916667
vt 0.729167 1.000000
vt 0.729167 0.000000
vt 0.729167 0.083333
vt 0.729167 0.166667
vt 0.729167 0.250000
vt 0.729167 0.333333
vt 0.729167 0.416667
vt 0.750000 0.500000
vt 0.750000 0.583333
vt 0.750000 0.666667
vt 0.750000 0.750000
vt 0.750000 0.833333
vt 0.750000 0.916667
vt 0.750000 1.000000
vt 0.750000 0.000000
vt 0.750000 0.083333
vt 0.750000 0.166667
vt 0.750000 0.250000
vt 0.750000 0.333333
vt 0.750000 0.416667
vt 0.770833 0.500000
vt 0.770833 0.583333
vt 0.770833 0.666667
vt 0.770833 0.750000
vt 0.770833 0.833333
vt 0.770833 0.916667
vt 0.770833 1.000000
vt 0.770833 0.000000
vt 0.770833 0.083333
vt 0.770833 0.166667
vt 0.770833 0.250000
vt 0.770833 0.333333
vt 0.770833 0.416667
vt 0.791667 0.500000
vt 0.791667 0.583333
vt 0.791667 0.666667
vt 0.791667 0.750000
vt 0.791667 0.833333
vt 0.791667 0.916667
vt 0.791667 1.000000
vt 0.791667 0.000000
vt 0.791667 0.083333
vt 0.791667 0.166667
vt 0.791667 0.250000
vt 0.791667 0.333333
vt 0.791667 0.416667
vt 0.812500 0.500000
vt 0.812500 0.583333
vt 0.812500 0.666667
vt 0.812500 0.750000
vt 0.812500 0.833333
vt 0.812500 0.916667
vt 0.812500 1.000000
vt 0.812500 0.000000
vt 0.812500 0.083333
vt 0.812500 0.166667
vt 0.812500 0.250000
vt 0.812500 0.333333
vt 0.812500 0.416667
vt 0.833333 0.500000
vt 0.833333 0.583333
vt 0.833333 0.666667
vt 0.833333 0.750000
vt 0.833333 0.833333
vt 0.833333 0.916667
vt 0.833333 1.000000
vt 0.833333 0.000000
vt 0.833333 0.083333
vt 0.833333 0.166667
vt 0.833333 0.250000
vt 0.833333 0.333333
vt 0.833333 0.416667
vt 0.854167 0.500000
vt 0.854167 0.583333
vt 0.854167 0.666667
vt 0.854167 0.750000
vt 0.854167 0.833333
vt 0.854167 0.916667
vt 0.854167 1.000000
vt 0.854167 0.000000
vt 0.854167 0.083333
vt 0.854167 0.166667
vt 0.854167 0.250000
vt 0.854167 0.333333
vt 0.854167 0.416667
vt 0.875000 0.500000
vt 0.875000 0.583333
vt 0.875000 0.666667
vt 0.875000 0.750000
vt 0.875000 0.833333
vt 0.875000 0.916667
vt 0.875000 1.000000
vt 0.875000 0.000000
vt 0.875000 0.083333
vt 0.875000 0.166667
vt 0.875000 0.250000
vt 0.875000 0.333333
vt 0.875000 0.416667
vt 0.895833 0.500000
vt 0.895833 0.583333
vt 0.895833 0.666667
vt 0.895833 0.750000
vt 0.895833 0.833333
vt 0.895833 0.916667
vt 0.895833 1.000000
vt 0.895833 0.000000
vt 0.895833 0.083333
vt 0.895833 0.166667
vt 0.895833 0.250000
vt 0.895833 0.333333
vt 0.895833 0.416667
vt 0.916667 0.500000
vt 0.916667 0.583333
vt 0.916667 0.666667
vt 0.916667 0.750000
vt 0.916667 0.833333
vt 0.916667 0.916667
vt 0.916667 1.000000
vt 0.916667 0.000000
vt 0.916667 0.083333
vt 0.916667 0.166667
vt 0.916667 0.250000
vt 0.916667 0.333333
vt 0.916667 0.416667
vt 0.937500 0.500000
vt 0.937500 0.583333
vt 0.937500 0.666667
vt 0.937500 0.750000
vt 0.937500 0.833333
vt 0.937500 0.916667
vt 0.937500 1.000000
vt 0.937500 0.000000
vt 0.937500 0.083333
vt 0.937500 0.166667
vt 0.937500 0.250000
vt 0.937500 0.333333
vt 0.937500 0.416667
vt 0.958333 0.500000
vt 0.958333 0.583333
vt 0.958333 0.666667
vt 0.958333 0.750000
vt 0.958333 0.833333
vt 0.958333 0.916667
vt 0.958333 1.000000
vt 0.958333 0.000000
vt 0.958333 0.083333
vt 0.958333 0.166667
vt 0.958333 0.250000
vt 0.958333 0.333333
vt 0.958333 0.416667
vt 0.979167 0.500000
vt 0.979167 0.583333
vt 0.979167 0.666667
vt 0.979167 0.750000
vt 0.979167 0.833333
vt 0.979167 0.916667
vt 0.979167 1.000000
vt 0.979167 0.000000
vt 0.979167 0.083333
vt 0.979167 0.166667
vt 0.979167 0.250000
vt 0.979167 0.333333
vt 0.979167 0.416667
vt 1.000000 0.500000
vt 1.000000 0.583333
vt 1.000000 0.666667
vt 1.000000 0.750000
vt 1.000000 0.833333
vt 1.000000 0.916667
vt 1.000000 1.000000
vt 1.000000 0.000000
vt 1.000000 0.083333
vt 1.000000 0.166667
vt 1.000000 0.250000
vt 1.000000 0.333333
vt 1.000000 0.416667
vt 0.000000 0.500000
vt 0.020833 0.500000
vt 0.020833 0.583333
vt 0.000000 0.583333
vt 0.020833 0.666667
vt 0.000000 0.666667
vt 0.020833 0.750000
vt 0.000000 0.750000
vt 0.020833 0.833333
vt 0.000000 0.833333
vt 0.020833 0.916667
vt 0.000000 0.916667
vt 0.020833 1.000000
vt 0.000000 1.000000
vt 0.000000 0.000000
vt 0.020833 0.000000
vt 0.020833 0.083333
vt 0.000000 0.083333
vt 0.020833 0.166667
vt 0.000000 0.166667
vt 0.020833 0.250000
vt 0.000000 0.250000
vt 0.020833 0.333333
vt 0.000000 0.333333
vt 0.020833 0.416667
vt 0.000000 0.416667
vt 0.041667 0.500000
vt 0.041667 0.583333
vt 0.041667 0.666667
vt 0.041667 0.750000
vt 0.041667 0.833333
vt 0.041667 0.916667
vt 0.041667 1.000000
vt 0.041667 0.000000
vt 0.041667 0.083333
vt 0.041667 0.166667
vt 0.041667 0.250000
vt 0.041667 0.333333
vt 0.041667 0.416667
vt 0.062500 0.500000
vt 0.062500 0.583333
vt 0.062500 0.666667
vt 0.062500 0.750000
vt 0.062500 0.833333
vt 0.062500 0.916667
vt 0.062500 1.000000
vt 0.062500 0.000000
vt 0.062500 0.083333
vt 0.062500 0.166667
vt 0.062500 0.250000
vt 0.062500 0.333333
vt 0.062500 0.416667
vt 0.083333 0.500000
vt 0.083333 0.583333
vt 0.083333 0.666667
vt 0.083333 0.750000
vt 0.083333 0.833333
vt 0.083333 0.916667
vt 0.083333 1.000000
vt 0.083333 0.000000
vt 0.083333 0.083333
vt 0.083333 0.166667
vt 0.083333 0.250000
vt 0.083333 0.333333
vt 0.083333 0.416667
vt 0.104167 0.500000
vt 0.104167 0.583333
vt 0.104167 0.666667
vt 0.104167 0.750000
vt 0.104167 0.833333
vt 0.104167 0.916667
vt 0.104167 1.000000
vt 0.104167 0.000000
vt 0.104167 0.083333
vt 0.104167 0.166667
vt 0.104167 0.250000
vt 0.104167 0.333333
vt 0.104167 0.416667
vt 0.125000 0.500000
vt 0.125000 0.583333
vt 0.125000 0.666667
vt 0.125000 0.750000
vt 0.125000 0.833333
vt 0.125000 0.916667
vt 0.125000 1.000000
vt 0.125000 0.000000
vt 0.125000 0.083333
vt 0.125000 0.166667
vt 0.125000 0.250000
vt 0.125000 0.333333
vt 0.125000 0.416667
vt 0.145833 0.500000
vt 0.145833 0.583333
vt 0.145833 0.666667
vt 0.145833 0.750000
vt 0.145833 0.833333
vt 0.145833 0.916667
vt 0.145833 1.000000
vt 0.145833 0.000000
vt 0.145833 0.083333
vt 0.145833 0.166667
vt 0.145833 0.250000
vt 0.145833 0.333333
vt 0.145833 0.416667
vt 0.166667 0.500000
vt 0.166667 0.583333
vt 0.166667 0.666667
vt 0.166667 0.750000
vt 0.166667 0.833333
vt 0.166667 0.916667
vt 0.166667 1.000000
vt 0.166667 0.000000
vt 0.166667 0.083333
vt 0.166667 0.166667
vt 0.166667 0.250000
vt 0.166667 0.333333
vt 0.166667 0.416667
vt 0.187500 0.500000
vt 0.187500 0.583333
vt 0.187500 0.666667
vt 0.187500 0.750000
vt 0.187500 0.833333
vt 0.187500 0.916667
vt 0.187500 1.000000
vt 0.187500 0.000000
vt 0.187500 0.083333
vt 0.187500 0.166667
vt 0.187500 0.250000
vt 0.187500 0.333333
vt 0.187500 0.416667
vt 0.208333 0.500000
vt 0.208333 0.583333
vt 0.208333 0.666667
vt 0.208333 0.750000
vt 0.208333 0.833333
vt 0.208333 0.916667
vt 0.208333 1.000000
vt 0.208333 0.000000
vt 0.208333 0.083333
vt 0.208333 0.166667
vt 0.208333 0.250000
vt 0.208333 0.333333
vt 0.208333 0.416667
vt 0.229167 0.500000
vt 0.229167 0.583333
vt 0.229167 0.666667
vt 0.229167 0.750000
vt 0.229167 0.833333
vt 0.229167 0.916667
vt 0.229167 1.000000
vt 0.229167 0.000000
vt 0.229167 0.083333
vt 0.229167 0.166667
vt 0.229167 0.250000
vt 0.229167 0.333333
vt 0.229167 0.416667
vt 0.250000 0.500000
vt 0.250000 0.583333
vt 0.250000 0.666667
vt 0.250000 0.750000
vt 0.250000 0.833333
vt 0.250000 0.916667
vt 0.250000 1.000000
vt 0.250000 0.000000
vt 0.250000 0.083333
vt 0.250000 0.166667
vt 0.250000 0.250000
vt 0.250000 0.333333
vt 0.250000 0.416667
vt 0.270833 0.500000
vt 0.270833 0.583333
vt 0.270833 0.666667
vt 0.270833 0.750000
vt 0.270833 0.833333
vt 0.270833 0.916667
vt 0.270833 1.000000
vt 0.270833 0.000000
vt 0.270833 0.083333
vt 0.270833 0.166667
vt 0.270833 0.250000
vt 0.270833 0.333333
vt 0.270833 0.416667
vt 0.291667 0.500000
vt 0.291667 0.583333
vt 0.291667 0.666667
vt 0.291667 0.750000
vt 0.291667 0.833333
vt 0.291667 0.916667
vt 0.291667 1.000000
vt 0.291667 0.000000
vt 0.291667 0.083333
vt 0.291667 0.166667
vt 0.291667 0.250000
vt 0.291667 0.333333
vt 0.291667 0.416667
vt 0.312500 0.500000
vt 0.312500 0.583333
vt 0.312500 0.666667
vt 0.312500 0.750000
vt 0.312500 0.833333
vt 0.312500 0.916667
vt 0.312500 1.000000
vt 0.312500 0.000000
vt 0.312500 0.083333
vt 0.312500 0.166667
vt 0.312500 0.250000
vt 0.312500 0.333333
vt 0.312500 0.416667
vt 0.333333 0.500000
vt 0.333333 0.583333
vt 0.333333 0.666667
vt 0.333333 0.750000
vt 0.333333 0.833333
vt 0.333333 0.916667
vt 0.333333 1.000000
vt 0.333333 0.000000
vt 0.333333 0.083333
vt 0.333333 0.166667
vt 0.333333 0.250000
vt 0.333333 0.333333
vt 0.333333 0.416667
vt 0.354167 0.500000
vt 0.354167 0.583333
vt 0.354167 0.666667
vt 0.354167 0.750000
vt 0.354167 0.833333
vt 0.354167 0.916667
vt 0.354167 1.000000
vt 0.354167 0.000000
vt 0.354167 0.083333
vt 0.354167 0.166667
vt 0.354167 0.250000
vt 0.354167 0.333333
vt 0.354167 0.416667
vt 0.375000 0.500000
vt 0.375000 0.583333
vt 0.375000 0.666667
vt 0.375000 0.750000
vt 0.375000 0.833333
vt 0.375000 0.916667
vt 0.375000 1.000000
vt 0.375000 0.000000
vt 0.375000 0.083333
vt 0.375000 0.166667
vt 0.375000 0.250000
vt 0.375000 0.333333
vt 0.375000 0.416667
vt 0.395833 0.500000
vt 0.395833 0.583333
vt 0.395833 0.666667
vt 0.395833 0.750000
vt 0.395833 0.833333
vt 0.395833 0.916667
vt 0.395833 1.000000
vt 0.395833 0.000000
vt 0.395833 0.083333
vt 0.395833 0.166667
vt 0.395833 0.250000
vt 0.395833 0.333333
vt 0.395833 0.416667
vt 0.416667 0.500000
vt 0.416667 0.583333
vt 0.416667 0.666667
vt 0.416667 0.750000
vt 0.416667 0.833333
vt 0.416667 0.916667
vt 0.416667 1.000000
vt 0.416667 0.000000
vt 0.416667 0.083333
vt 0.416667 0.166667
vt 0.416667 0.250000
vt 0.416667 0.333333
vt 0.416667 0.416667
vt 0.437500 0.500000
vt 0.437500 0.583333
vt 0.437500 0.666667
vt 0.437500 0.750000
vt 0.437500 0.833333
vt 0.437500 0.916667
vt 0.437500 1.000000
vt 0.437500 0.000000
vt 0.437500 0.083333
vt 0.437500 0.166667
vt 0.437500 0.250000
vt 0.437500 0.333333
vt 0.437500 0.416667
vt 0.458333 0.500000
vt 0.458333 0.583333
vt 0.458333 0.666667
vt 0.458333 0.750000
vt 0.458333 0.833333
vt 0.458333 0.916667
vt 0.458333 1.000000
vt 0.458333 0.000000
vt 0.458333 0.083333
vt 0.458333 0.166667
vt 0.458333 0.250000
vt 0.458333 0.333333
vt 0.458333 0.416667
vt 0.479167 0.500000
vt 0.479167 0.583333
vt 0.479167 0.666667
vt 0.479167 0.750000
vt 0.479167 0.833333
vt 0.479167 0.916667
vt 0.479167 1.000000
vt 0.479167 0.000000
vt 0.479167 0.083333
vt 0.479167 0.166667
vt 0.479167 0.250000
vt 0.479167 0.333333
vt 0.479167 0.416667
s 0
f 1933/2186/1027 1945/2187/1027 1946/2188/1027 1934/2189/1027
f 1934/2189/1028 1946/2188/1028 1947/2190/1028 1935/2191/1028
f 1935/2191/1029 1947/2190/1029 1948/2192/1029 1936/2193/1029
f 1936/2193/1030 1948/2192/1030 1949/2194/1030 1937/2195/1030
f 1937/2195/1031 1949/2194/1031 1950/2196/1031 1938/2197/1031
f 1938/2197/1032 1950/2196/1032 1951/2198/1032 1939/2199/1032
f 1939/2200/1033 1951/2201/1033 1952/2202/1033 1940/2203/1033
f 1940/2203/1034 1952/2202/1034 1953/2204/1034 1941/2205/1034
f 1941/2205/1035 1953/2204/1035 1954/2206/1035 1942/2207/1035
f 1942/2207/1036 1954/2206/1036 1955/2208/1036 1943/2209/1036
f 1943/2209/1037 1955/2208/1037 1956/2210/1037 1944/2211/1037
f 1944/2211/1038 1956/2210/1038 1945/2187/1038 1933/2186/1038
f 1945/2187/1039 1957/2212/1039 1958/2213/1039 1946/2188/1039
f 1946/2188/1040 1958/2213/1040 1959/2214/1040 1947/2190/1040
f 1947/2190/1041 1959/2214/1041 1960/2215/1041 1948/2192/1041
f 1948/2192/1042 1960/2215/1042 1961/2216/1042 1949/2194/1042
f 1949/2194/1043 1961/2216/1043 1962/2217/1043 1950/2196/1043
f 1950/2196/1044 1962/2217/1044 1963/2218/1044 1951/2198/1044
f 1951/2201/1045 1963/2219/1045 1964/2220/1045 1952/2202/1045
f 1952/2202/1046 1964/2220/1046 1965/2221/1046 1953/2204/1046
f 1953/2204/1047 1965/2221/1047 1966/2222/1047 1954/2206/1047
f 1954/2206/1048 1966/2222/1048 1967/2223/1048 1955/2208/1048
f 1955/2208/1049 1967/2223/1049 1968/2224/1049 1956/2210/1049
f 1956/2210/1050 1968/2224/1050 1957/2212/1050 1945/2187/1050
f 1957/2212/1051 1969/2225/1051 1970/2226/1051 1958/2213/1051
f 1958/2213/1052 1970/2226/1052 1971/2227/1052 1959/2214/1052
f 1959/2214/1053 1971/2227/1053 1972/2228/1053 1960/2215/1053
f 1960/2215/1054 1972/2228/1054 1973/2229/1054 1961/2216/1054
f 1961/2216/1055 1973/2229/1055 1974/2230/1055 1962/2217/1055
f 1962/2217/1056 1974/2230/1056 1975/2231/1056 1963/2218/1056
f 1963/2219/1057 1975/2232/1057 1976/2233/1057 1964/2220/1057
f 1964/2220/1058 1976/2233/1058 1977/2234/1058 1965/2221/1058
f 1965/2221/1059 1977/2234/1059 1978/2235/1059 1966/2222/1059
f 1966/2222/1060 1978/2235/1060 1979/2236/1060 1967/2223/1060
f 1967/2223/1061 1979/2236/1061 1980/2237/1061 1968/2224/1061
f 1968/2224/1062 1980/2237/1062 1969/2225/1062 1957/2212/1062
f 1969/2225/1063 1981/2238/1063 1982/2239/1063 1970/2226/1063
f 1970/2226/1064 1982/2239/1064 1983/2240/1064 1971/2227/1064
f 1971/2227/1065 1983/2240/1065 1984/2241/1065 1972/2228/1065
f 1972/2228/1066 1984/2241/1066 1985/2242/1066 1973/2229/1066
f 1973/2229/1067 1985/2242/1067 1986/2243/1067 1974/2230/1067
f 1974/2230/1068 1986/2243/1068 1987/2244/1068 1975/2231/1068
f 1975/2232/1069 1987/2245/1069 1988/2246/1069 1976/2233/1069
f 1976/2233/1070 1988/2246/1070 1989/2247/1070 1977/2234/1070
f 1977/2234/1071 1989/2247/1071 1990/2248/1071 1978/2235/1071
f 1978/2235/1072 1990/2248/1072 1991/2249/1072 1979/2236/1072
f 1979/2236/1073 1991/2249/1073 1992/2250/1073 1980/2237/1073
f 1980/2237/1074 1992/2250/1074 1981/2238/1074 1969/2225/1074
f 1981/2238/1075 1993/2251/1075 1994/2252/1075 1982/2239/1075
f 1982/2239/1076 1994/2252/1076 1995/2253/1076 1983/2240/1076
f 1983/2240/1077 1995/2253/1077 1996/2254/1077 1984/2241/1077
f 1984/2241/1078 1996/2254/1078 1997/2255/1078 1985/2242/1078
f 1985/2242/1079 1997/2255/1079 1998/2256/1079 1986/2243/1079
f 1986/2243/1080 1998/2256/1080 1999/2257/1080 1987/2244/1080
f 1987/2245/1081 1999/2258/1081 2000/2259/1081 1988/2246/1081
f 1988/2246/1082 2000/2259/1082 2001/2260/1082 1989/2247/1082
f 1989/2247/1083 2001/2260/1083 2002/2261/1083 1990/2248/1083
f 1990/2248/1084 2002/2261/1084 2003/2262/1084 1991/2249/1084
f 1991/2249/1085 2003/2262/1085 2004/2263/1085 1992/2250/1085
f 1992/2250/1086 2004/2263/1086 1993/2251/1086 1981/2238/1086
f 1993/2251/1087 2005/2264/1087 2006/2265/1087 1994/2252/1087
f 1994/2252/1088 2006/2265/1088 2007/2266/1088 1995/2253/1088
f 1995/2253/1089 2007/2266/1089 2008/2267/1089 1996/2254/1089
f 1996/2254/1090 2008/2267/1090 2009/2268/1090 1997/2255/1090
f 1997/2255/1091 2009/2268/1091 2010/2269/1091 1998/2256/1091
f 1998/2256/1092 2010/2269/1092 2011/2270/1092 1999/2257/1092
f 1999/2258/1093 2011/2271/1093 2012/2272/1093 2000/2259/1093
f 2000/2259/1094 2012/2272/1094 2013/2273/1094 2001/2260/1094
f 2001/2260/1095 2013/2273/1095 2014/2274/1095 2002/2261/1095
f 2002/2261/1096 2014/2274/1096 2015/2275/1096 2003/2262/1096
f 2003/2262/1097 2015/2275/1097 2016/2276/1097 2004/2263/1097
f 2004/2263/1098 2016/2276/1098 2005/2264/1098 1993/2251/1098
f 2005/2264/1099 2017/2277/1099 2018/2278/1099 2006/2265/1099
f 2006/2265/1100 2018/2278/1100 2019/2279/1100 2007/2266/1100
f 2007/2266/1101 2019/2279/1101 2020/2280/1101 2008/2267/1101
f 2008/2267/1102 2020/2280/1102 2021/2281/1102 2009/2268/1102
f 2009/2268/1103 2021/2281/1103 2022/2282/1103 2010/2269/1103
f 2010/2269/1104 2022/2282/1104 2023/2283/1104 2011/2270/1104
f 2011/2271/1105 2023/2284/1105 2024/2285/1105 2012/2272/1105
f 2012/2272/1106 2024/2285/1106 2025/2286/1106 2013/2273/1106
f 2013/2273/1107 2025/2286/1107 2026/2287/1107 2014/2274/1107
f 2014/2274/1108 2026/2287/1108 2027/2288/1108 2015/2275/1108
f 2015/2275/1109 2027/2288/1109 2028/2289/1109 2016/2276/1109
f 2016/2276/1110 2028/2289/1110 2017/2277/1110 2005/2264/1110
f 2017/2277/1111 2029/2290/1111 2030/2291/1111 2018/2278/1111
f 2018/2278/1112 2030/2291/1112 2031/2292/1112 2019/2279/1112
f 2019/2279/1113 2031/2292/1113 2032/2293/1113 2020/2280/1113
f 2020/2280/1114 2032/2293/1114 2033/2294/1114 2021/2281/1114
f 2021/2281/1115 2033/2294/1115 2034/2295/1115 2022/2282/1115
f 2022/2282/1116 2034/2295/1116 2035/2296/1116 2023/2283/1116
f 2023/2284/1117 2035/2297/1117 2036/2298/1117 2024/2285/1117
f 2024/2285/1118 2036/2298/1118 2037/2299/1118 2025/2286/1118
f 2025/2286/1119 2037/2299/1119 2038/2300/1119 2026/2287/1119
f 2026/2287/1120 2038/2300/1120 2039/2301/1120 2027/2288/1120
f 2027/2288/1121 2039/2301/1121 2040/2302/1121 2028/2289/1121
f 2028/2289/1122 2040/2302/1122 2029/2290/1122 2017/2277/1122
f 2029/2290/1123 2041/2303/1123 2042/2304/1123 2030/2291/1123
f 2030/2291/1124 2042/2304/1124 2043/2305/1124 2031/2292/1124
f 2031/2292/1125 2043/2305/1125 2044/2306/1125 2032/2293/1125
f 2032/2293/1126 2044/2306/1126 2045/2307/1126 2033/2294/1126
f 2033/2294/1127 2045/2307/1127 2046/2308/1127 2034/2295/1127
f 2034/2295/1128 2046/2308/1128 2047/2309/1128 2035/2296/1128
f 2035/2297/1129 2047/2310/1129 2048/2311/1129 2036/2298/1129
f 2036/2298/1130 2048/2311/1130 2049/2312/1130 2037/2299/1130
f 2037/2299/1131 2049/2312/1131 2050/2313/1131 2038/2300/1131
f 2038/2300/1132 2050/2313/1132 2051/2314/1132 2039/2301/1132
f 2039/2301/1133 2051/2314/1133 2052/2315/1133 2040/2302/1133
f 2040/2302/1134 2052/2315/1134 2041/2303/1134 2029/2290/1134
f 2041/2303/1135 2053/2316/1135 2054/2317/1135 2042/2304/1135
f 2042/2304/1136 2054/2317/1136 2055/2318/1136 2043/2305/1136
f 2043/2305/1137 2055/2318/1137 2056/2319/1137 2044/2306/1137
f 2044/2306/1138 2056/2319/1138 2057/2320/1138 2045/2307/1138
f 2045/2307/1139 2057/2320/1139 2058/2321/1139 2046/2308/1139
f 2046/2308/1140 2058/2321/1140 2059/2322/1140 2047/2309/1140
f 2047/2310/1141 2059/2323/1141 2060/2324/1141 2048/2311/1141
f 2048/2311/1142 2060/2324/1142 2061/2325/1142 2049/2312/1142
f 2049/2312/1143 2061/2325/1143 2062/2326/1143 2050/2313/1143
f 2050/2313/1144 2062/2326/1144 2063/2327/1144 2051/2314/1144
f 2051/2314/1145 2063/2327/1145 2064/2328/1145 2052/2315/1145
f 2052/2315/1146 2064/2328/1146 2053/2316/1146 2041/2303/1146
f 2053/2316/1147 2065/2329/1147 2066/2330/1147 2054/2317/1147
f 2054/2317/1148 2066/2330/1148 2067/2331/1148 2055/2318/1148
f 2055/2318/1149 2067/2331/1149 2068/2332/1149 2056/2319/1149
f 2056/2319/1150 2068/2332/1150 2069/2333/1150 2057/2320/1150
f 2057/2320/1151 2069/2333/1151 2070/2334/1151 2058/2321/1151
f 2058/2321/1152 2070/2334/1152 2071/2335/1152 2059/2322/1152
f 2059/2323/1153 2071/2336/1153 2072/2337/1153 2060/2324/1153
f 2060/2324/1154 2072/2337/1154 2073/2338/1154 2061/2325/1154
f 2061/2325/1155 2073/2338/1155 2074/2339/1155 2062/2326/1155
f 2062/2326/1156 2074/2339/1156 2075/2340/1156 2063/2327/1156
f 2063/2327/1157 2075/2340/1157 2076/2341/1157 2064/2328/1157
f 2064/2328/1158 2076/2341/1158 2065/2329/1158 2053/2316/1158
f 2065/2329/1159 2077/2342/1159 2078/2343/1159 2066/2330/1159
f 2066/2330/1160 2078/2343/1160 2079/2344/1160 2067/2331/1160
f 2067/2331/1161 2079/2344/1161 2080/2345/1161 2068/2332/1161
f 2068/2332/1162 2080/2345/1162 2081/2346/1162 2069/2333/1162
f 2069/2333/1163 2081/2346/1163 2082/2347/1163 2070/2334/1163
f 2070/2334/1164 2082/2347/1164 2083/2348/1164 2071/2335/1164
f 2071/2336/1165 2083/2349/1165 2084/2350/1165 2072/2337/1165
f 2072/2337/1166 2084/2350/1166 2085/2351/1166 2073/2338/1166
f 2073/2338/1167 2085/2351/1167 2086/2352/1167 2074/2339/1167
f 2074/2339/1168 2086/2352/1168 2087/2353/1168 2075/2340/1168
f 2075/2340/1169 2087/2353/1169 2088/2354/1169 2076/2341/1169
f 2076/2341/1170 2088/2354/1170 2077/2342/1170 2065/2329/1170
f 2077/2342/1171 2089/2355/1171 2090/2356/1171 2078/2343/1171
f 2078/2343/1172 2090/2356/1172 2091/2357/1172 2079/2344/1172
f 2079/2344/1173 2091/2357/1173 2092/2358/1173 2080/2345/1173
f 2080/2345/1174 2092/2358/1174 2093/2359/1174 2081/2346/1174
f 2081/2346/1175 2093/2359/1175 2094/2360/1175 2082/2347/1175
f 2082/2347/1176 2094/2360/1176 2095/2361/1176 2083/2348/1176
f 2083/2349/1177 2095/2362/1177 2096/2363/1177 2084/2350/1177
f 2084/2350/1178 2096/2363/1178 2097/2364/1178 2085/2351/1178
f 2085/2351/1179 2097/2364/1179 2098/2365/1179 2086/2352/1179
f 2086/2352/1180 2098/2365/1180 2099/2366/1180 2087/2353/1180
f 2087/2353/1181 2099/2366/1181 2100/2367/1181 2088/2354/1181
f 2088/2354/1182 2100/2367/1182 2089/2355/1182 2077/2342/1182
f 2089/2355/1183 2101/2368/1183 2102/2369/1183 2090/2356/1183
f 2090/2356/1184 2102/2369/1184 2103/2370/1184 2091/2357/1184
f 2091/2357/1185 2103/2370/1185 2104/2371/1185 2092/2358/1185
f 2092/2358/1186 2104/2371/1186 2105/2372/1186 2093/2359/1186
f 2093/2359/1187 2105/2372/1187 2106/2373/1187 2094/2360/1187
f 2094/2360/1188 2106/2373/1188 2107/2374/1188 2095/2361/1188
f 2095/2362/1189 2107/2375/1189 2108/2376/1189 2096/2363/1189
f 2096/2363/1190 2108/2376/1190 2109/2377/1190 2097/2364/1190
f 2097/2364/1191 2109/2377/1191 2110/2378/1191 2098/2365/1191
f 2098/2365/1192 2110/2378/1192 2111/2379/1192 2099/2366/1192
f 2099/2366/1193 2111/2379/1193 2112/2380/1193 2100/2367/1193
f 2100/2367/1194 2112/2380/1194 2101/2368/1194 2089/2355/1194
f 2101/2368/1195 2113/2381/1195 2114/2382/1195 2102/2369/1195
f 2102/2369/1196 2114/2382/1196 2115/2383/1196 2103/2370/1196
f 2103/2370/1197 2115/2383/1197 2116/2384/1197 2104/2371/1197
f 2104/2371/1198 2116/2384/1198 2117/2385/1198 2105/2372/1198
f 2105/2372/1199 2117/2385/1199 2118/2386/1199 2106/2373/1199
f 2106/2373/1200 2118/2386/1200 2119/2387/1200 2107/2374/1200
f 2107/2375/1201 2119/2388/1201 2120/2389/1201 2108/2376/1201
f 2108/2376/1202 2120/2389/1202 2121/2390/1202 2109/2377/1202
f 2109/2377/1203 2121/2390/1203 2122/2391/1203 2110/2378/1203
f 2110/2378/1204 2122/2391/1204 2123/2392/1204 2111/2379/1204
f 2111/2379/1205 2123/2392/1205 2124/2393/1205 2112/2380/1205
f 2112/2380/1206 2124/2393/1206 2113/2381/1206 2101/2368/1206
f 2113/2381/1207 2125/2394/1207 2126/2395/1207 2114/2382/1207
f 2114/2382/1208 2126/2395/1208 2127/2396/1208 2115/2383/1208
f 2115/2383/1209 2127/2396/1209 2128/2397/1209 2116/2384/1209
f 2116/2384/1210 2128/2397/1210 2129/2398/1210 2117/2385/1210
f 2117/2385/1211 2129/2398/1211 2130/2399/1211 2118/2386/1211
f 2118/2386/1212 2130/2399/1212 2131/2400/1212 2119/2387/1212
f 2119/2388/1213 2131/2401/1213 2132/2402/1213 2120/2389/1213
f 2120/2389/1214 2132/2402/1214 2133/2403/1214 2121/2390/1214
f 2121/2390/1215 2133/2403/1215 2134/2404/1215 2122/2391/1215
f 2122/2391/1216 2134/2404/1216 2135/2405/1216 2123/2392/1216
f 2123/2392/1217 2135/2405/1217 2136/2406/1217 2124/2393/1217
f 2124/2393/1218 2136/2406/1218 2125/2394/1218 2113/2381/1218
f 2125/2394/1219 2137/2407/1219 2138/2408/1219 2126/2395/1219
f 2126/2395/1220 2138/2408/1220 2139/2409/1220 2127/2396/1220
f 2127/2396/1221 2139/2409/1221 2140/2410/1221 2128/2397/1221
f 2128/2397/1222 2140/2410/1222 2141/2411/1222 2129/2398/1222
f 2129/2398/1223 2141/2411/1223 2142/2412/1223 2130/2399/1223
f 2130/2399/1224 2142/2412/1224 2143/2413/1224 2131/2400/1224
f 2131/2401/1225 2143/2414/1225 2144/2415/1225 2132/2402/1225
f 2132/2402/1226 2144/2415/1226 2145/2416/1226 2133/2403/1226
f 2133/2403/1227 2145/2416/1227 2146/2417/1227 2134/2404/1227
f 2134/2404/1228 2146/2417/1228 2147/2418/1228 2135/2405/1228
f 2135/2405/1229 2147/2418/1229 2148/2419/1229 2136/2406/1229
f 2136/2406/1230 2148/2419/1230 2137/2407/1230 2125/2394/1230
f 2137/2407/1231 2149/2420/1231 2150/2421/1231 2138/2408/1231
f 2138/2408/1232 2150/2421/1232 2151/2422/1232 2139/2409/1232
f 2139/2409/1233 2151/2422/1233 2152/2423/1233 2140/2410/1233
f 2140/2410/1234 2152/2423/1234 2153/2424/1234 2141/2411/1234
f 2141/2411/1235 2153/2424/1235 2154/2425/1235 2142/2412/1235
f 2142/2412/1236 2154/2425/1236 2155/2426/1236 2143/2413/1236
f 2143/2414/1237 2155/2427/1237 2156/2428/1237 2144/2415/1237
f 2144/2415/1238 2156/2428/1238 2157/2429/1238 2145/2416/1238
f 2145/2416/1239 2157/2429/1239 2158/2430/1239 2146/2417/1239
f 2146/2417/1240 2158/2430/1240 2159/2431/1240 2147/2418/1240
f 2147/2418/1241 2159/2431/1241 2160/2432/1241 2148/2419/1241
f 2148/2419/1242 2160/2432/1242 2149/2420/1242 2137/2407/1242
f 2149/2420/1243 2161/2433/1243 2162/2434/1243 2150/2421/1243
f 2150/2421/1244 2162/2434/1244 2163/2435/1244 2151/2422/1244
f 2151/2422/1245 2163/2435/1245 2164/2436/1245 2152/2423/1245
f 2152/2423/1246 2164/2436/1246 2165/2437/1246 2153/2424/1246
f 2153/2424/1247 2165/2437/1247 2166/2438/1247 2154/2425/1247
f 2154/2425/1248 2166/2438/1248 2167/2439/1248 2155/2426/1248
f 2155/2427/1249 2167/2440/1249 2168/2441/1249 2156/2428/1249
f 2156/2428/1250 2168/2441/1250 2169/2442/1250 2157/2429/1250
f 2157/2429/1251 2169/2442/1251 2170/2443/1251 2158/2430/1251
f 2158/2430/1252 2170/2443/1252 2171/2444/1252 2159/2431/1252
f 2159/2431/1253 2171/2444/1253 2172/2445/1253 2160/2432/1253
f 2160/2432/1254 2172/2445/1254 2161/2433/1254 2149/2420/1254
f 2161/2433/1255 2173/2446/1255 2174/2447/1255 2162/2434/1255
f 2162/2434/1256 2174/2447/1256 2175/2448/1256 2163/2435/1256
f 2163/2435/1257 2175/2448/1257 2176/2449/1257 2164/2436/1257
f 2164/2436/1258 2176/2449/1258 2177/2450/1258 2165/2437/1258
f 2165/2437/1259 2177/2450/1259 2178/2451/1259 2166/2438/1259
f 2166/2438/1260 2178/2451/1260 2179/2452/1260 2167/2439/1260
f 2167/2440/1261 2179/2453/1261 2180/2454/1261 2168/2441/1261
f 2168/2441/1262 2180/2454/1262 2181/2455/1262 2169/2442/1262
f 2169/2442/1263 2181/2455/1263 2182/2456/1263 2170/2443/1263
f 2170/2443/1264 2182/2456/1264 2183/2457/1264 2171/2444/1264
f 2171/2444/1265 2183/2457/1265 2184/2458/1265 2172/2445/1265
f 2172/2445/1266 2184/2458/1266 2173/2446/1266 2161/2433/1266
f 2173/2446/1267 2185/2459/1267 2186/2460/1267 2174/2447/1267
f 2174/2447/1268 2186/2460/1268 2187/2461/1268 2175/2448/1268
f 2175/2448/1269 2187/2461/1269 2188/2462/1269 2176/2449/1269
f 2176/2449/1270 2188/2462/1270 2189/2463/1270 2177/2450/1270
f 2177/2450/1271 2189/2463/1271 2190/2464/1271 2178/2451/1271
f 2178/2451/1272 2190/2464/1272 2191/2465/1272 2179/2452/1272
f 2179/2453/1273 2191/2466/1273 2192/2467/1273 2180/2454/1273
f 2180/2454/1274 2192/2467/1274 2193/2468/1274 2181/2455/1274
f 2181/2455/1275 2193/2468/1275 2194/2469/1275 2182/2456/1275
f 2182/2456/1276 2194/2469/1276 2195/2470/1276 2183/2457/1276
f 2183/2457/1277 2195/2470/1277 2196/2471/1277 2184/2458/1277
f 2184/2458/1278 2196/2471/1278 2185/2459/1278 2173/2446/1278
f 2185/2459/1279 2197/2472/1279 2198/2473/1279 2186/2460/1279
f 2186/2460/1280 2198/2473/1280 2199/2474/1280 2187/2461/1280
f 2187/2461/1281 2199/2474/1281 2200/2475/1281 2188/2462/1281
f 2188/2462/1282 2200/2475/1282 2201/2476/1282 2189/2463/1282
f 2189/2463/1283 2201/2476/1283 2202/2477/1283 2190/2464/1283
f 2190/2464/1284 2202/2477/1284 2203/2478/1284 2191/2465/1284
f 2191/2466/1285 2203/2479/1285 2204/2480/1285 2192/2467/1285
f 2192/2467/1286 2204/2480/1286 2205/2481/1286 2193/2468/1286
f 2193/2468/1287 2205/2481/1287 2206/2482/1287 2194/2469/1287
f 2194/2469/1288 2206/2482/1288 2207/2483/1288 2195/2470/1288
f 2195/2470/1289 2207/2483/1289 2208/2484/1289 2196/2471/1289
f 2196/2471/1290 2208/2484/1290 2197/2472/1290 2185/2459/1290
f 2197/2472/1291 2209/2485/1291 2210/2486/1291 2198/2473/1291
f 2198/2473/1292 2210/2486/1292 2211/2487/1292 2199/2474/1292
f 2199/2474/1293 2211/2487/1293 2212/2488/1293 2200/2475/1293
f 2200/2475/1294 2212/2488/1294 2213/2489/1294 2201/2476/1294
f 2201/2476/1295 2213/2489/1295 2214/2490/1295 2202/2477/1295
f 2202/2477/1296 2214/2490/1296 2215/2491/1296 2203/2478/1296
f 2203/2479/1297 2215/2492/1297 2216/2493/1297 2204/2480/1297
f 2204/2480/1298 2216/2493/1298 2217/2494/1298 2205/2481/1298
f 2205/2481/1299 2217/2494/1299 2218/2495/1299 2206/2482/1299
f 2206/2482/1300 2218/2495/1300 2219/2496/1300 2207/2483/1300
f 2207/2483/1301 2219/2496/1301 2220/2497/1301 2208/2484/1301
f 2208/2484/1302 2220/2497/1302 2209/2485/1302 2197/2472/1302
f 2209/2485/1303 2221/2498/1303 2222/2499/1303 2210/2486/1303
f 2210/2486/1304 2222/2499/1304 2223/2500/1304 2211/2487/1304
f 2211/2487/1305 2223/2500/1305 2224/2501/1305 2212/2488/1305
f 2212/2488/1306 2224/2501/1306 2225/2502/1306 2213/2489/1306
f 2213/2489/1307 2225/2502/1307 2226/2503/1307 2214/2490/1307
f 2214/2490/1308 2226/2503/1308 2227/2504/1308 2215/2491/1308
f 2215/2492/1309 2227/2505/1309 2228/2506/1309 2216/2493/1309
f 2216/2493/1310 2228/2506/1310 2229/2507/1310 2217/2494/1310
f 2217/2494/1311 2229/2507/1311 2230/2508/1311 2218/2495/1311
f 2218/2495/1312 2230/2508/1312 2231/2509/1312 2219/2496/1312
f 2219/2496/1313 2231/2509/1313 2232/2510/1313 2220/2497/1313
f 2220/2497/1314 2232/2510/1314 2221/2498/1314 2209/2485/1314
f 2221/2511/1032 2233/2512/1032 2234/2513/1032 2222/2514/1032
f 2222/2514/1031 2234/2513/1031 2235/2515/1031 2223/2516/1031
f 2223/2516/1030 2235/2515/1030 2236/2517/1030 2224/2518/1030
f 2224/2518/1029 2236/2517/1029 2237/2519/1029 2225/2520/1029
f 2225/2520/1028 2237/2519/1028 2238/2521/1028 2226/2522/1028
f 2226/2522/1027 2238/2521/1027 2239/2523/1027 2227/2524/1027
f 2227/2525/1038 2239/2526/1038 2240/2527/1038 2228/2528/1038
f 2228/2528/1037 2240/2527/1037 2241/2529/1037 2229/2530/1037
f 2229/2530/1036 2241/2529/1036 2242/2531/1036 2230/2532/1036
f 2230/2532/1035 2242/2531/1035 2243/2533/1035 2231/2534/1035
f 2231/2534/1034 2243/2533/1034 2244/2535/1034 2232/2536/1034
f 2232/2536/1033 2244/2535/1033 2233/2512/1033 2221/2511/1033
f 2233/2512/1044 2245/2537/1044 2246/2538/1044 2234/2513/1044
f 2234/2513/1043 2246/2538/1043 2247/2539/1043 2235/2515/1043
f 2235/2515/1042 2247/2539/1042 2248/2540/1042 2236/2517/1042
f 2236/2517/1041 2248/2540/1041 2249/2541/1041 2237/2519/1041
f 2237/2519/1040 2249/2541/1040 2250/2542/1040 2238/2521/1040
f 2238/2521/1039 2250/2542/1039 2251/2543/1039 2239/2523/1039
f 2239/2526/1050 2251/2544/1050 2252/2545/1050 2240/2527/1050
f 2240/2527/1049 2252/2545/1049 2253/2546/1049 2241/2529/1049
f 2241/2529/1048 2253/2546/1048 2254/2547/1048 2242/2531/1048
f 2242/2531/1047 2254/2547/1047 2255/2548/1047 2243/2533/1047
f 2243/2533/1046 2255/2548/1046 2256/2549/1046 2244/2535/1046
f 2244/2535/1045 2256/2549/1045 2245/2537/1045 2233/2512/1045
f 2245/2537/1056 2257/2550/1056 2258/2551/1056 2246/2538/1056
f 2246/2538/1055 2258/2551/1055 2259/2552/1055 2247/2539/1055
f 2247/2539/1054 2259/2552/1054 2260/2553/1054 2248/2540/1054
f 2248/2540/1053 2260/2553/1053 2261/2554/1053 2249/2541/1053
f 2249/2541/1052 2261/2554/1052 2262/2555/1052 2250/2542/1052
f 2250/2542/1051 2262/2555/1051 2263/2556/1051 2251/2543/1051
f 2251/2544/1062 2263/2557/1062 2264/2558/1062 2252/2545/1062
f 2252/2545/1061 2264/2558/1061 2265/2559/1061 2253/2546/1061
f 2253/2546/1060 2265/2559/1060 2266/2560/1060 2254/2547/1060
f 2254/2547/1059 2266/2560/1059 2267/2561/1059 2255/2548/1059
f 2255/2548/1058 2267/2561/1058 2268/2562/1058 2256/2549/1058
f 2256/2549/1057 2268/2562/1057 2257/2550/1057 2245/2537/1057
f 2257/2550/1068 2269/2563/1068 2270/2564/1068 2258/2551/1068
f 2258/2551/1067 2270/2564/1067 2271/2565/1067 2259/2552/1067
f 2259/2552/1066 2271/2565/1066 2272/2566/1066 2260/2553/1066
f 2260/2553/1065 2272/2566/1065 2273/2567/1065 2261/2554/1065
f 2261/2554/1064 2273/2567/1064 2274/2568/1064 2262/2555/1064
f 2262/2555/1063 2274/2568/1063 2275/2569/1063 2263/2556/1063
f 2263/2557/1074 2275/2570/1074 2276/2571/1074 2264/2558/1074
f 2264/2558/1073 2276/2571/1073 2277/2572/1073 2265/2559/1073
f 2265/2559/1072 2277/2572/1072 2278/2573/1072 2266/2560/1072
f 2266/2560/1071 2278/2573/1071 2279/2574/1071 2267/2561/1071
f 2267/2561/1070 2279/2574/1070 2280/2575/1070 2268/2562/1070
f 2268/2562/1069 2280/2575/1069 2269/2563/1069 2257/2550/1069
f 2269/2563/1080 2281/2576/1080 2282/2577/1080 2270/2564/1080
f 2270/2564/1079 2282/2577/1079 2283/2578/1079 2271/2565/1079
f 2271/2565/1078 2283/2578/1078 2284/2579/1078 2272/2566/1078
f 2272/2566/1077 2284/2579/1077 2285/2580/1077 2273/2567/1077
f 2273/2567/1076 2285/2580/1076 2286/2581/1076 2274/2568/1076
f 2274/2568/1075 2286/2581/1075 2287/2582/1075 2275/2569/1075
f 2275/2570/1086 2287/2583/1086 2288/2584/1086 2276/2571/1086
f 2276/2571/1085 2288/2584/1085 2289/2585/1085 2277/2572/1085
f 2277/2572/1084 2289/2585/1084 2290/2586/1084 2278/2573/1084
f 2278/2573/1083 2290/2586/1083 2291/2587/1083 2279/2574/1083
f 2279/2574/1082 2291/2587/1082 2292/2588/1082 2280/2575/1082
f 2280/2575/1081 2292/2588/1081 2281/2576/1081 2269/2563/1081
f 2281/2576/1092 2293/2589/1092 2294/2590/1092 2282/2577/1092
f 2282/2577/1091 2294/2590/1091 2295/2591/1091 2283/2578/1091
f 2283/2578/1090 2295/2591/1090 2296/2592/1090 2284/2579/1090
f 2284/2579/1089 2296/2592/1089 2297/2593/1089 2285/2580/1089
f 2285/2580/1088 2297/2593/1088 2298/2594/1088 2286/2581/1088
f 2286/2581/1087 2298/2594/1087 2299/2595/1087 2287/2582/1087
f 2287/2583/1098 2299/2596/1098 2300/2597/1098 2288/2584/1098
f 2288/2584/1097 2300/2597/1097 2301/2598/1097 2289/2585/1097
f 2289/2585/1096 2301/2598/1096 2302/2599/1096 2290/2586/1096
f 2290/2586/1095 2302/2599/1095 2303/2600/1095 2291/2587/1095
f 2291/2587/1094 2303/2600/1094 2304/2601/1094 2292/2588/1094
f 2292/2588/1093 2304/2601/1093 2293/2589/1093 2281/2576/1093
f 2293/2589/1104 2305/2602/1104 2306/2603/1104 2294/2590/1104
f 2294/2590/1103 2306/2603/1103 2307/2604/1103 2295/2591/1103
f 2295/2591/1102 2307/2604/1102 2308/2605/1102 2296/2592/1102
f 2296/2592/1101 2308/2605/1101 2309/2606/1101 2297/2593/1101
f 2297/2593/1100 2309/2606/1100 2310/2607/1100 2298/2594/1100
f 2298/2594/1099 2310/2607/1099 2311/2608/1099 2299/2595/1099
f 2299/2596/1110 2311/2609/1110 2312/2610/1110 2300/2597/1110
f 2300/2597/1109 2312/2610/1109 2313/2611/1109 2301/2598/1109
f 2301/2598/1108 2313/2611/1108 2314/2612/1108 2302/2599/1108
f 2302/2599/1107 2314/2612/1107 2315/2613/1107 2303/2600/1107
f 2303/2600/1106 2315/2613/1106 2316/2614/1106 2304/2601/1106
f 2304/2601/1105 2316/2614/1105 2305/2602/1105 2293/2589/1105
f 2305/2602/1116 2317/2615/1116 2318/2616/1116 2306/2603/1116
f 2306/2603/1115 2318/2616/1115 2319/2617/1115 2307/2604/1115
f 2307/2604/1114 2319/2617/1114 2320/2618/1114 2308/2605/1114
f 2308/2605/1113 2320/2618/1113 2321/2619/1113 2309/2606/1113
f 2309/2606/1112 2321/2619/1112 2322/2620/1112 2310/2607/1112
f 2310/2607/1111 2322/2620/1111 2323/2621/1111 2311/2608/1111
f 2311/2609/1122 2323/2622/1122 2324/2623/1122 2312/2610/1122
f 2312/2610/1121 2324/2623/1121 2325/2624/1121 2313/2611/1121
f 2313/2611/1120 2325/2624/1120 2326/2625/1120 2314/2612/1120
f 2314/2612/1119 2326/2625/1119 2327/2626/1119 2315/2613/1119
f 2315/2613/1118 2327/2626/1118 2328/2627/1118 2316/2614/1118
f 2316/2614/1117 2328/2627/1117 2317/2615/1117 2305/2602/1117
f 2317/2615/1128 2329/2628/1128 2330/2629/1128 2318/2616/1128
f 2318/2616/1127 2330/2629/1127 2331/2630/1127 2319/2617/1127
f 2319/2617/1126 2331/2630/1126 2332/2631/1126 2320/2618/1126
f 2320/2618/1125 2332/2631/1125 2333/2632/1125 2321/2619/1125
f 2321/2619/1124 2333/2632/1124 2334/2633/1124 2322/2620/1124
f 2322/2620/1123 2334/2633/1123 2335/2634/1123 2323/2621/1123
f 2323/2622/1134 2335/2635/1134 2336/2636/1134 2324/2623/1134
f 2324/2623/1133 2336/2636/1133 2337/2637/1133 2325/2624/1133
f 2325/2624/1132 2337/2637/1132 2338/2638/1132 2326/2625/1132
f 2326/2625/1131 2338/2638/1131 2339/2639/1131 2327/2626/1131
f 2327/2626/1130 2339/2639/1130 2340/2640/1130 2328/2627/1130
f 2328/2627/1129 2340/2640/1129 2329/2628/1129 2317/2615/1129
f 2329/2628/1140 2341/2641/1140 2342/2642/1140 2330/2629/1140
f 2330/2629/1139 2342/2642/1139 2343/2643/1139 2331/2630/1139
f 2331/2630/1138 2343/2643/1138 2344/2644/1138 2332/2631/1138
f 2332/2631/1137 2344/2644/1137 2345/2645/1137 2333/2632/1137
f 2333/2632/1136 2345/2645/1136 2346/2646/1136 2334/2633/1136
f 2334/2633/1135 2346/2646/1135 2347/2647/1135 2335/2634/1135
f 2335/2635/1146 2347/2648/1146 2348/2649/1146 2336/2636/1146
f 2336/2636/1145 2348/2649/1145 2349/2650/1145 2337/2637/1145
f 2337/2637/1144 2349/2650/1144 2350/2651/1144 2338/2638/1144
f 2338/2638/1143 2350/2651/1143 2351/2652/1143 2339/2639/1143
f 2339/2639/1142 2351/2652/1142 2352/2653/1142 2340/2640/1142
f 2340/2640/1141 2352/2653/1141 2341/2641/1141 2329/2628/1141
f 2341/2641/1152 2353/2654/1152 2354/2655/1152 2342/2642/1152
f 2342/2642/1151 2354/2655/1151 2355/2656/1151 2343/2643/1151
f 2343/2643/1150 2355/2656/1150 2356/2657/1150 2344/2644/1150
f 2344/2644/1149 2356/2657/1149 2357/2658/1149 2345/2645/1149
f 2345/2645/1148 2357/2658/1148 2358/2659/1148 2346/2646/1148
f 2346/2646/1147 2358/2659/1147 2359/2660/1147 2347/2647/1147
f 2347/2648/1158 2359/2661/1158 2360/2662/1158 2348/2649/1158
f 2348/2649/1157 2360/2662/1157 2361/2663/1157 2349/2650/1157
f 2349/2650/1156 2361/2663/1156 2362/2664/1156 2350/2651/1156
f 2350/2651/1155 2362/2664/1155 2363/2665/1155 2351/2652/1155
f 2351/2652/1154 2363/2665/1154 2364/2666/1154 2352/2653/1154
f 2352/2653/1153 2364/2666/1153 2353/2654/1153 2341/2641/1153
f 2353/2654/1164 2365/2667/1164 2366/2668/1164 2354/2655/1164
f 2354/2655/1163 2366/2668/1163 2367/2669/1163 2355/2656/1163
f 2355/2656/1162 2367/2669/1162 2368/2670/1162 2356/2657/1162
f 2356/2657/1161 2368/2670/1161 2369/2671/1161 2357/2658/1161
f 2357/2658/1160 2369/2671/1160 2370/2672/1160 2358/2659/1160
f 2358/2659/1159 2370/2672/1159 2371/2673/1159 2359/2660/1159
f 2359/2661/1170 2371/2674/1170 2372/2675/1170 2360/2662/1170
f 2360/2662/1169 2372/2675/1169 2373/2676/1169 2361/2663/1169
f 2361/2663/1168 2373/2676/1168 2374/2677/1168 2362/2664/1168
f 2362/2664/1167 2374/2677/1167 2375/2678/1167 2363/2665/1167
f 2363/2665/1166 2375/2678/1166 2376/2679/1166 2364/2666/1166
f 2364/2666/1165 2376/2679/1165 2365/2667/1165 2353/2654/1165
f 2365/2667/1176 2377/2680/1176 2378/2681/1176 2366/2668/1176
f 2366/2668/1175 2378/2681/1175 2379/2682/1175 2367/2669/1175
f 2367/2669/1174 2379/2682/1174 2380/2683/1174 2368/2670/1174
f 2368/2670/1173 2380/2683/1173 2381/2684/1173 2369/2671/1173
f 2369/2671/1172 2381/2684/1172 2382/2685/1172 2370/2672/1172
f 2370/2672/1171 2382/2685/1171 2383/2686/1171 2371/2673/1171
f 2371/2674/1182 2383/2687/1182 2384/2688/1182 2372/2675/1182
f 2372/2675/1181 2384/2688/1181 2385/2689/1181 2373/2676/1181
f 2373/2676/1180 2385/2689/1180 2386/2690/1180 2374/2677/1180
f 2374/2677/1179 2386/2690/1179 2387/2691/1179 2375/2678/1179
f 2375/2678/1178 2387/2691/1178 2388/2692/1178 2376/2679/1178
f 2376/2679/1177 2388/2692/1177 2377/2680/1177 2365/2667/1177
f 2377/2680/1188 2389/2693/1188 2390/2694/1188 2378/2681/1188
f 2378/2681/1187 2390/2694/1187 2391/2695/1187 2379/2682/1187
f 2379/2682/1186 2391/2695/1186 2392/2696/1186 2380/2683/1186
f 2380/2683/1185 2392/2696/1185 2393/2697/1185 2381/2684/1185
f 2381/2684/1184 2393/2697/1184 2394/2698/1184 2382/2685/1184
f 2382/2685/1183 2394/2698/1183 2395/2699/1183 2383/2686/1183
f 2383/2687/1194 2395/2700/1194 2396/2701/1194 2384/2688/1194
f 2384/2688/1193 2396/2701/1193 2397/2702/1193 2385/2689/1193
f 2385/2689/1192 2397/2702/1192 2398/2703/1192 2386/2690/1192
f 2386/2690/1191 2398/2703/1191 2399/2704/1191 2387/2691/1191
f 2387/2691/1190 2399/2704/1190 2400/2705/1190 2388/2692/1190
f 2388/2692/1189 2400/2705/1189 2389/2693/1189 2377/2680/1189
f 2389/2693/1200 2401/2706/1200 2402/2707/1200 2390/2694/1200
f 2390/2694/1199 2402/2707/1199 2403/2708/1199 2391/2695/1199
f 2391/2695/1198 2403/2708/1198 2404/2709/1198 2392/2696/1198
f 2392/2696/1197 2404/2709/1197 2405/2710/1197 2393/2697/1197
f 2393/2697/1196 2405/2710/1196 2406/2711/1196 2394/2698/1196
f 2394/2698/1195 2406/2711/1195 2407/2712/1195 2395/2699/1195
f 2395/2700/1206 2407/2713/1206 2408/2714/1206 2396/2701/1206
f 2396/2701/1205 2408/2714/1205 2409/2715/1205 2397/2702/1205
f 2397/2702/1204 2409/2715/1204 2410/2716/1204 2398/2703/1204
f 2398/2703/1203 2410/2716/1203 2411/2717/1203 2399/2704/1203
f 2399/2704/1202 2411/2717/1202 2412/2718/1202 2400/2705/1202
f 2400/2705/1201 2412/2718/1201 2401/2706/1201 2389/2693/1201
f 2401/2706/1212 2413/2719/1212 2414/2720/1212 2402/2707/1212
f 2402/2707/1211 2414/2720/1211 2415/2721/1211 2403/2708/1211
f 2403/2708/1210 2415/2721/1210 2416/2722/1210 2404/2709/1210
f 2404/2709/1209 2416/2722/1209 2417/2723/1209 2405/2710/1209
f 2405/2710/1208 2417/2723/1208 2418/2724/1208 2406/2711/1208
f 2406/2711/1207 2418/2724/1207 2419/2725/1207 2407/2712/1207
f 2407/2713/1218 2419/2726/1218 2420/2727/1218 2408/2714/1218
f 2408/2714/1217 2420/2727/1217 2421/2728/1217 2409/2715/1217
f 2409/2715/1216 2421/2728/1216 2422/2729/1216 2410/2716/1216
f 2410/2716/1215 2422/2729/1215 2423/2730/1215 2411/2717/1215
f 2411/2717/1214 2423/2730/1214 2424/2731/1214 2412/2718/1214
f 2412/2718/1213 2424/2731/1213 2413/2719/1213 2401/2706/1213
f 2413/2719/1224 2425/2732/1224 2426/2733/1224 2414/2720/1224
f 2414/2720/1223 2426/2733/1223 2427/2734/1223 2415/2721/1223
f 2415/2721/1222 2427/2734/1222 2428/2735/1222 2416/2722/1222
f 2416/2722/1221 2428/2735/1221 2429/2736/1221 2417/2723/1221
f 2417/2723/1220 2429/2736/1220 2430/2737/1220 2418/2724/1220
f 2418/2724/1219 2430/2737/1219 2431/2738/1219 2419/2725/1219
f 2419/2726/1230 2431/2739/1230 2432/2740/1230 2420/2727/1230
f 2420/2727/1229 2432/2740/1229 2433/2741/1229 2421/2728/1229
f 2421/2728/1228 2433/2741/1228 2434/2742/1228 2422/2729/1228
f 2422/2729/1227 2434/2742/1227 2435/2743/1227 2423/2730/1227
f 2423/2730/1226 2435/2743/1226 2436/2744/1226 2424/2731/1226
f 2424/2731/1225 2436/2744/1225 2425/2732/1225 2413/2719/1225
f 2425/2732/1236 2437/2745/1236 2438/2746/1236 2426/2733/1236
f 2426/2733/1235 2438/2746/1235 2439/2747/1235 2427/2734/1235
f 2427/2734/1234 2439/2747/1234 2440/2748/1234 2428/2735/1234
f 2428/2735/1233 2440/2748/1233 2441/2749/1233 2429/2736/1233
f 2429/2736/1232 2441/2749/1232 2442/2750/1232 2430/2737/1232
f 2430/2737/1231 2442/2750/1231 2443/2751/1231 2431/2738/1231
f 2431/2739/1242 2443/2752/1242 2444/2753/1242 2432/2740/1242
f 2432/2740/1241 2444/2753/1241 2445/2754/1241 2433/2741/1241
f 2433/2741/1240 2445/2754/1240 2446/2755/1240 2434/2742/1240
f 2434/2742/1239 2446/2755/1239 2447/2756/1239 2435/2743/1239
f 2435/2743/1238 2447/2756/1238 2448/2757/1238 2436/2744/1238
f 2436/2744/1237 2448/2757/1237 2437/2745/1237 2425/2732/1237
f 2437/2745/1248 2449/2758/1248 2450/2759/1248 2438/2746/1248
f 2438/2746/1247 2450/2759/1247 2451/2760/1247 2439/2747/1247
f 2439/2747/1246 2451/2760/1246 2452/2761/1246 2440/2748/1246
f 2440/2748/1245 2452/2761/1245 2453/2762/1245 2441/2749/1245
f 2441/2749/1244 2453/2762/1244 2454/2763/1244 2442/2750/1244
f 2442/2750/1243 2454/2763/1243 2455/2764/1243 2443/2751/1243
f 2443/2752/1254 2455/2765/1254 2456/2766/1254 2444/2753/1254
f 2444/2753/1253 2456/2766/1253 2457/2767/1253 2445/2754/1253
f 2445/2754/1252 2457/2767/1252 2458/2768/1252 2446/2755/1252
f 2446/2755/1251 2458/2768/1251 2459/2769/1251 2447/2756/1251
f 2447/2756/1250 2459/2769/1250 2460/2770/1250 2448/2757/1250
f 2448/2757/1249 2460/2770/1249 2449/2758/1249 2437/2745/1249
f 2449/2758/1260 2461/2771/1260 2462/2772/1260 2450/2759/1260
f 2450/2759/1259 2462/2772/1259 2463/2773/1259 2451/2760/1259
f 2451/2760/1258 2463/2773/1258 2464/2774/1258 2452/2761/1258
f 2452/2761/1257 2464/2774/1257 2465/2775/1257 2453/2762/1257
f 2453/2762/1256 2465/2775/1256 2466/2776/1256 2454/2763/1256
f 2454/2763/1255 2466/2776/1255 2467/2777/1255 2455/2764/1255
f 2455/2765/1266 2467/2778/1266 2468/2779/1266 2456/2766/1266
f 2456/2766/1265 2468/2779/1265 2469/2780/1265 2457/2767/1265
f 2457/2767/1264 2469/2780/1264 2470/2781/1264 2458/2768/1264
f 2458/2768/1263 2470/2781/1263 2471/2782/1263 2459/2769/1263
f 2459/2769/1262 2471/2782/1262 2472/2783/1262 2460/2770/1262
f 2460/2770/1261 2472/2783/1261 2461/2771/1261 2449/2758/1261
f 2461/2771/1272 2473/2784/1272 2474/2785/1272 2462/2772/1272
f 2462/2772/1271 2474/2785/1271 2475/2786/1271 2463/2773/1271
f 2463/2773/1270 2475/2786/1270 2476/2787/1270 2464/2774/1270
f 2464/2774/1269 2476/2787/1269 2477/2788/1269 2465/2775/1269
f 2465/2775/1268 2477/2788/1268 2478/2789/1268 2466/2776/1268
f 2466/2776/1267 2478/2789/1267 2479/2790/1267 2467/2777/1267
f 2467/2778/1278 2479/2791/1278 2480/2792/1278 2468/2779/1278
f 2468/2779/1277 2480/2792/1277 2481/2793/1277 2469/2780/1277
f 2469/2780/1276 2481/2793/1276 2482/2794/1276 2470/2781/1276
f 2470/2781/1275 2482/2794/1275 2483/2795/1275 2471/2782/1275
f 2471/2782/1274 2483/2795/1274 2484/2796/1274 2472/2783/1274
f 2472/2783/1273 2484/2796/1273 2473/2784/1273 2461/2771/1273
f 2473/2784/1284 2485/2797/1284 2486/2798/1284 2474/2785/1284
f 2474/2785/1283 2486/2798/1283 2487/2799/1283 2475/2786/1283
f 2475/2786/1282 2487/2799/1282 2488/2800/1282 2476/2787/1282
f 2476/2787/1281 2488/2800/1281 2489/2801/1281 2477/2788/1281
f 2477/2788/1280 2489/2801/1280 2490/2802/1280 2478/2789/1280
f 2478/2789/1279 2490/2802/1279 2491/2803/1279 2479/2790/1279
f 2479/2791/1290 2491/2804/1290 2492/2805/1290 2480/2792/1290
f 2480/2792/1289 2492/2805/1289 2493/2806/1289 2481/2793/1289
f 2481/2793/1288 2493/2806/1288 2494/2807/1288 2482/2794/1288
f 2482/2794/1287 2494/2807/1287 2495/2808/1287 2483/2795/1287
f 2483/2795/1286 2495/2808/1286 2496/2809/1286 2484/2796/1286
f 2484/2796/1285 2496/2809/1285 2485/2797/1285 2473/2784/1285
f 2485/2797/1296 2497/2810/1296 2498/2811/1296 2486/2798/1296
f 2486/2798/1295 2498/2811/1295 2499/2812/1295 2487/2799/1295
f 2487/2799/1294 2499/2812/1294 2500/2813/1294 2488/2800/1294
f 2488/2800/1293 2500/2813/1293 2501/2814/1293 2489/2801/1293
f 2489/2801/1292 2501/2814/1292 2502/2815/1292 2490/2802/1292
f 2490/2802/1291 2502/2815/1291 2503/2816/1291 2491/2803/1291
f 2491/2804/1302 2503/2817/1302 2504/2818/1302 2492/2805/1302
f 2492/2805/1301 2504/2818/1301 2505/2819/1301 2493/2806/1301
f 2493/2806/1300 2505/2819/1300 2506/2820/1300 2494/2807/1300
f 2494/2807/1299 2506/2820/1299 2507/2821/1299 2495/2808/1299
f 2495/2808/1298 2507/2821/1298 2508/2822/1298 2496/2809/1298
f 2496/2809/1297 2508/2822/1297 2497/2810/1297 2485/2797/1297
f 2497/2810/1308 1933/2186/1308 1934/2189/1308 2498/2811/1308
f 2498/2811/1307 1934/2189/1307 1935/2191/1307 2499/2812/1307
f 2499/2812/1306 1935/2191/1306 1936/2193/1306 2500/2813/1306
f 2500/2813/1305 1936/2193/1305 1937/2195/1305 2501/2814/1305
f 2501/2814/1304 1937/2195/1304 1938/2197/1304 2502/2815/1304
f 2502/2815/1303 1938/2197/1303 1939/2199/1303 2503/2816/1303
f 2503/2817/1314 1939/2200/1314 1940/2203/1314 2504/2818/1314
f 2504/2818/1313 1940/2203/1313 1941/2205/1313 2505/2819/1313
f 2505/2819/1312 1941/2205/1312 1942/2207/1312 2506/2820/1312
f 2506/2820/1311 1942/2207/1311 1943/2209/1311 2507/2821/1311
f 2507/2821/1310 1943/2209/1310 1944/2211/1310 2508/2822/1310
f 2508/2822/1309 1944/2211/1309 1933/2186/1309 2497/2810/1309
o Halka.005
v -3.591311 -0.512415 -12.620199
v -3.454941 -0.494997 -12.620199
v -3.355110 -0.447408 -12.620199
v -3.318570 -0.382401 -12.620199
v -3.355110 -0.317394 -12.620199
v -3.454941 -0.269805 -12.620199
v -3.591311 -0.252386 -12.620199
v -3.727682 -0.269805 -12.620199
v -3.827513 -0.317394 -12.620199
v -3.864053 -0.382401 -12.620199
v -3.827513 -0.447408 -12.620199
v -3.727682 -0.494997 -12.620199
v -3.591311 -0.506854 -12.691357
v -3.454941 -0.489584 -12.689449
v -3.355110 -0.442403 -12.684240
v -3.318570 -0.377952 -12.677125
v -3.355110 -0.313501 -12.670010
v -3.454941 -0.266319 -12.664800
v -3.591311 -0.249049 -12.662893
v -3.727682 -0.266319 -12.664800
v -3.827513 -0.313501 -12.670010
v -3.864053 -0.377952 -12.677125
v -3.827513 -0.442403 -12.684240
v -3.727682 -0.489584 -12.689449
v -3.591311 -0.490265 -12.761296
v -3.454941 -0.473440 -12.757515
v -3.355110 -0.427472 -12.747187
v -3.318570 -0.364680 -12.733077
v -3.355110 -0.301888 -12.718966
v -3.454941 -0.255921 -12.708638
v -3.591311 -0.239096 -12.704857
v -3.727682 -0.255921 -12.708638
v -3.827513 -0.301888 -12.718966
v -3.864053 -0.364680 -12.733077
v -3.827513 -0.427472 -12.747187
v -3.727682 -0.473440 -12.757515
v -3.591311 -0.462931 -12.828821
v -3.454941 -0.446839 -12.823232
v -3.355110 -0.402873 -12.807960
v -3.318570 -0.342814 -12.787097
v -3.355110 -0.282755 -12.766234
v -3.454941 -0.238789 -12.750962
v -3.591311 -0.222696 -12.745373
v -3.727682 -0.238789 -12.750962
v -3.827513 -0.282755 -12.766234
v -3.864053 -0.342814 -12.787097
v -3.827513 -0.402873 -12.807960
v -3.727682 -0.446839 -12.823232
v -3.591311 -0.425322 -12.892777
v -3.454941 -0.410237 -12.885473
v -3.355110 -0.369024 -12.865520
v -3.318570 -0.312726 -12.838262
v -3.355110 -0.256428 -12.811004
v -3.454941 -0.215215 -12.791050
v -3.591311 -0.200130 -12.783746
v -3.727682 -0.215215 -12.791050
v -3.827513 -0.256428 -12.811004
v -3.864053 -0.312726 -12.838262
v -3.827513 -0.369024 -12.865520
v -3.727682 -0.410237 -12.885473
v -3.591311 -0.378080 -12.952069
v -3.454941 -0.364261 -12.943177
v -3.355110 -0.326506 -12.918882
v -3.318570 -0.274933 -12.885695
v -3.355110 -0.223359 -12.852509
v -3.454941 -0.185604 -12.828214
v -3.591311 -0.171785 -12.819322
v -3.727682 -0.185604 -12.828214
v -3.827513 -0.223359 -12.852509
v -3.864053 -0.274933 -12.885695
v -3.827513 -0.326506 -12.918882
v -3.727682 -0.364261 -12.943177
v -3.591311 -0.322013 -13.005683
v -3.454941 -0.309697 -12.995354
v -3.355110 -0.276046 -12.967134
v -3.318570 -0.230079 -12.928586
v -3.355110 -0.184112 -12.890038
v -3.454941 -0.150462 -12.861818
v -3.591311 -0.138145 -12.851489
v -3.727682 -0.150462 -12.861818
v -3.827513 -0.184112 -12.890038
v -3.864053 -0.230079 -12.928586
v -3.827513 -0.276046 -12.967134
v -3.727682 -0.309697 -12.995354
v -3.591311 -0.258082 -13.052701
v -3.454941 -0.247478 -13.041112
v -3.355110 -0.218508 -13.009451
v -3.318570 -0.178934 -12.966200
v -3.355110 -0.139360 -12.922950
v -3.454941 -0.110390 -12.891289
v -3.591311 -0.099786 -12.879700
v -3.727682 -0.110390 -12.891289
v -3.827513 -0.139360 -12.922950
v -3.864053 -0.178934 -12.966200
v -3.827513 -0.218508 -13.009451
v -3.727682 -0.247478 -13.041112
v -3.591311 -0.187379 -13.092319
v -3.454941 -0.178670 -13.079668
v -3.355110 -0.154875 -13.045107
v -3.318570 -0.122372 -12.997894
v -3.355110 -0.089868 -12.950683
v -3.454941 -0.066074 -12.916121
v -3.591311 -0.057365 -12.903471
v -3.727682 -0.066074 -12.916121
v -3.827513 -0.089868 -12.950683
v -3.864053 -0.122372 -12.997894
v -3.827513 -0.154875 -13.045107
v -3.727682 -0.178670 -13.079668
v -3.591311 -0.111115 -13.123857
v -3.454941 -0.104449 -13.110362
v -3.355110 -0.086238 -13.073492
v -3.318570 -0.061361 -13.023126
v -3.355110 -0.036483 -12.972760
v -3.454941 -0.018272 -12.935890
v -3.591311 -0.011606 -12.922395
v -3.727682 -0.018272 -12.935890
v -3.827513 -0.036483 -12.972760
v -3.864053 -0.061361 -13.023126
v -3.827513 -0.086238 -13.073492
v -3.727682 -0.104449 -13.110362
v -3.591311 -0.030594 -13.146780
v -3.454941 -0.026086 -13.132670
v -3.355110 -0.013769 -13.094122
v -3.318570 0.003056 -13.041464
v -3.355110 0.019881 -12.988806
v -3.454941 0.032198 -12.950257
v -3.591311 0.036706 -12.936148
v -3.727682 0.032198 -12.950257
v -3.827513 0.019881 -12.988806
v -3.864053 0.003056 -13.041464
v -3.827513 -0.013769 -13.094122
v -3.727682 -0.026086 -13.132670
v -3.591311 0.052806 -13.160691
v -3.454941 0.055079 -13.146209
v -3.355110 0.061291 -13.106643
v -3.318570 0.069776 -13.052593
v -3.355110 0.078261 -12.998544
v -3.454941 0.084473 -12.958977
v -3.591311 0.086746 -12.944494
v -3.727682 0.084473 -12.958977
v -3.827513 0.078261 -12.998544
v -3.864053 0.069776 -13.052593
v -3.827513 0.061291 -13.106643
v -3.727682 0.055079 -13.146209
v -3.591311 0.137657 -13.165356
v -3.454941 0.137657 -13.150748
v -3.355110 0.137657 -13.110840
v -3.318570 0.137657 -13.056324
v -3.355110 0.137657 -13.001808
v -3.454941 0.137657 -12.961901
v -3.591311 0.137657 -12.947293
v -3.727682 0.137657 -12.961901
v -3.827513 0.137657 -13.001808
v -3.864053 0.137657 -13.056324
v -3.827513 0.137657 -13.110840
v -3.727682 0.137657 -13.150748
v -3.591311 0.222509 -13.160691
v -3.454941 0.220235 -13.146209
v -3.355110 0.214024 -13.106642
v -3.318570 0.205538 -13.052593
v -3.355110 0.197053 -12.998544
v -3.454941 0.190842 -12.958977
v -3.591311 0.188568 -12.944494
v -3.727682 0.190842 -12.958977
v -3.827513 0.197053 -12.998544
v -3.864053 0.205538 -13.052593
v -3.827513 0.214024 -13.106642
v -3.727682 0.220235 -13.146209
v -3.591311 0.305908 -13.146780
v -3.454941 0.301400 -13.132670
v -3.355110 0.289083 -13.094122
v -3.318570 0.272258 -13.041464
v -3.355110 0.255433 -12.988806
v -3.454941 0.243116 -12.950257
v -3.591311 0.238608 -12.936148
v -3.727682 0.243116 -12.950257
v -3.827513 0.255433 -12.988806
v -3.864053 0.272258 -13.041464
v -3.827513 0.289083 -13.094122
v -3.727682 0.301400 -13.132670
v -3.591311 0.386429 -13.123857
v -3.454941 0.379763 -13.110362
v -3.355110 0.361552 -13.073492
v -3.318570 0.336675 -13.023126
v -3.355110 0.311798 -12.972760
v -3.454941 0.293586 -12.935890
v -3.591311 0.286920 -12.922395
v -3.727682 0.293586 -12.935890
v -3.827513 0.311798 -12.972760
v -3.864053 0.336675 -13.023126
v -3.827513 0.361552 -13.073492
v -3.727682 0.379763 -13.110362
v -3.591311 0.462693 -13.092319
v -3.454941 0.453984 -13.079668
v -3.355110 0.430190 -13.045107
v -3.318570 0.397686 -12.997894
v -3.355110 0.365182 -12.950683
v -3.454941 0.341388 -12.916121
v -3.591311 0.332679 -12.903471
v -3.727682 0.341388 -12.916121
v -3.827513 0.365182 -12.950683
v -3.864053 0.397686 -12.997894
v -3.827513 0.430190 -13.045107
v -3.727682 0.453984 -13.079668
v -3.591311 0.533396 -13.052701
v -3.454941 0.522792 -13.041112
v -3.355110 0.493822 -13.009451
v -3.318570 0.454248 -12.966201
v -3.355110 0.414675 -12.922950
v -3.454941 0.385704 -12.891289
v -3.591311 0.375101 -12.879700
v -3.727682 0.385704 -12.891289
v -3.827513 0.414675 -12.922950
v -3.864053 0.454248 -12.966201
v -3.827513 0.493822 -13.009451
v -3.727682 0.522792 -13.041112
v -3.591311 0.597328 -13.005683
v -3.454941 0.585011 -12.995354
v -3.355110 0.551361 -12.967134
v -3.318570 0.505394 -12.928586
v -3.355110 0.459427 -12.890038
v -3.454941 0.425776 -12.861818
v -3.591311 0.413460 -12.851489
v -3.727682 0.425776 -12.861818
v -3.827513 0.459427 -12.890038
v -3.864053 0.505394 -12.928586
v -3.827513 0.551361 -12.967134
v -3.727682 0.585011 -12.995354
v -3.591311 0.653394 -12.952069
v -3.454941 0.639575 -12.943177
v -3.355110 0.601821 -12.918882
v -3.318570 0.550247 -12.885695
v -3.355110 0.498673 -12.852509
v -3.454941 0.460919 -12.828214
v -3.591311 0.447099 -12.819322
v -3.727682 0.460919 -12.828214
v -3.827513 0.498673 -12.852509
v -3.864053 0.550247 -12.885695
v -3.827513 0.601821 -12.918882
v -3.727682 0.639575 -12.943177
v -3.591311 0.700636 -12.892777
v -3.454941 0.685551 -12.885473
v -3.355110 0.644338 -12.865520
v -3.318570 0.588040 -12.838262
v -3.355110 0.531743 -12.811004
v -3.454941 0.490530 -12.791050
v -3.591311 0.475445 -12.783746
v -3.727682 0.490530 -12.791050
v -3.827513 0.531743 -12.811004
v -3.864053 0.588040 -12.838262
v -3.827513 0.644338 -12.865520
v -3.727682 0.685551 -12.885473
v -3.591311 0.738246 -12.828821
v -3.454941 0.722153 -12.823232
v -3.355110 0.678187 -12.807960
v -3.318570 0.618128 -12.787097
v -3.355110 0.558069 -12.766234
v -3.454941 0.514103 -12.750962
v -3.591311 0.498010 -12.745373
v -3.727682 0.514103 -12.750962
v -3.827513 0.558069 -12.766234
v -3.864053 0.618128 -12.787097
v -3.827513 0.678187 -12.807960
v -3.727682 0.722153 -12.823232
v -3.591311 0.765579 -12.761296
v -3.454941 0.748754 -12.757515
v -3.355110 0.702787 -12.747187
v -3.318570 0.639995 -12.733077
v -3.355110 0.577202 -12.718966
v -3.454941 0.531235 -12.708638
v -3.591311 0.514410 -12.704857
v -3.727682 0.531235 -12.708638
v -3.827513 0.577202 -12.718966
v -3.864053 0.639995 -12.733077
v -3.827513 0.702787 -12.747187
v -3.727682 0.748754 -12.757515
v -3.591311 0.782168 -12.691357
v -3.454941 0.764899 -12.689449
v -3.355110 0.717717 -12.684240
v -3.318570 0.653266 -12.677125
v -3.355110 0.588815 -12.670010
v -3.454941 0.541633 -12.664801
v -3.591311 0.524364 -12.662893
v -3.727682 0.541633 -12.664801
v -3.827513 0.588815 -12.670010
v -3.864053 0.653266 -12.677125
v -3.827513 0.717717 -12.684240
v -3.727682 0.764899 -12.689449
v -3.591311 0.787730 -12.620199
v -3.454941 0.770311 -12.620199
v -3.355110 0.722722 -12.620199
v -3.318570 0.657715 -12.620199
v -3.355110 0.592708 -12.620199
v -3.454941 0.545119 -12.620199
v -3.591311 0.527701 -12.620199
v -3.727682 0.545119 -12.620199
v -3.827513 0.592708 -12.620199
v -3.864053 0.657715 -12.620199
v -3.827513 0.722722 -12.620199
v -3.727682 0.770311 -12.620199
v -3.591311 0.782168 -12.549042
v -3.454941 0.764899 -12.550949
v -3.355110 0.717717 -12.556158
v -3.318570 0.653266 -12.563273
v -3.355110 0.588815 -12.570389
v -3.454941 0.541633 -12.575598
v -3.591311 0.524364 -12.577505
v -3.727682 0.541633 -12.575598
v -3.827513 0.588815 -12.570389
v -3.864053 0.653266 -12.563273
v -3.827513 0.717717 -12.556158
v -3.727682 0.764899 -12.550949
v -3.591311 0.765579 -12.479102
v -3.454941 0.748754 -12.482883
v -3.355110 0.702787 -12.493212
v -3.318570 0.639995 -12.507321
v -3.355110 0.577202 -12.521432
v -3.454941 0.531235 -12.531760
v -3.591311 0.514410 -12.535542
v -3.727682 0.531235 -12.531760
v -3.827513 0.577202 -12.521432
v -3.864053 0.639995 -12.507321
v -3.827513 0.702787 -12.493212
v -3.727682 0.748754 -12.482883
v -3.591311 0.738246 -12.411577
v -3.454941 0.722153 -12.417167
v -3.355110 0.678187 -12.432440
v -3.318570 0.618128 -12.453301
v -3.355110 0.558069 -12.474164
v -3.454941 0.514103 -12.489436
v -3.591311 0.498010 -12.495026
v -3.727682 0.514103 -12.489436
v -3.827513 0.558069 -12.474164
v -3.864053 0.618128 -12.453301
v -3.827513 0.678187 -12.432440
v -3.727682 0.722153 -12.417167
v -3.591311 0.700637 -12.347621
v -3.454941 0.685552 -12.354925
v -3.355110 0.644339 -12.374879
v -3.318570 0.588041 -12.402137
v -3.355110 0.531743 -12.429395
v -3.454941 0.490530 -12.449348
v -3.591311 0.475445 -12.456653
v -3.727682 0.490530 -12.449348
v -3.827513 0.531743 -12.429395
v -3.864053 0.588041 -12.402137
v -3.827513 0.644339 -12.374879
v -3.727682 0.685552 -12.354925
v -3.591311 0.653394 -12.288329
v -3.454941 0.639575 -12.297221
v -3.355110 0.601821 -12.321516
v -3.318570 0.550247 -12.354703
v -3.355110 0.498673 -12.387890
v -3.454941 0.460919 -12.412185
v -3.591311 0.447099 -12.421077
v -3.727682 0.460919 -12.412185
v -3.827513 0.498673 -12.387890
v -3.864053 0.550247 -12.354703
v -3.827513 0.601821 -12.321516
v -3.727682 0.639575 -12.297221
v -3.591311 0.597328 -12.234715
v -3.454941 0.585011 -12.245045
v -3.355110 0.551361 -12.273264
v -3.318570 0.505394 -12.311812
v -3.355110 0.459427 -12.350361
v -3.454941 0.425776 -12.378580
v -3.591311 0.413460 -12.388909
v -3.727682 0.425776 -12.378580
v -3.827513 0.459427 -12.350361
v -3.864053 0.505394 -12.311812
v -3.827513 0.551361 -12.273264
v -3.727682 0.585011 -12.245045
v -3.591311 0.533396 -12.187698
v -3.454941 0.522793 -12.199286
v -3.355110 0.493823 -12.230948
v -3.318570 0.454249 -12.274199
v -3.355110 0.414675 -12.317449
v -3.454941 0.385705 -12.349110
v -3.591311 0.375101 -12.360699
v -3.727682 0.385705 -12.349110
v -3.827513 0.414675 -12.317449
v -3.864053 0.454249 -12.274199
v -3.827513 0.493823 -12.230948
v -3.727682 0.522793 -12.199286
v -3.591311 0.462693 -12.148080
v -3.454941 0.453984 -12.160730
v -3.355110 0.430190 -12.195292
v -3.318570 0.397686 -12.242504
v -3.355110 0.365182 -12.289716
v -3.454941 0.341388 -12.324277
v -3.591311 0.332679 -12.336927
v -3.727682 0.341388 -12.324277
v -3.827513 0.365182 -12.289716
v -3.864053 0.397686 -12.242504
v -3.827513 0.430190 -12.195292
v -3.727682 0.453984 -12.160730
v -3.591311 0.386429 -12.116541
v -3.454941 0.379763 -12.130036
v -3.355110 0.361552 -12.166906
v -3.318570 0.336675 -12.217273
v -3.355110 0.311798 -12.267638
v -3.454941 0.293586 -12.304508
v -3.591311 0.286920 -12.318004
v -3.727682 0.293586 -12.304508
v -3.827513 0.311798 -12.267638
v -3.864053 0.336675 -12.217273
v -3.827513 0.361552 -12.166906
v -3.727682 0.379763 -12.130036
v -3.591311 0.305909 -12.093618
v -3.454941 0.301400 -12.107729
v -3.355110 0.289083 -12.146276
v -3.318570 0.272258 -12.198935
v -3.355110 0.255433 -12.251593
v -3.454941 0.243116 -12.290141
v -3.591311 0.238608 -12.304251
v -3.727682 0.243116 -12.290141
v -3.827513 0.255433 -12.251593
v -3.864053 0.272258 -12.198935
v -3.827513 0.289083 -12.146276
v -3.727682 0.301400 -12.107729
v -3.591311 0.222509 -12.079707
v -3.454941 0.220235 -12.094190
v -3.355110 0.214024 -12.133757
v -3.318570 0.205539 -12.187805
v -3.355110 0.197053 -12.241855
v -3.454941 0.190842 -12.281422
v -3.591311 0.188568 -12.295904
v -3.727682 0.190842 -12.281422
v -3.827513 0.197053 -12.241855
v -3.864053 0.205539 -12.187805
v -3.827513 0.214024 -12.133757
v -3.727682 0.220235 -12.094190
v -3.591311 0.137657 -12.075043
v -3.454941 0.137657 -12.089650
v -3.355110 0.137657 -12.129559
v -3.318570 0.137657 -12.184074
v -3.355110 0.137657 -12.238590
v -3.454941 0.137657 -12.278498
v -3.591311 0.137657 -12.293105
v -3.727682 0.137657 -12.278498
v -3.827513 0.137657 -12.238590
v -3.864053 0.137657 -12.184074
v -3.827513 0.137657 -12.129559
v -3.727682 0.137657 -12.089650
v -3.591311 0.052806 -12.079707
v -3.454941 0.055079 -12.094190
v -3.355110 0.061291 -12.133756
v -3.318570 0.069776 -12.187805
v -3.355110 0.078261 -12.241855
v -3.454941 0.084473 -12.281422
v -3.591311 0.086746 -12.295904
v -3.727682 0.084473 -12.281422
v -3.827513 0.078261 -12.241855
v -3.864053 0.069776 -12.187805
v -3.827513 0.061291 -12.133756
v -3.727682 0.055079 -12.094190
v -3.591311 -0.030594 -12.093618
v -3.454941 -0.026085 -12.107728
v -3.355110 -0.013769 -12.146276
v -3.318570 0.003056 -12.198935
v -3.355110 0.019882 -12.251593
v -3.454941 0.032198 -12.290141
v -3.591311 0.036707 -12.304251
v -3.727682 0.032198 -12.290141
v -3.827513 0.019882 -12.251593
v -3.864053 0.003057 -12.198935
v -3.827513 -0.013769 -12.146276
v -3.727682 -0.026085 -12.107728
v -3.591311 -0.111115 -12.116541
v -3.454941 -0.104449 -12.130036
v -3.355110 -0.086238 -12.166906
v -3.318570 -0.061361 -12.217273
v -3.355110 -0.036483 -12.267638
v -3.454941 -0.018272 -12.304508
v -3.591311 -0.011606 -12.318004
v -3.727682 -0.018272 -12.304508
v -3.827513 -0.036483 -12.267638
v -3.864053 -0.061361 -12.217273
v -3.827513 -0.086238 -12.166906
v -3.727682 -0.104449 -12.130036
v -3.591311 -0.187379 -12.148080
v -3.454941 -0.178670 -12.160730
v -3.355110 -0.154875 -12.195292
v -3.318570 -0.122372 -12.242504
v -3.355110 -0.089868 -12.289716
v -3.454941 -0.066074 -12.324277
v -3.591311 -0.057365 -12.336927
v -3.727682 -0.066074 -12.324277
v -3.827513 -0.089868 -12.289716
v -3.864053 -0.122372 -12.242504
v -3.827513 -0.154875 -12.195292
v -3.727682 -0.178670 -12.160730
v -3.591311 -0.258082 -12.187697
v -3.454941 -0.247478 -12.199286
v -3.355110 -0.218508 -12.230947
v -3.318570 -0.178934 -12.274198
v -3.355110 -0.139360 -12.317448
v -3.454941 -0.110390 -12.349110
v -3.591311 -0.099786 -12.360699
v -3.727682 -0.110390 -12.349110
v -3.827513 -0.139360 -12.317448
v -3.864053 -0.178934 -12.274198
v -3.827513 -0.218508 -12.230947
v -3.727682 -0.247478 -12.199286
v -3.591311 -0.322013 -12.234715
v -3.454941 -0.309696 -12.245045
v -3.355110 -0.276046 -12.273264
v -3.318570 -0.230079 -12.311812
v -3.355110 -0.184112 -12.350361
v -3.454941 -0.150462 -12.378580
v -3.591311 -0.138145 -12.388909
v -3.727682 -0.150462 -12.378580
v -3.827513 -0.184112 -12.350361
v -3.864053 -0.230079 -12.311812
v -3.827513 -0.276046 -12.273264
v -3.727682 -0.309696 -12.245045
v -3.591311 -0.378080 -12.288329
v -3.454941 -0.364261 -12.297221
v -3.355110 -0.326506 -12.321516
v -3.318570 -0.274933 -12.354703
v -3.355110 -0.223359 -12.387890
v -3.454941 -0.185604 -12.412185
v -3.591311 -0.171785 -12.421077
v -3.727682 -0.185604 -12.412185
v -3.827513 -0.223359 -12.387890
v -3.864053 -0.274933 -12.354703
v -3.827513 -0.326506 -12.321516
v -3.727682 -0.364261 -12.297221
v -3.591311 -0.425322 -12.347621
v -3.454941 -0.410237 -12.354925
v -3.355110 -0.369024 -12.374879
v -3.318570 -0.312726 -12.402137
v -3.355110 -0.256428 -12.429395
v -3.454941 -0.215215 -12.449348
v -3.591311 -0.200130 -12.456653
v -3.727682 -0.215215 -12.449348
v -3.827513 -0.256428 -12.429395
v -3.864053 -0.312726 -12.402137
v -3.827513 -0.369024 -12.374879
v -3.727682 -0.410237 -12.354925
v -3.591311 -0.462931 -12.411577
v -3.454941 -0.446839 -12.417167
v -3.355110 -0.402873 -12.432439
v -3.318570 -0.342814 -12.453301
v -3.355110 -0.282755 -12.474163
v -3.454941 -0.238789 -12.489436
v -3.591311 -0.222696 -12.495026
v -3.727682 -0.238789 -12.489436
v -3.827513 -0.282755 -12.474163
v -3.864053 -0.342814 -12.453301
v -3.827513 -0.402873 -12.432439
v -3.727682 -0.446839 -12.417167
v -3.591311 -0.490265 -12.479102
v -3.454941 -0.473440 -12.482883
v -3.355110 -0.427472 -12.493212
v -3.318570 -0.364680 -12.507322
v -3.355110 -0.301888 -12.521432
v -3.454941 -0.255921 -12.531760
v -3.591311 -0.239096 -12.535542
v -3.727682 -0.255921 -12.531760
v -3.827513 -0.301888 -12.521432
v -3.864053 -0.364680 -12.507322
v -3.827513 -0.427472 -12.493212
v -3.727682 -0.473440 -12.482883
v -3.591311 -0.506854 -12.549042
v -3.454941 -0.489584 -12.550949
v -3.355110 -0.442403 -12.556158
v -3.318570 -0.377952 -12.563273
v -3.355110 -0.313501 -12.570389
v -3.454941 -0.266319 -12.575599
v -3.591311 -0.249049 -12.577505
v -3.727682 -0.266319 -12.575599
v -3.827513 -0.313501 -12.570389
v -3.864053 -0.377952 -12.563273
v -3.827513 -0.442403 -12.556158
v -3.727682 -0.489584 -12.550949
vn 0.1263 -0.9890 -0.0773
vn 0.4292 -0.9004 -0.0704
vn 0.8711 -0.4896 -0.0383
vn 0.8711 0.4896 0.0383
vn 0.4292 0.9004 0.0704
vn 0.1263 0.9890 0.0773
vn -0.1263 0.9890 0.0773
vn -0.4292 0.9004 0.0704
vn -0.8711 0.4896 0.0383
vn -0.8711 -0.4896 -0.0383
vn -0.4292 -0.9004 -0.0704
vn -0.1263 -0.9890 -0.0773
vn 0.1254 -0.9653 -0.2290
vn 0.4268 -0.8799 -0.2087
vn 0.8696 -0.4804 -0.1140
vn 0.8696 0.4804 0.1140
vn 0.4268 0.8799 0.2087
vn 0.1254 0.9653 0.2290
vn -0.1254 0.9653 0.2290
vn -0.4268 0.8799 0.2087
vn -0.8696 0.4804 0.1140
vn -0.8696 -0.4804 -0.1140
vn -0.4268 -0.8799 -0.2087
vn -0.1254 -0.9653 -0.2290
vn 0.1238 -0.9198 -0.3723
vn 0.4221 -0.8403 -0.3401
vn 0.8667 -0.4623 -0.1871
vn 0.8667 0.4623 0.1871
vn 0.4221 0.8403 0.3401
vn 0.1238 0.9198 0.3723
vn -0.1238 0.9198 0.3723
vn -0.4221 0.8403 0.3401
vn -0.8667 0.4623 0.1871
vn -0.8667 -0.4623 -0.1871
vn -0.4221 -0.8403 -0.3401
vn -0.1238 -0.9198 -0.3723
vn 0.1216 -0.8556 -0.5031
vn 0.4158 -0.7840 -0.4610
vn 0.8627 -0.4359 -0.2563
vn 0.8627 0.4359 0.2563
vn 0.4158 0.7840 0.4610
vn 0.1216 0.8556 0.5031
vn -0.1216 0.8556 0.5031
vn -0.4158 0.7840 0.4610
vn -0.8627 0.4359 0.2563
vn -0.8627 -0.4359 -0.2563
vn -0.4158 -0.7840 -0.4610
vn -0.1216 -0.8556 -0.5031
vn 0.1190 -0.7765 -0.6187
vn 0.4084 -0.7139 -0.5688
vn 0.8579 -0.4018 -0.3202
vn 0.8579 0.4018 0.3202
vn 0.4084 0.7139 0.5688
vn 0.1190 0.7765 0.6187
vn -0.1190 0.7765 0.6187
vn -0.4084 0.7139 0.5688
vn -0.8579 0.4018 0.3202
vn -0.8579 -0.4018 -0.3202
vn -0.4084 -0.7139 -0.5688
vn -0.1190 -0.7765 -0.6187
vn 0.1164 -0.6864 -0.7178
vn 0.4006 -0.6332 -0.6622
vn 0.8526 -0.3611 -0.3776
vn 0.8526 0.3611 0.3776
vn 0.4006 0.6332 0.6622
vn 0.1164 0.6864 0.7178
vn -0.1164 0.6864 0.7178
vn -0.4006 0.6332 0.6622
vn -0.8526 0.3611 0.3776
vn -0.8526 -0.3611 -0.3776
vn -0.4006 -0.6332 -0.6622
vn -0.1164 -0.6864 -0.7178
vn 0.1138 -0.5886 -0.8004
vn 0.3930 -0.5448 -0.7408
vn 0.8473 -0.3147 -0.4279
vn 0.8473 0.3147 0.4279
vn 0.3930 0.5448 0.7408
vn 0.1138 0.5886 0.8004
vn -0.1138 0.5886 0.8004
vn -0.3930 0.5448 0.7408
vn -0.8473 0.3147 0.4279
vn -0.8473 -0.3147 -0.4279
vn -0.3930 -0.5448 -0.7408
vn -0.1138 -0.5886 -0.8004
vn 0.1114 -0.4858 -0.8669
vn 0.3861 -0.4509 -0.8047
vn 0.8422 -0.2636 -0.4704
vn 0.8422 0.2636 0.4704
vn 0.3861 0.4509 0.8047
vn 0.1114 0.4858 0.8669
vn -0.1114 0.4858 0.8669
vn -0.3861 0.4509 0.8047
vn -0.8422 0.2636 0.4704
vn -0.8422 -0.2636 -0.4704
vn -0.3861 -0.4509 -0.8047
vn -0.1114 -0.4858 -0.8669
vn 0.1095 -0.3799 -0.9185
vn 0.3802 -0.3535 -0.8547
vn 0.8377 -0.2087 -0.5047
vn 0.8377 0.2087 0.5047
vn 0.3802 0.3535 0.8547
vn 0.1095 0.3799 0.9185
vn -0.1095 0.3799 0.9185
vn -0.3802 0.3535 0.8547
vn -0.8377 0.2087 0.5047
vn -0.8377 -0.2087 -0.5047
vn -0.3802 -0.3535 -0.8547
vn -0.1095 -0.3799 -0.9185
vn 0.1079 -0.2722 -0.9562
vn 0.3755 -0.2538 -0.8914
vn 0.8341 -0.1510 -0.5305
vn 0.8341 0.1510 0.5305
vn 0.3755 0.2538 0.8914
vn 0.1079 0.2722 0.9562
vn -0.1079 0.2722 0.9562
vn -0.3755 0.2538 0.8914
vn -0.8341 0.1510 0.5305
vn -0.8341 -0.1510 -0.5305
vn -0.3755 -0.2538 -0.8914
vn -0.1079 -0.2722 -0.9562
vn 0.1069 -0.1636 -0.9807
vn 0.3723 -0.1527 -0.9155
vn 0.8316 -0.0914 -0.5478
vn 0.8316 0.0914 0.5478
vn 0.3723 0.1527 0.9155
vn 0.1069 0.1636 0.9807
vn -0.1069 0.1636 0.9807
vn -0.3723 0.1527 0.9155
vn -0.8316 0.0914 0.5478
vn -0.8316 -0.0914 -0.5478
vn -0.3723 -0.1527 -0.9155
vn -0.1069 -0.1636 -0.9807
vn 0.1063 -0.0546 -0.9928
vn 0.3707 -0.0510 -0.9273
vn 0.8303 -0.0306 -0.5565
vn 0.8303 0.0306 0.5565
vn 0.3707 0.0510 0.9273
vn 0.1063 0.0546 0.9928
vn -0.1063 0.0546 0.9928
vn -0.3707 0.0510 0.9273
vn -0.8303 0.0306 0.5565
vn -0.8303 -0.0306 -0.5565
vn -0.3707 -0.0510 -0.9273
vn -0.1063 -0.0546 -0.9928
vn 0.1063 0.0546 -0.9928
vn 0.3707 0.0510 -0.9273
vn 0.8303 0.0306 -0.5565
vn 0.8303 -0.0306 0.5565
vn 0.3707 -0.0510 0.9273
vn 0.1063 -0.0546 0.9928
vn -0.1063 -0.0546 0.9928
vn -0.3707 -0.0510 0.9273
vn -0.8303 -0.0306 0.5565
vn -0.8303 0.0306 -0.5565
vn -0.3707 0.0510 -0.9273
vn -0.1063 0.0546 -0.9928
vn 0.1069 0.1636 -0.9807
vn 0.3723 0.1527 -0.9155
vn 0.8316 0.0914 -0.5478
vn 0.8316 -0.0914 0.5478
vn 0.3723 -0.1527 0.9155
vn 0.1069 -0.1636 0.9807
vn -0.1069 -0.1636 0.9807
vn -0.3723 -0.1527 0.9155
vn -0.8316 -0.0914 0.5478
vn -0.8316 0.0914 -0.5478
vn -0.3723 0.1527 -0.9155
vn -0.1069 0.1636 -0.9807
vn 0.1079 0.2722 -0.9562
vn 0.3755 0.2538 -0.8914
vn 0.8341 0.1510 -0.5305
vn 0.8341 -0.1510 0.5305
vn 0.3755 -0.2538 0.8914
vn 0.1079 -0.2722 0.9562
vn -0.1079 -0.2722 0.9562
vn -0.3755 -0.2538 0.8914
vn -0.8341 -0.1510 0.5305
vn -0.8341 0.1510 -0.5305
vn -0.3755 0.2538 -0.8914
vn -0.1079 0.2722 -0.9562
vn 0.1095 0.3799 -0.9185
vn 0.3802 0.3535 -0.8547
vn 0.8377 0.2087 -0.5047
vn 0.8377 -0.2087 0.5047
vn 0.3802 -0.3535 0.8547
vn 0.1095 -0.3799 0.9185
vn -0.1095 -0.3799 0.9185
vn -0.3802 -0.3535 0.8547
vn -0.8377 -0.2087 0.5047
vn -0.8377 0.2087 -0.5047
vn -0.3802 0.3535 -0.8547
vn -0.1095 0.3799 -0.9185
vn 0.1114 0.4858 -0.8669
vn 0.3861 0.4509 -0.8047
vn 0.8422 0.2636 -0.4704
vn 0.8422 -0.2636 0.4704
vn 0.3861 -0.4509 0.8047
vn 0.1114 -0.4858 0.8669
vn -0.1114 -0.4858 0.8669
vn -0.3861 -0.4509 0.8047
vn -0.8422 -0.2636 0.4704
vn -0.8422 0.2636 -0.4704
vn -0.3861 0.4509 -0.8047
vn -0.1114 0.4858 -0.8669
vn 0.1138 0.5886 -0.8004
vn 0.3930 0.5448 -0.7408
vn 0.8473 0.3147 -0.4279
vn 0.8473 -0.3147 0.4279
vn 0.3930 -0.5448 0.7408
vn 0.1138 -0.5886 0.8004
vn -0.1138 -0.5886 0.8004
vn -0.3930 -0.5448 0.7408
vn -0.8473 -0.3147 0.4279
vn -0.8473 0.3147 -0.4279
vn -0.3930 0.5448 -0.7408
vn -0.1138 0.5886 -0.8004
vn 0.1164 0.6864 -0.7178
vn 0.4006 0.6332 -0.6622
vn 0.8526 0.3611 -0.3776
vn 0.8526 -0.3611 0.3776
vn 0.4006 -0.6332 0.6622
vn 0.1164 -0.6864 0.7178
vn -0.1164 -0.6864 0.7178
vn -0.4006 -0.6332 0.6622
vn -0.8526 -0.3611 0.3776
vn -0.8526 0.3611 -0.3776
vn -0.4006 0.6332 -0.6622
vn -0.1164 0.6864 -0.7178
vn 0.1190 0.7765 -0.6187
vn 0.4084 0.7139 -0.5688
vn 0.8579 0.4018 -0.3202
vn 0.8579 -0.4018 0.3202
vn 0.4084 -0.7139 0.5688
vn 0.1190 -0.7765 0.6187
vn -0.1190 -0.7765 0.6187
vn -0.4084 -0.7139 0.5688
vn -0.8579 -0.4018 0.3202
vn -0.8579 0.4018 -0.3202
vn -0.4084 0.7139 -0.5688
vn -0.1190 0.7765 -0.6187
vn 0.1216 0.8556 -0.5031
vn 0.4158 0.7840 -0.4610
vn 0.8627 0.4359 -0.2563
vn 0.8627 -0.4359 0.2563
vn 0.4158 -0.7840 0.4610
vn 0.1216 -0.8556 0.5031
vn -0.1216 -0.8556 0.5031
vn -0.4158 -0.7840 0.4610
vn -0.8627 -0.4359 0.2563
vn -0.8627 0.4359 -0.2563
vn -0.4158 0.7840 -0.4610
vn -0.1216 0.8556 -0.5031
vn 0.1238 0.9198 -0.3723
vn 0.4221 0.8403 -0.3401
vn 0.8667 0.4623 -0.1871
vn 0.8667 -0.4623 0.1871
vn 0.4221 -0.8403 0.3401
vn 0.1238 -0.9198 0.3723
vn -0.1238 -0.9198 0.3723
vn -0.4221 -0.8403 0.3401
vn -0.8667 -0.4623 0.1871
vn -0.8667 0.4623 -0.1871
vn -0.4221 0.8403 -0.3401
vn -0.1238 0.9198 -0.3723
vn 0.1254 0.9653 -0.2290
vn 0.4268 0.8799 -0.2087
vn 0.8696 0.4804 -0.1140
vn 0.8696 -0.4804 0.1140
vn 0.4268 -0.8799 0.2087
vn 0.1254 -0.9653 0.2290
vn -0.1254 -0.9653 0.2290
vn -0.4268 -0.8799 0.2087
vn -0.8696 -0.4804 0.1140
vn -0.8696 0.4804 -0.1140
vn -0.4268 0.8799 -0.2087
vn -0.1254 0.9653 -0.2290
vn 0.1263 0.9890 -0.0773
vn 0.4292 0.9004 -0.0704
vn 0.8711 0.4896 -0.0383
vn 0.8711 -0.4896 0.0383
vn 0.4292 -0.9004 0.0704
vn 0.1263 -0.9890 0.0773
vn -0.1263 -0.9890 0.0773
vn -0.4292 -0.9004 0.0704
vn -0.8711 -0.4896 0.0383
vn -0.8711 0.4896 -0.0383
vn -0.4292 0.9004 -0.0704
vn -0.1263 0.9890 -0.0773
vt 0.500000 0.500000
vt 0.520833 0.500000
vt 0.520833 0.583333
vt 0.500000 0.583333
vt 0.520833 0.666667
vt 0.500000 0.666667
vt 0.520833 0.750000
vt 0.500000 0.750000
vt 0.520833 0.833333
vt 0.500000 0.833333
vt 0.520833 0.916667
vt 0.500000 0.916667
vt 0.520833 1.000000
vt 0.500000 1.000000
vt 0.500000 0.000000
vt 0.520833 0.000000
vt 0.520833 0.083333
vt 0.500000 0.083333
vt 0.520833 0.166667
vt 0.500000 0.166667
vt 0.520833 0.250000
vt 0.500000 0.250000
vt 0.520833 0.333333
vt 0.500000 0.333333
vt 0.520833 0.416667
vt 0.500000 0.416667
vt 0.541667 0.500000
vt 0.541667 0.583333
vt 0.541667 0.666667
vt 0.541667 0.750000
vt 0.541667 0.833333
vt 0.541667 0.916667
vt 0.541667 1.000000
vt 0.541667 0.000000
vt 0.541667 0.083333
vt 0.541667 0.166667
vt 0.541667 0.250000
vt 0.541667 0.333333
vt 0.541667 0.416667
vt 0.562500 0.500000
vt 0.562500 0.583333
vt 0.562500 0.666667
vt 0.562500 0.750000
vt 0.562500 0.833333
vt 0.562500 0.916667
vt 0.562500 1.000000
vt 0.562500 0.000000
vt 0.562500 0.083333
vt 0.562500 0.166667
vt 0.562500 0.250000
vt 0.562500 0.333333
vt 0.562500 0.416667
vt 0.583333 0.500000
vt 0.583333 0.583333
vt 0.583333 0.666667
vt 0.583333 0.750000
vt 0.583333 0.833333
vt 0.583333 0.916667
vt 0.583333 1.000000
vt 0.583333 0.000000
vt 0.583333 0.083333
vt 0.583333 0.166667
vt 0.583333 0.250000
vt 0.583333 0.333333
vt 0.583333 0.416667
vt 0.604167 0.500000
vt 0.604167 0.583333
vt 0.604167 0.666667
vt 0.604167 0.750000
vt 0.604167 0.833333
vt 0.604167 0.916667
vt 0.604167 1.000000
vt 0.604167 0.000000
vt 0.604167 0.083333
vt 0.604167 0.166667
vt 0.604167 0.250000
vt 0.604167 0.333333
vt 0.604167 0.416667
vt 0.625000 0.500000
vt 0.625000 0.583333
vt 0.625000 0.666667
vt 0.625000 0.750000
vt 0.625000 0.833333
vt 0.625000 0.916667
vt 0.625000 1.000000
vt 0.625000 0.000000
vt 0.625000 0.083333
vt 0.625000 0.166667
vt 0.625000 0.250000
vt 0.625000 0.333333
vt 0.625000 0.416667
vt 0.645833 0.500000
vt 0.645833 0.583333
vt 0.645833 0.666667
vt 0.645833 0.750000
vt 0.645833 0.833333
vt 0.645833 0.916667
vt 0.645833 1.000000
vt 0.645833 0.000000
vt 0.645833 0.083333
vt 0.645833 0.166667
vt 0.645833 0.250000
vt 0.645833 0.333333
vt 0.645833 0.416667
vt 0.666667 0.500000
vt 0.666667 0.583333
vt 0.666667 0.666667
vt 0.666667 0.750000
vt 0.666667 0.833333
vt 0.666667 0.916667
vt 0.666667 1.000000
vt 0.666667 0.000000
vt 0.666667 0.083333
vt 0.666667 0.166667
vt 0.666667 0.250000
vt 0.666667 0.333333
vt 0.666667 0.416667
vt 0.687500 0.500000
vt 0.687500 0.583333
vt 0.687500 0.666667
vt 0.687500 0.750000
vt 0.687500 0.833333
vt 0.687500 0.916667
vt 0.687500 1.000000
vt 0.687500 0.000000
vt 0.687500 0.083333
vt 0.687500 0.166667
vt 0.687500 0.250000
vt 0.687500 0.333333
vt 0.687500 0.416667
vt 0.708333 0.500000
vt 0.708333 0.583333
vt 0.708333 0.666667
vt 0.708333 0.750000
vt 0.708333 0.833333
vt 0.708333 0.916667
vt 0.708333 1.000000
vt 0.708333 0.000000
vt 0.708333 0.083333
vt 0.708333 0.166667
vt 0.708333 0.250000
vt 0.708333 0.333333
vt 0.708333 0.416667
vt 0.729167 0.500000
vt 0.729167 0.583333
vt 0.729167 0.666667
vt 0.729167 0.750000
vt 0.729167 0.833333
vt 0.729167 0.916667
vt 0.729167 1.000000
vt 0.729167 0.000000
vt 0.729167 0.083333
vt 0.729167 0.166667
vt 0.729167 0.250000
vt 0.729167 0.333333
vt 0.729167 0.416667
vt 0.750000 0.500000
vt 0.750000 0.583333
vt 0.750000 0.666667
vt 0.750000 0.750000
vt 0.750000 0.833333
vt 0.750000 0.916667
vt 0.750000 1.000000
vt 0.750000 0.000000
vt 0.750000 0.083333
vt 0.750000 0.166667
vt 0.750000 0.250000
vt 0.750000 0.333333
vt 0.750000 0.416667
vt 0.770833 0.500000
vt 0.770833 0.583333
vt 0.770833 0.666667
vt 0.770833 0.750000
vt 0.770833 0.833333
vt 0.770833 0.916667
vt 0.770833 1.000000
vt 0.770833 0.000000
vt 0.770833 0.083333
vt 0.770833 0.166667
vt 0.770833 0.250000
vt 0.770833 0.333333
vt 0.770833 0.416667
vt 0.791667 0.500000
vt 0.791667 0.583333
vt 0.791667 0.666667
vt 0.791667 0.750000
vt 0.791667 0.833333
vt 0.791667 0.916667
vt 0.791667 1.000000
vt 0.791667 0.000000
vt 0.791667 0.083333
vt 0.791667 0.166667
vt 0.791667 0.250000
vt 0.791667 0.333333
vt 0.791667 0.416667
vt 0.812500 0.500000
vt 0.812500 0.583333
vt 0.812500 0.666667
vt 0.812500 0.750000
vt 0.812500 0.833333
vt 0.812500 0.916667
vt 0.812500 1.000000
vt 0.812500 0.000000
vt 0.812500 0.083333
vt 0.812500 0.166667
vt 0.812500 0.250000
vt 0.812500 0.333333
vt 0.812500 0.416667
vt 0.833333 0.500000
vt 0.833333 0.583333
vt 0.833333 0.666667
vt 0.833333 0.750000
vt 0.833333 0.833333
vt 0.833333 0.916667
vt 0.833333 1.000000
vt 0.833333 0.000000
vt 0.833333 0.083333
vt 0.833333 0.166667
vt 0.833333 0.250000
vt 0.833333 0.333333
vt 0.833333 0.416667
vt 0.854167 0.500000
vt 0.854167 0.583333
vt 0.854167 0.666667
vt 0.854167 0.750000
vt 0.854167 0.833333
vt 0.854167 0.916667
vt 0.854167 1.000000
vt 0.854167 0.000000
vt 0.854167 0.083333
vt 0.854167 0.166667
vt 0.854167 0.250000
vt 0.854167 0.333333
vt 0.854167 0.416667
vt 0.875000 0.500000
vt 0.875000 0.583333
vt 0.875000 0.666667
vt 0.875000 0.750000
vt 0.875000 0.833333
vt 0.875000 0.916667
vt 0.875000 1.000000
vt 0.875000 0.000000
vt 0.875000 0.083333
vt 0.875000 0.166667
vt 0.875000 0.250000
vt 0.875000 0.333333
vt 0.875000 0.416667
vt 0.895833 0.500000
vt 0.895833 0.583333
vt 0.895833 0.666667
vt 0.895833 0.750000
vt 0.895833 0.833333
vt 0.895833 0.916667
vt 0.895833 1.000000
vt 0.895833 0.000000
vt 0.895833 0.083333
vt 0.895833 0.166667
vt 0.895833 0.250000
vt 0.895833 0.333333
vt 0.895833 0.416667
vt 0.916667 0.500000
vt 0.916667 0.583333
vt 0.916667 0.666667
vt 0.916667 0.750000
vt 0.916667 0.833333
vt 0.916667 0.916667
vt 0.916667 1.000000
vt 0.916667 0.000000
vt 0.916667 0.083333
vt 0.916667 0.166667
vt 0.916667 0.250000
vt 0.916667 0.333333
vt 0.916667 0.416667
vt 0.937500 0.500000
vt 0.937500 0.583333
vt 0.937500 0.666667
vt 0.937500 0.750000
vt 0.937500 0.833333
vt 0.937500 0.916667
vt 0.937500 1.000000
vt 0.937500 0.000000
vt 0.937500 0.083333
vt 0.937500 0.166667
vt 0.937500 0.250000
vt 0.937500 0.333333
vt 0.937500 0.416667
vt 0.958333 0.500000
vt 0.958333 0.583333
vt 0.958333 0.666667
vt 0.958333 0.750000
vt 0.958333 0.833333
vt 0.958333 0.916667
vt 0.958333 1.000000
vt 0.958333 0.000000
vt 0.958333 0.083333
vt 0.958333 0.166667
vt 0.958333 0.250000
vt 0.958333 0.333333
vt 0.958333 0.416667
vt 0.979167 0.500000
vt 0.979167 0.583333
vt 0.979167 0.666667
vt 0.979167 0.750000
vt 0.979167 0.833333
vt 0.979167 0.916667
vt 0.979167 1.000000
vt 0.979167 0.000000
vt 0.979167 0.083333
vt 0.979167 0.166667
vt 0.979167 0.250000
vt 0.979167 0.333333
vt 0.979167 0.416667
vt 1.000000 0.500000
vt 1.000000 0.583333
vt 1.000000 0.666667
vt 1.000000 0.750000
vt 1.000000 0.833333
vt 1.000000 0.916667
vt 1.000000 1.000000
vt 1.000000 0.000000
vt 1.000000 0.083333
vt 1.000000 0.166667
vt 1.000000 0.250000
vt 1.000000 0.333333
vt 1.000000 0.416667
vt 0.000000 0.500000
vt 0.020833 0.500000
vt 0.020833 0.583333
vt 0.000000 0.583333
vt 0.020833 0.666667
vt 0.000000 0.666667
vt 0.020833 0.750000
vt 0.000000 0.750000
vt 0.020833 0.833333
vt 0.000000 0.833333
vt 0.020833 0.916667
vt 0.000000 0.916667
vt 0.020833 1.000000
vt 0.000000 1.000000
vt 0.000000 0.000000
vt 0.020833 0.000000
vt 0.020833 0.083333
vt 0.000000 0.083333
vt 0.020833 0.166667
vt 0.000000 0.166667
vt 0.020833 0.250000
vt 0.000000 0.250000
vt 0.020833 0.333333
vt 0.000000 0.333333
vt 0.020833 0.416667
vt 0.000000 0.416667
vt 0.041667 0.500000
vt 0.041667 0.583333
vt 0.041667 0.666667
vt 0.041667 0.750000
vt 0.041667 0.833333
vt 0.041667 0.916667
vt 0.041667 1.000000
vt 0.041667 0.000000
vt 0.041667 0.083333
vt 0.041667 0.166667
vt 0.041667 0.250000
vt 0.041667 0.333333
vt 0.041667 0.416667
vt 0.062500 0.500000
vt 0.062500 0.583333
vt 0.062500 0.666667
vt 0.062500 0.750000
vt 0.062500 0.833333
vt 0.062500 0.916667
vt 0.062500 1.000000
vt 0.062500 0.000000
vt 0.062500 0.083333
vt 0.062500 0.166667
vt 0.062500 0.250000
vt 0.062500 0.333333
vt 0.062500 0.416667
vt 0.083333 0.500000
vt 0.083333 0.583333
vt 0.083333 0.666667
vt 0.083333 0.750000
vt 0.083333 0.833333
vt 0.083333 0.916667
vt 0.083333 1.000000
vt 0.083333 0.000000
vt 0.083333 0.083333
vt 0.083333 0.166667
vt 0.083333 0.250000
vt 0.083333 0.333333
vt 0.083333 0.416667
vt 0.104167 0.500000
vt 0.104167 0.583333
vt 0.104167 0.666667
vt 0.104167 0.750000
vt 0.104167 0.833333
vt 0.104167 0.916667
vt 0.104167 1.000000
vt 0.104167 0.000000
vt 0.104167 0.083333
vt 0.104167 0.166667
vt 0.104167 0.250000
vt 0.104167 0.333333
vt 0.104167 0.416667
vt 0.125000 0.500000
vt 0.125000 0.583333
vt 0.125000 0.666667
vt 0.125000 0.750000
vt 0.125000 0.833333
vt 0.125000 0.916667
vt 0.125000 1.000000
vt 0.125000 0.000000
vt 0.125000 0.083333
vt 0.125000 0.166667
vt 0.125000 0.250000
vt 0.125000 0.333333
vt 0.125000 0.416667
vt 0.145833 0.500000
vt 0.145833 0.583333
vt 0.145833 0.666667
vt 0.145833 0.750000
vt 0.145833 0.833333
vt 0.145833 0.916667
vt 0.145833 1.000000
vt 0.145833 0.000000
vt 0.145833 0.083333
vt 0.145833 0.166667
vt 0.145833 0.250000
vt 0.145833 0.333333
vt 0.145833 0.416667
vt 0.166667 0.500000
vt 0.166667 0.583333
vt 0.166667 0.666667
vt 0.166667 0.750000
vt 0.166667 0.833333
vt 0.166667 0.916667
vt 0.166667 1.000000
vt 0.166667 0.000000
vt 0.166667 0.083333
vt 0.166667 0.166667
vt 0.166667 0.250000
vt 0.166667 0.333333
vt 0.166667 0.416667
vt 0.187500 0.500000
vt 0.187500 0.583333
vt 0.187500 0.666667
vt 0.187500 0.750000
vt 0.187500 0.833333
vt 0.187500 0.916667
vt 0.187500 1.000000
vt 0.187500 0.000000
vt 0.187500 0.083333
vt 0.187500 0.166667
vt 0.187500 0.250000
vt 0.187500 0.333333
vt 0.187500 0.416667
vt 0.208333 0.500000
vt 0.208333 0.583333
vt 0.208333 0.666667
vt 0.208333 0.750000
vt 0.208333 0.833333
vt 0.208333 0.916667
vt 0.208333 1.000000
vt 0.208333 0.000000
vt 0.208333 0.083333
vt 0.208333 0.166667
vt 0.208333 0.250000
vt 0.208333 0.333333
vt 0.208333 0.416667
vt 0.229167 0.500000
vt 0.229167 0.583333
vt 0.229167 0.666667
vt 0.229167 0.750000
vt 0.229167 0.833333
vt 0.229167 0.916667
vt 0.229167 1.000000
vt 0.229167 0.000000
vt 0.229167 0.083333
vt 0.229167 0.166667
vt 0.229167 0.250000
vt 0.229167 0.333333
vt 0.229167 0.416667
vt 0.250000 0.500000
vt 0.250000 0.583333
vt 0.250000 0.666667
vt 0.250000 0.750000
vt 0.250000 0.833333
vt 0.250000 0.916667
vt 0.250000 1.000000
vt 0.250000 0.000000
vt 0.250000 0.083333
vt 0.250000 0.166667
vt 0.250000 0.250000
vt 0.250000 0.333333
vt 0.250000 0.416667
vt 0.270833 0.500000
vt 0.270833 0.583333
vt 0.270833 0.666667
vt 0.270833 0.750000
vt 0.270833 0.833333
vt 0.270833 0.916667
vt 0.270833 1.000000
vt 0.270833 0.000000
vt 0.270833 0.083333
vt 0.270833 0.166667
vt 0.270833 0.250000
vt 0.270833 0.333333
vt 0.270833 0.416667
vt 0.291667 0.500000
vt 0.291667 0.583333
vt 0.291667 0.666667
vt 0.291667 0.750000
vt 0.291667 0.833333
vt 0.291667 0.916667
vt 0.291667 1.000000
vt 0.291667 0.000000
vt 0.291667 0.083333
vt 0.291667 0.166667
vt 0.291667 0.250000
vt 0.291667 0.333333
vt 0.291667 0.416667
vt 0.312500 0.500000
vt 0.312500 0.583333
vt 0.312500 0.666667
vt 0.312500 0.750000
vt 0.312500 0.833333
vt 0.312500 0.916667
vt 0.312500 1.000000
vt 0.312500 0.000000
vt 0.312500 0.083333
vt 0.312500 0.166667
vt 0.312500 0.250000
vt 0.312500 0.333333
vt 0.312500 0.416667
vt 0.333333 0.500000
vt 0.333333 0.583333
vt 0.333333 0.666667
vt 0.333333 0.750000
vt 0.333333 0.833333
vt 0.333333 0.916667
vt 0.333333 1.000000
vt 0.333333 0.000000
vt 0.333333 0.083333
vt 0.333333 0.166667
vt 0.333333 0.250000
vt 0.333333 0.333333
vt 0.333333 0.416667
vt 0.354167 0.500000
vt 0.354167 0.583333
vt 0.354167 0.666667
vt 0.354167 0.750000
vt 0.354167 0.833333
vt 0.354167 0.916667
vt 0.354167 1.000000
vt 0.354167 0.000000
vt 0.354167 0.083333
vt 0.354167 0.166667
vt 0.354167 0.250000
vt 0.354167 0.333333
vt 0.354167 0.416667
vt 0.375000 0.500000
vt 0.375000 0.583333
vt 0.375000 0.666667
vt 0.375000 0.750000
vt 0.375000 0.833333
vt 0.375000 0.916667
vt 0.375000 1.000000
vt 0.375000 0.000000
vt 0.375000 0.083333
vt 0.375000 0.166667
vt 0.375000 0.250000
vt 0.375000 0.333333
vt 0.375000 0.416667
vt 0.395833 0.500000
vt 0.395833 0.583333
vt 0.395833 0.666667
vt 0.395833 0.750000
vt 0.395833 0.833333
vt 0.395833 0.916667
vt 0.395833 1.000000
vt 0.395833 0.000000
vt 0.395833 0.083333
vt 0.395833 0.166667
vt 0.395833 0.250000
vt 0.395833 0.333333
vt 0.395833 0.416667
vt 0.416667 0.500000
vt 0.416667 0.583333
vt 0.416667 0.666667
vt 0.416667 0.750000
vt 0.416667 0.833333
vt 0.416667 0.916667
vt 0.416667 1.000000
vt 0.416667 0.000000
vt 0.416667 0.083333
vt 0.416667 0.166667
vt 0.416667 0.250000
vt 0.416667 0.333333
vt 0.416667 0.416667
vt 0.437500 0.500000
vt 0.437500 0.583333
vt 0.437500 0.666667
vt 0.437500 0.750000
vt 0.437500 0.833333
vt 0.437500 0.916667
vt 0.437500 1.000000
vt 0.437500 0.000000
vt 0.437500 0.083333
vt 0.437500 0.166667
vt 0.437500 0.250000
vt 0.437500 0.333333
vt 0.437500 0.416667
vt 0.458333 0.500000
vt 0.458333 0.583333
vt 0.458333 0.666667
vt 0.458333 0.750000
vt 0.458333 0.833333
vt 0.458333 0.916667
vt 0.458333 1.000000
vt 0.458333 0.000000
vt 0.458333 0.083333
vt 0.458333 0.166667
vt 0.458333 0.250000
vt 0.458333 0.333333
vt 0.458333 0.416667
vt 0.479167 0.500000
vt 0.479167 0.583333
vt 0.479167 0.666667
vt 0.479167 0.750000
vt 0.479167 0.833333
vt 0.479167 0.916667
vt 0.479167 1.000000
vt 0.479167 0.000000
vt 0.479167 0.083333
vt 0.479167 0.166667
vt 0.479167 0.250000
vt 0.479167 0.333333
vt 0.479167 0.416667
s 0
f 2509/2823/1315 2521/2824/1315 2522/2825/1315 2510/2826/1315
f 2510/2826/1316 2522/2825/1316 2523/2827/1316 2511/2828/1316
f 2511/2828/1317 2523/2827/1317 2524/2829/1317 2512/2830/1317
f 2512/2830/1318 2524/2829/1318 2525/2831/1318 2513/2832/1318
f 2513/2832/1319 2525/2831/1319 2526/2833/1319 2514/2834/1319
f 2514/2834/1320 2526/2833/1320 2527/2835/1320 2515/2836/1320
f 2515/2837/1321 2527/2838/1321 2528/2839/1321 2516/2840/1321
f 2516/2840/1322 2528/2839/1322 2529/2841/1322 2517/2842/1322
f 2517/2842/1323 2529/2841/1323 2530/2843/1323 2518/2844/1323
f 2518/2844/1324 2530/2843/1324 2531/2845/1324 2519/2846/1324
f 2519/2846/1325 2531/2845/1325 2532/2847/1325 2520/2848/1325
f 2520/2848/1326 2532/2847/1326 2521/2824/1326 2509/2823/1326
f 2521/2824/1327 2533/2849/1327 2534/2850/1327 2522/2825/1327
f 2522/2825/1328 2534/2850/1328 2535/2851/1328 2523/2827/1328
f 2523/2827/1329 2535/2851/1329 2536/2852/1329 2524/2829/1329
f 2524/2829/1330 2536/2852/1330 2537/2853/1330 2525/2831/1330
f 2525/2831/1331 2537/2853/1331 2538/2854/1331 2526/2833/1331
f 2526/2833/1332 2538/2854/1332 2539/2855/1332 2527/2835/1332
f 2527/2838/1333 2539/2856/1333 2540/2857/1333 2528/2839/1333
f 2528/2839/1334 2540/2857/1334 2541/2858/1334 2529/2841/1334
f 2529/2841/1335 2541/2858/1335 2542/2859/1335 2530/2843/1335
f 2530/2843/1336 2542/2859/1336 2543/2860/1336 2531/2845/1336
f 2531/2845/1337 2543/2860/1337 2544/2861/1337 2532/2847/1337
f 2532/2847/1338 2544/2861/1338 2533/2849/1338 2521/2824/1338
f 2533/2849/1339 2545/2862/1339 2546/2863/1339 2534/2850/1339
f 2534/2850/1340 2546/2863/1340 2547/2864/1340 2535/2851/1340
f 2535/2851/1341 2547/2864/1341 2548/2865/1341 2536/2852/1341
f 2536/2852/1342 2548/2865/1342 2549/2866/1342 2537/2853/1342
f 2537/2853/1343 2549/2866/1343 2550/2867/1343 2538/2854/1343
f 2538/2854/1344 2550/2867/1344 2551/2868/1344 2539/2855/1344
f 2539/2856/1345 2551/2869/1345 2552/2870/1345 2540/2857/1345
f 2540/2857/1346 2552/2870/1346 2553/2871/1346 2541/2858/1346
f 2541/2858/1347 2553/2871/1347 2554/2872/1347 2542/2859/1347
f 2542/2859/1348 2554/2872/1348 2555/2873/1348 2543/2860/1348
f 2543/2860/1349 2555/2873/1349 2556/2874/1349 2544/2861/1349
f 2544/2861/1350 2556/2874/1350 2545/2862/1350 2533/2849/1350
f 2545/2862/1351 2557/2875/1351 2558/2876/1351 2546/2863/1351
f 2546/2863/1352 2558/2876/1352 2559/2877/1352 2547/2864/1352
f 2547/2864/1353 2559/2877/1353 2560/2878/1353 2548/2865/1353
f 2548/2865/1354 2560/2878/1354 2561/2879/1354 2549/2866/1354
f 2549/2866/1355 2561/2879/1355 2562/2880/1355 2550/2867/1355
f 2550/2867/1356 2562/2880/1356 2563/2881/1356 2551/2868/1356
f 2551/2869/1357 2563/2882/1357 2564/2883/1357 2552/2870/1357
f 2552/2870/1358 2564/2883/1358 2565/2884/1358 2553/2871/1358
f 2553/2871/1359 2565/2884/1359 2566/2885/1359 2554/2872/1359
f 2554/2872/1360 2566/2885/1360 2567/2886/1360 2555/2873/1360
f 2555/2873/1361 2567/2886/1361 2568/2887/1361 2556/2874/1361
f 2556/2874/1362 2568/2887/1362 2557/2875/1362 2545/2862/1362
f 2557/2875/1363 2569/2888/1363 2570/2889/1363 2558/2876/1363
f 2558/2876/1364 2570/2889/1364 2571/2890/1364 2559/2877/1364
f 2559/2877/1365 2571/2890/1365 2572/2891/1365 2560/2878/1365
f 2560/2878/1366 2572/2891/1366 2573/2892/1366 2561/2879/1366
f 2561/2879/1367 2573/2892/1367 2574/2893/1367 2562/2880/1367
f 2562/2880/1368 2574/2893/1368 2575/2894/1368 2563/2881/1368
f 2563/2882/1369 2575/2895/1369 2576/2896/1369 2564/2883/1369
f 2564/2883/1370 2576/2896/1370 2577/2897/1370 2565/2884/1370
f 2565/2884/1371 2577/2897/1371 2578/2898/1371 2566/2885/1371
f 2566/2885/1372 2578/2898/1372 2579/2899/1372 2567/2886/1372
f 2567/2886/1373 2579/2899/1373 2580/2900/1373 2568/2887/1373
f 2568/2887/1374 2580/2900/1374 2569/2888/1374 2557/2875/1374
f 2569/2888/1375 2581/2901/1375 2582/2902/1375 2570/2889/1375
f 2570/2889/1376 2582/2902/1376 2583/2903/1376 2571/2890/1376
f 2571/2890/1377 2583/2903/1377 2584/2904/1377 2572/2891/1377
f 2572/2891/1378 2584/2904/1378 2585/2905/1378 2573/2892/1378
f 2573/2892/1379 2585/2905/1379 2586/2906/1379 2574/2893/1379
f 2574/2893/1380 2586/2906/1380 2587/2907/1380 2575/2894/1380
f 2575/2895/1381 2587/2908/1381 2588/2909/1381 2576/2896/1381
f 2576/2896/1382 2588/2909/1382 2589/2910/1382 2577/2897/1382
f 2577/2897/1383 2589/2910/1383 2590/2911/1383 2578/2898/1383
f 2578/2898/1384 2590/2911/1384 2591/2912/1384 2579/2899/1384
f 2579/2899/1385 2591/2912/1385 2592/2913/1385 2580/2900/1385
f 2580/2900/1386 2592/2913/1386 2581/2901/1386 2569/2888/1386
f 2581/2901/1387 2593/2914/1387 2594/2915/1387 2582/2902/1387
f 2582/2902/1388 2594/2915/1388 2595/2916/1388 2583/2903/1388
f 2583/2903/1389 2595/2916/1389 2596/2917/1389 2584/2904/1389
f 2584/2904/1390 2596/2917/1390 2597/2918/1390 2585/2905/1390
f 2585/2905/1391 2597/2918/1391 2598/2919/1391 2586/2906/1391
f 2586/2906/1392 2598/2919/1392 2599/2920/1392 2587/2907/1392
f 2587/2908/1393 2599/2921/1393 2600/2922/1393 2588/2909/1393
f 2588/2909/1394 2600/2922/1394 2601/2923/1394 2589/2910/1394
f 2589/2910/1395 2601/2923/1395 2602/2924/1395 2590/2911/1395
f 2590/2911/1396 2602/2924/1396 2603/2925/1396 2591/2912/1396
f 2591/2912/1397 2603/2925/1397 2604/2926/1397 2592/2913/1397
f 2592/2913/1398 2604/2926/1398 2593/2914/1398 2581/2901/1398
f 2593/2914/1399 2605/2927/1399 2606/2928/1399 2594/2915/1399
f 2594/2915/1400 2606/2928/1400 2607/2929/1400 2595/2916/1400
f 2595/2916/1401 2607/2929/1401 2608/2930/1401 2596/2917/1401
f 2596/2917/1402 2608/2930/1402 2609/2931/1402 2597/2918/1402
f 2597/2918/1403 2609/2931/1403 2610/2932/1403 2598/2919/1403
f 2598/2919/1404 2610/2932/1404 2611/2933/1404 2599/2920/1404
f 2599/2921/1405 2611/2934/1405 2612/2935/1405 2600/2922/1405
f 2600/2922/1406 2612/2935/1406 2613/2936/1406 2601/2923/1406
f 2601/2923/1407 2613/2936/1407 2614/2937/1407 2602/2924/1407
f 2602/2924/1408 2614/2937/1408 2615/2938/1408 2603/2925/1408
f 2603/2925/1409 2615/2938/1409 2616/2939/1409 2604/2926/1409
f 2604/2926/1410 2616/2939/1410 2605/2927/1410 2593/2914/1410
f 2605/2927/1411 2617/2940/1411 2618/2941/1411 2606/2928/1411
f 2606/2928/1412 2618/2941/1412 2619/2942/1412 2607/2929/1412
f 2607/2929/1413 2619/2942/1413 2620/2943/1413 2608/2930/1413
f 2608/2930/1414 2620/2943/1414 2621/2944/1414 2609/2931/1414
f 2609/2931/1415 2621/2944/1415 2622/2945/1415 2610/2932/1415
f 2610/2932/1416 2622/2945/1416 2623/2946/1416 2611/2933/1416
f 2611/2934/1417 2623/2947/1417 2624/2948/1417 2612/2935/1417
f 2612/2935/1418 2624/2948/1418 2625/2949/1418 2613/2936/1418
f 2613/2936/1419 2625/2949/1419 2626/2950/1419 2614/2937/1419
f 2614/2937/1420 2626/2950/1420 2627/2951/1420 2615/2938/1420
f 2615/2938/1421 2627/2951/1421 2628/2952/1421 2616/2939/1421
f 2616/2939/1422 2628/2952/1422 2617/2940/1422 2605/2927/1422
f 2617/2940/1423 2629/2953/1423 2630/2954/1423 2618/2941/1423
f 2618/2941/1424 2630/2954/1424 2631/2955/1424 2619/2942/1424
f 2619/2942/1425 2631/2955/1425 2632/2956/1425 2620/2943/1425
f 2620/2943/1426 2632/2956/1426 2633/2957/1426 2621/2944/1426
f 2621/2944/1427 2633/2957/1427 2634/2958/1427 2622/2945/1427
f 2622/2945/1428 2634/2958/1428 2635/2959/1428 2623/2946/1428
f 2623/2947/1429 2635/2960/1429 2636/2961/1429 2624/2948/1429
f 2624/2948/1430 2636/2961/1430 2637/2962/1430 2625/2949/1430
f 2625/2949/1431 2637/2962/1431 2638/2963/1431 2626/2950/1431
f 2626/2950/1432 2638/2963/1432 2639/2964/1432 2627/2951/1432
f 2627/2951/1433 2639/2964/1433 2640/2965/1433 2628/2952/1433
f 2628/2952/1434 2640/2965/1434 2629/2953/1434 2617/2940/1434
f 2629/2953/1435 2641/2966/1435 2642/2967/1435 2630/2954/1435
f 2630/2954/1436 2642/2967/1436 2643/2968/1436 2631/2955/1436
f 2631/2955/1437 2643/2968/1437 2644/2969/1437 2632/2956/1437
f 2632/2956/1438 2644/2969/1438 2645/2970/1438 2633/2957/1438
f 2633/2957/1439 2645/2970/1439 2646/2971/1439 2634/2958/1439
f 2634/2958/1440 2646/2971/1440 2647/2972/1440 2635/2959/1440
f 2635/2960/1441 2647/2973/1441 2648/2974/1441 2636/2961/1441
f 2636/2961/1442 2648/2974/1442 2649/2975/1442 2637/2962/1442
f 2637/2962/1443 2649/2975/1443 2650/2976/1443 2638/2963/1443
f 2638/2963/1444 2650/2976/1444 2651/2977/1444 2639/2964/1444
f 2639/2964/1445 2651/2977/1445 2652/2978/1445 2640/2965/1445
f 2640/2965/1446 2652/2978/1446 2641/2966/1446 2629/2953/1446
f 2641/2966/1447 2653/2979/1447 2654/2980/1447 2642/2967/1447
f 2642/2967/1448 2654/2980/1448 2655/2981/1448 2643/2968/1448
f 2643/2968/1449 2655/2981/1449 2656/2982/1449 2644/2969/1449
f 2644/2969/1450 2656/2982/1450 2657/2983/1450 2645/2970/1450
f 2645/2970/1451 2657/2983/1451 2658/2984/1451 2646/2971/1451
f 2646/2971/1452 2658/2984/1452 2659/2985/1452 2647/2972/1452
f 2647/2973/1453 2659/2986/1453 2660/2987/1453 2648/2974/1453
f 2648/2974/1454 2660/2987/1454 2661/2988/1454 2649/2975/1454
f 2649/2975/1455 2661/2988/1455 2662/2989/1455 2650/2976/1455
f 2650/2976/1456 2662/2989/1456 2663/2990/1456 2651/2977/1456
f 2651/2977/1457 2663/2990/1457 2664/2991/1457 2652/2978/1457
f 2652/2978/1458 2664/2991/1458 2653/2979/1458 2641/2966/1458
f 2653/2979/1459 2665/2992/1459 2666/2993/1459 2654/2980/1459
f 2654/2980/1460 2666/2993/1460 2667/2994/1460 2655/2981/1460
f 2655/2981/1461 2667/2994/1461 2668/2995/1461 2656/2982/1461
f 2656/2982/1462 2668/2995/1462 2669/2996/1462 2657/2983/1462
f 2657/2983/1463 2669/2996/1463 2670/2997/1463 2658/2984/1463
f 2658/2984/1464 2670/2997/1464 2671/2998/1464 2659/2985/1464
f 2659/2986/1465 2671/2999/1465 2672/3000/1465 2660/2987/1465
f 2660/2987/1466 2672/3000/1466 2673/3001/1466 2661/2988/1466
f 2661/2988/1467 2673/3001/1467 2674/3002/1467 2662/2989/1467
f 2662/2989/1468 2674/3002/1468 2675/3003/1468 2663/2990/1468
f 2663/2990/1469 2675/3003/1469 2676/3004/1469 2664/2991/1469
f 2664/2991/1470 2676/3004/1470 2665/2992/1470 2653/2979/1470
f 2665/2992/1471 2677/3005/1471 2678/3006/1471 2666/2993/1471
f 2666/2993/1472 2678/3006/1472 2679/3007/1472 2667/2994/1472
f 2667/2994/1473 2679/3007/1473 2680/3008/1473 2668/2995/1473
f 2668/2995/1474 2680/3008/1474 2681/3009/1474 2669/2996/1474
f 2669/2996/1475 2681/3009/1475 2682/3010/1475 2670/2997/1475
f 2670/2997/1476 2682/3010/1476 2683/3011/1476 2671/2998/1476
f 2671/2999/1477 2683/3012/1477 2684/3013/1477 2672/3000/1477
f 2672/3000/1478 2684/3013/1478 2685/3014/1478 2673/3001/1478
f 2673/3001/1479 2685/3014/1479 2686/3015/1479 2674/3002/1479
f 2674/3002/1480 2686/3015/1480 2687/3016/1480 2675/3003/1480
f 2675/3003/1481 2687/3016/1481 2688/3017/1481 2676/3004/1481
f 2676/3004/1482 2688/3017/1482 2677/3005/1482 2665/2992/1482
f 2677/3005/1483 2689/3018/1483 2690/3019/1483 2678/3006/1483
f 2678/3006/1484 2690/3019/1484 2691/3020/1484 2679/3007/1484
f 2679/3007/1485 2691/3020/1485 2692/3021/1485 2680/3008/1485
f 2680/3008/1486 2692/3021/1486 2693/3022/1486 2681/3009/1486
f 2681/3009/1487 2693/3022/1487 2694/3023/1487 2682/3010/1487
f 2682/3010/1488 2694/3023/1488 2695/3024/1488 2683/3011/1488
f 2683/3012/1489 2695/3025/1489 2696/3026/1489 2684/3013/1489
f 2684/3013/1490 2696/3026/1490 2697/3027/1490 2685/3014/1490
f 2685/3014/1491 2697/3027/1491 2698/3028/1491 2686/3015/1491
f 2686/3015/1492 2698/3028/1492 2699/3029/1492 2687/3016/1492
f 2687/3016/1493 2699/3029/1493 2700/3030/1493 2688/3017/1493
f 2688/3017/1494 2700/3030/1494 2689/3018/1494 2677/3005/1494
f 2689/3018/1495 2701/3031/1495 2702/3032/1495 2690/3019/1495
f 2690/3019/1496 2702/3032/1496 2703/3033/1496 2691/3020/1496
f 2691/3020/1497 2703/3033/1497 2704/3034/1497 2692/3021/1497
f 2692/3021/1498 2704/3034/1498 2705/3035/1498 2693/3022/1498
f 2693/3022/1499 2705/3035/1499 2706/3036/1499 2694/3023/1499
f 2694/3023/1500 2706/3036/1500 2707/3037/1500 2695/3024/1500
f 2695/3025/1501 2707/3038/1501 2708/3039/1501 2696/3026/1501
f 2696/3026/1502 2708/3039/1502 2709/3040/1502 2697/3027/1502
f 2697/3027/1503 2709/3040/1503 2710/3041/1503 2698/3028/1503
f 2698/3028/1504 2710/3041/1504 2711/3042/1504 2699/3029/1504
f 2699/3029/1505 2711/3042/1505 2712/3043/1505 2700/3030/1505
f 2700/3030/1506 2712/3043/1506 2701/3031/1506 2689/3018/1506
f 2701/3031/1507 2713/3044/1507 2714/3045/1507 2702/3032/1507
f 2702/3032/1508 2714/3045/1508 2715/3046/1508 2703/3033/1508
f 2703/3033/1509 2715/3046/1509 2716/3047/1509 2704/3034/1509
f 2704/3034/1510 2716/3047/1510 2717/3048/1510 2705/3035/1510
f 2705/3035/1511 2717/3048/1511 2718/3049/1511 2706/3036/1511
f 2706/3036/1512 2718/3049/1512 2719/3050/1512 2707/3037/1512
f 2707/3038/1513 2719/3051/1513 2720/3052/1513 2708/3039/1513
f 2708/3039/1514 2720/3052/1514 2721/3053/1514 2709/3040/1514
f 2709/3040/1515 2721/3053/1515 2722/3054/1515 2710/3041/1515
f 2710/3041/1516 2722/3054/1516 2723/3055/1516 2711/3042/1516
f 2711/3042/1517 2723/3055/1517 2724/3056/1517 2712/3043/1517
f 2712/3043/1518 2724/3056/1518 2713/3044/1518 2701/3031/1518
f 2713/3044/1519 2725/3057/1519 2726/3058/1519 2714/3045/1519
f 2714/3045/1520 2726/3058/1520 2727/3059/1520 2715/3046/1520
f 2715/3046/1521 2727/3059/1521 2728/3060/1521 2716/3047/1521
f 2716/3047/1522 2728/3060/1522 2729/3061/1522 2717/3048/1522
f 2717/3048/1523 2729/3061/1523 2730/3062/1523 2718/3049/1523
f 2718/3049/1524 2730/3062/1524 2731/3063/1524 2719/3050/1524
f 2719/3051/1525 2731/3064/1525 2732/3065/1525 2720/3052/1525
f 2720/3052/1526 2732/3065/1526 2733/3066/1526 2721/3053/1526
f 2721/3053/1527 2733/3066/1527 2734/3067/1527 2722/3054/1527
f 2722/3054/1528 2734/3067/1528 2735/3068/1528 2723/3055/1528
f 2723/3055/1529 2735/3068/1529 2736/3069/1529 2724/3056/1529
f 2724/3056/1530 2736/3069/1530 2725/3057/1530 2713/3044/1530
f 2725/3057/1531 2737/3070/1531 2738/3071/1531 2726/3058/1531
f 2726/3058/1532 2738/3071/1532 2739/3072/1532 2727/3059/1532
f 2727/3059/1533 2739/3072/1533 2740/3073/1533 2728/3060/1533
f 2728/3060/1534 2740/3073/1534 2741/3074/1534 2729/3061/1534
f 2729/3061/1535 2741/3074/1535 2742/3075/1535 2730/3062/1535
f 2730/3062/1536 2742/3075/1536 2743/3076/1536 2731/3063/1536
f 2731/3064/1537 2743/3077/1537 2744/3078/1537 2732/3065/1537
f 2732/3065/1538 2744/3078/1538 2745/3079/1538 2733/3066/1538
f 2733/3066/1539 2745/3079/1539 2746/3080/1539 2734/3067/1539
f 2734/3067/1540 2746/3080/1540 2747/3081/1540 2735/3068/1540
f 2735/3068/1541 2747/3081/1541 2748/3082/1541 2736/3069/1541
f 2736/3069/1542 2748/3082/1542 2737/3070/1542 2725/3057/1542
f 2737/3070/1543 2749/3083/1543 2750/3084/1543 2738/3071/1543
f 2738/3071/1544 2750/3084/1544 2751/3085/1544 2739/3072/1544
f 2739/3072/1545 2751/3085/1545 2752/3086/1545 2740/3073/1545
f 2740/3073/1546 2752/3086/1546 2753/3087/1546 2741/3074/1546
f 2741/3074/1547 2753/3087/1547 2754/3088/1547 2742/3075/1547
f 2742/3075/1548 2754/3088/1548 2755/3089/1548 2743/3076/1548
f 2743/3077/1549 2755/3090/1549 2756/3091/1549 2744/3078/1549
f 2744/3078/1550 2756/3091/1550 2757/3092/1550 2745/3079/1550
f 2745/3079/1551 2757/3092/1551 2758/3093/1551 2746/3080/1551
f 2746/3080/1552 2758/3093/1552 2759/3094/1552 2747/3081/1552
f 2747/3081/1553 2759/3094/1553 2760/3095/1553 2748/3082/1553
f 2748/3082/1554 2760/3095/1554 2749/3083/1554 2737/3070/1554
f 2749/3083/1555 2761/3096/1555 2762/3097/1555 2750/3084/1555
f 2750/3084/1556 2762/3097/1556 2763/3098/1556 2751/3085/1556
f 2751/3085/1557 2763/3098/1557 2764/3099/1557 2752/3086/1557
f 2752/3086/1558 2764/3099/1558 2765/3100/1558 2753/3087/1558
f 2753/3087/1559 2765/3100/1559 2766/3101/1559 2754/3088/1559
f 2754/3088/1560 2766/3101/1560 2767/3102/1560 2755/3089/1560
f 2755/3090/1561 2767/3103/1561 2768/3104/1561 2756/3091/1561
f 2756/3091/1562 2768/3104/1562 2769/3105/1562 2757/3092/1562
f 2757/3092/1563 2769/3105/1563 2770/3106/1563 2758/3093/1563
f 2758/3093/1564 2770/3106/1564 2771/3107/1564 2759/3094/1564
f 2759/3094/1565 2771/3107/1565 2772/3108/1565 2760/3095/1565
f 2760/3095/1566 2772/3108/1566 2761/3096/1566 2749/3083/1566
f 2761/3096/1567 2773/3109/1567 2774/3110/1567 2762/3097/1567
f 2762/3097/1568 2774/3110/1568 2775/3111/1568 2763/3098/1568
f 2763/3098/1569 2775/3111/1569 2776/3112/1569 2764/3099/1569
f 2764/3099/1570 2776/3112/1570 2777/3113/1570 2765/3100/1570
f 2765/3100/1571 2777/3113/1571 2778/3114/1571 2766/3101/1571
f 2766/3101/1572 2778/3114/1572 2779/3115/1572 2767/3102/1572
f 2767/3103/1573 2779/3116/1573 2780/3117/1573 2768/3104/1573
f 2768/3104/1574 2780/3117/1574 2781/3118/1574 2769/3105/1574
f 2769/3105/1575 2781/3118/1575 2782/3119/1575 2770/3106/1575
f 2770/3106/1576 2782/3119/1576 2783/3120/1576 2771/3107/1576
f 2771/3107/1577 2783/3120/1577 2784/3121/1577 2772/3108/1577
f 2772/3108/1578 2784/3121/1578 2773/3109/1578 2761/3096/1578
f 2773/3109/1579 2785/3122/1579 2786/3123/1579 2774/3110/1579
f 2774/3110/1580 2786/3123/1580 2787/3124/1580 2775/3111/1580
f 2775/3111/1581 2787/3124/1581 2788/3125/1581 2776/3112/1581
f 2776/3112/1582 2788/3125/1582 2789/3126/1582 2777/3113/1582
f 2777/3113/1583 2789/3126/1583 2790/3127/1583 2778/3114/1583
f 2778/3114/1584 2790/3127/1584 2791/3128/1584 2779/3115/1584
f 2779/3116/1585 2791/3129/1585 2792/3130/1585 2780/3117/1585
f 2780/3117/1586 2792/3130/1586 2793/3131/1586 2781/3118/1586
f 2781/3118/1587 2793/3131/1587 2794/3132/1587 2782/3119/1587
f 2782/3119/1588 2794/3132/1588 2795/3133/1588 2783/3120/1588
f 2783/3120/1589 2795/3133/1589 2796/3134/1589 2784/3121/1589
f 2784/3121/1590 2796/3134/1590 2785/3122/1590 2773/3109/1590
f 2785/3122/1591 2797/3135/1591 2798/3136/1591 2786/3123/1591
f 2786/3123/1592 2798/3136/1592 2799/3137/1592 2787/3124/1592
f 2787/3124/1593 2799/3137/1593 2800/3138/1593 2788/3125/1593
f 2788/3125/1594 2800/3138/1594 2801/3139/1594 2789/3126/1594
f 2789/3126/1595 2801/3139/1595 2802/3140/1595 2790/3127/1595
f 2790/3127/1596 2802/3140/1596 2803/3141/1596 2791/3128/1596
f 2791/3129/1597 2803/3142/1597 2804/3143/1597 2792/3130/1597
f 2792/3130/1598 2804/3143/1598 2805/3144/1598 2793/3131/1598
f 2793/3131/1599 2805/3144/1599 2806/3145/1599 2794/3132/1599
f 2794/3132/1600 2806/3145/1600 2807/3146/1600 2795/3133/1600
f 2795/3133/1601 2807/3146/1601 2808/3147/1601 2796/3134/1601
f 2796/3134/1602 2808/3147/1602 2797/3135/1602 2785/3122/1602
f 2797/3148/1320 2809/3149/1320 2810/3150/1320 2798/3151/1320
f 2798/3151/1319 2810/3150/1319 2811/3152/1319 2799/3153/1319
f 2799/3153/1318 2811/3152/1318 2812/3154/1318 2800/3155/1318
f 2800/3155/1317 2812/3154/1317 2813/3156/1317 2801/3157/1317
f 2801/3157/1316 2813/3156/1316 2814/3158/1316 2802/3159/1316
f 2802/3159/1315 2814/3158/1315 2815/3160/1315 2803/3161/1315
f 2803/3162/1326 2815/3163/1326 2816/3164/1326 2804/3165/1326
f 2804/3165/1325 2816/3164/1325 2817/3166/1325 2805/3167/1325
f 2805/3167/1324 2817/3166/1324 2818/3168/1324 2806/3169/1324
f 2806/3169/1323 2818/3168/1323 2819/3170/1323 2807/3171/1323
f 2807/3171/1322 2819/3170/1322 2820/3172/1322 2808/3173/1322
f 2808/3173/1321 2820/3172/1321 2809/3149/1321 2797/3148/1321
f 2809/3149/1332 2821/3174/1332 2822/3175/1332 2810/3150/1332
f 2810/3150/1331 2822/3175/1331 2823/3176/1331 2811/3152/1331
f 2811/3152/1330 2823/3176/1330 2824/3177/1330 2812/3154/1330
f 2812/3154/1329 2824/3177/1329 2825/3178/1329 2813/3156/1329
f 2813/3156/1328 2825/3178/1328 2826/3179/1328 2814/3158/1328
f 2814/3158/1327 2826/3179/1327 2827/3180/1327 2815/3160/1327
f 2815/3163/1338 2827/3181/1338 2828/3182/1338 2816/3164/1338
f 2816/3164/1337 2828/3182/1337 2829/3183/1337 2817/3166/1337
f 2817/3166/1336 2829/3183/1336 2830/3184/1336 2818/3168/1336
f 2818/3168/1335 2830/3184/1335 2831/3185/1335 2819/3170/1335
f 2819/3170/1334 2831/3185/1334 2832/3186/1334 2820/3172/1334
f 2820/3172/1333 2832/3186/1333 2821/3174/1333 2809/3149/1333
f 2821/3174/1344 2833/3187/1344 2834/3188/1344 2822/3175/1344
f 2822/3175/1343 2834/3188/1343 2835/3189/1343 2823/3176/1343
f 2823/3176/1342 2835/3189/1342 2836/3190/1342 2824/3177/1342
f 2824/3177/1341 2836/3190/1341 2837/3191/1341 2825/3178/1341
f 2825/3178/1340 2837/3191/1340 2838/3192/1340 2826/3179/1340
f 2826/3179/1339 2838/3192/1339 2839/3193/1339 2827/3180/1339
f 2827/3181/1350 2839/3194/1350 2840/3195/1350 2828/3182/1350
f 2828/3182/1349 2840/3195/1349 2841/3196/1349 2829/3183/1349
f 2829/3183/1348 2841/3196/1348 2842/3197/1348 2830/3184/1348
f 2830/3184/1347 2842/3197/1347 2843/3198/1347 2831/3185/1347
f 2831/3185/1346 2843/3198/1346 2844/3199/1346 2832/3186/1346
f 2832/3186/1345 2844/3199/1345 2833/3187/1345 2821/3174/1345
f 2833/3187/1356 2845/3200/1356 2846/3201/1356 2834/3188/1356
f 2834/3188/1355 2846/3201/1355 2847/3202/1355 2835/3189/1355
f 2835/3189/1354 2847/3202/1354 2848/3203/1354 2836/3190/1354
f 2836/3190/1353 2848/3203/1353 2849/3204/1353 2837/3191/1353
f 2837/3191/1352 2849/3204/1352 2850/3205/1352 2838/3192/1352
f 2838/3192/1351 2850/3205/1351 2851/3206/1351 2839/3193/1351
f 2839/3194/1362 2851/3207/1362 2852/3208/1362 2840/3195/1362
f 2840/3195/1361 2852/3208/1361 2853/3209/1361 2841/3196/1361
f 2841/3196/1360 2853/3209/1360 2854/3210/1360 2842/3197/1360
f 2842/3197/1359 2854/3210/1359 2855/3211/1359 2843/3198/1359
f 2843/3198/1358 2855/3211/1358 2856/3212/1358 2844/3199/1358
f 2844/3199/1357 2856/3212/1357 2845/3200/1357 2833/3187/1357
f 2845/3200/1368 2857/3213/1368 2858/3214/1368 2846/3201/1368
f 2846/3201/1367 2858/3214/1367 2859/3215/1367 2847/3202/1367
f 2847/3202/1366 2859/3215/1366 2860/3216/1366 2848/3203/1366
f 2848/3203/1365 2860/3216/1365 2861/3217/1365 2849/3204/1365
f 2849/3204/1364 2861/3217/1364 2862/3218/1364 2850/3205/1364
f 2850/3205/1363 2862/3218/1363 2863/3219/1363 2851/3206/1363
f 2851/3207/1374 2863/3220/1374 2864/3221/1374 2852/3208/1374
f 2852/3208/1373 2864/3221/1373 2865/3222/1373 2853/3209/1373
f 2853/3209/1372 2865/3222/1372 2866/3223/1372 2854/3210/1372
f 2854/3210/1371 2866/3223/1371 2867/3224/1371 2855/3211/1371
f 2855/3211/1370 2867/3224/1370 2868/3225/1370 2856/3212/1370
f 2856/3212/1369 2868/3225/1369 2857/3213/1369 2845/3200/1369
f 2857/3213/1380 2869/3226/1380 2870/3227/1380 2858/3214/1380
f 2858/3214/1379 2870/3227/1379 2871/3228/1379 2859/3215/1379
f 2859/3215/1378 2871/3228/1378 2872/3229/1378 2860/3216/1378
f 2860/3216/1377 2872/3229/1377 2873/3230/1377 2861/3217/1377
f 2861/3217/1376 2873/3230/1376 2874/3231/1376 2862/3218/1376
f 2862/3218/1375 2874/3231/1375 2875/3232/1375 2863/3219/1375
f 2863/3220/1386 2875/3233/1386 2876/3234/1386 2864/3221/1386
f 2864/3221/1385 2876/3234/1385 2877/3235/1385 2865/3222/1385
f 2865/3222/1384 2877/3235/1384 2878/3236/1384 2866/3223/1384
f 2866/3223/1383 2878/3236/1383 2879/3237/1383 2867/3224/1383
f 2867/3224/1382 2879/3237/1382 2880/3238/1382 2868/3225/1382
f 2868/3225/1381 2880/3238/1381 2869/3226/1381 2857/3213/1381
f 2869/3226/1392 2881/3239/1392 2882/3240/1392 2870/3227/1392
f 2870/3227/1391 2882/3240/1391 2883/3241/1391 2871/3228/1391
f 2871/3228/1390 2883/3241/1390 2884/3242/1390 2872/3229/1390
f 2872/3229/1389 2884/3242/1389 2885/3243/1389 2873/3230/1389
f 2873/3230/1388 2885/3243/1388 2886/3244/1388 2874/3231/1388
f 2874/3231/1387 2886/3244/1387 2887/3245/1387 2875/3232/1387
f 2875/3233/1398 2887/3246/1398 2888/3247/1398 2876/3234/1398
f 2876/3234/1397 2888/3247/1397 2889/3248/1397 2877/3235/1397
f 2877/3235/1396 2889/3248/1396 2890/3249/1396 2878/3236/1396
f 2878/3236/1395 2890/3249/1395 2891/3250/1395 2879/3237/1395
f 2879/3237/1394 2891/3250/1394 2892/3251/1394 2880/3238/1394
f 2880/3238/1393 2892/3251/1393 2881/3239/1393 2869/3226/1393
f 2881/3239/1404 2893/3252/1404 2894/3253/1404 2882/3240/1404
f 2882/3240/1403 2894/3253/1403 2895/3254/1403 2883/3241/1403
f 2883/3241/1402 2895/3254/1402 2896/3255/1402 2884/3242/1402
f 2884/3242/1401 2896/3255/1401 2897/3256/1401 2885/3243/1401
f 2885/3243/1400 2897/3256/1400 2898/3257/1400 2886/3244/1400
f 2886/3244/1399 2898/3257/1399 2899/3258/1399 2887/3245/1399
f 2887/3246/1410 2899/3259/1410 2900/3260/1410 2888/3247/1410
f 2888/3247/1409 2900/3260/1409 2901/3261/1409 2889/3248/1409
f 2889/3248/1408 2901/3261/1408 2902/3262/1408 2890/3249/1408
f 2890/3249/1407 2902/3262/1407 2903/3263/1407 2891/3250/1407
f 2891/3250/1406 2903/3263/1406 2904/3264/1406 2892/3251/1406
f 2892/3251/1405 2904/3264/1405 2893/3252/1405 2881/3239/1405
f 2893/3252/1416 2905/3265/1416 2906/3266/1416 2894/3253/1416
f 2894/3253/1415 2906/3266/1415 2907/3267/1415 2895/3254/1415
f 2895/3254/1414 2907/3267/1414 2908/3268/1414 2896/3255/1414
f 2896/3255/1413 2908/3268/1413 2909/3269/1413 2897/3256/1413
f 2897/3256/1412 2909/3269/1412 2910/3270/1412 2898/3257/1412
f 2898/3257/1411 2910/3270/1411 2911/3271/1411 2899/3258/1411
f 2899/3259/1422 2911/3272/1422 2912/3273/1422 2900/3260/1422
f 2900/3260/1421 2912/3273/1421 2913/3274/1421 2901/3261/1421
f 2901/3261/1420 2913/3274/1420 2914/3275/1420 2902/3262/1420
f 2902/3262/1419 2914/3275/1419 2915/3276/1419 2903/3263/1419
f 2903/3263/1418 2915/3276/1418 2916/3277/1418 2904/3264/1418
f 2904/3264/1417 2916/3277/1417 2905/3265/1417 2893/3252/1417
f 2905/3265/1428 2917/3278/1428 2918/3279/1428 2906/3266/1428
f 2906/3266/1427 2918/3279/1427 2919/3280/1427 2907/3267/1427
f 2907/3267/1426 2919/3280/1426 2920/3281/1426 2908/3268/1426
f 2908/3268/1425 2920/3281/1425 2921/3282/1425 2909/3269/1425
f 2909/3269/1424 2921/3282/1424 2922/3283/1424 2910/3270/1424
f 2910/3270/1423 2922/3283/1423 2923/3284/1423 2911/3271/1423
f 2911/3272/1434 2923/3285/1434 2924/3286/1434 2912/3273/1434
f 2912/3273/1433 2924/3286/1433 2925/3287/1433 2913/3274/1433
f 2913/3274/1432 2925/3287/1432 2926/3288/1432 2914/3275/1432
f 2914/3275/1431 2926/3288/1431 2927/3289/1431 2915/3276/1431
f 2915/3276/1430 2927/3289/1430 2928/3290/1430 2916/3277/1430
f 2916/3277/1429 2928/3290/1429 2917/3278/1429 2905/3265/1429
f 2917/3278/1440 2929/3291/1440 2930/3292/1440 2918/3279/1440
f 2918/3279/1439 2930/3292/1439 2931/3293/1439 2919/3280/1439
f 2919/3280/1438 2931/3293/1438 2932/3294/1438 2920/3281/1438
f 2920/3281/1437 2932/3294/1437 2933/3295/1437 2921/3282/1437
f 2921/3282/1436 2933/3295/1436 2934/3296/1436 2922/3283/1436
f 2922/3283/1435 2934/3296/1435 2935/3297/1435 2923/3284/1435
f 2923/3285/1446 2935/3298/1446 2936/3299/1446 2924/3286/1446
f 2924/3286/1445 2936/3299/1445 2937/3300/1445 2925/3287/1445
f 2925/3287/1444 2937/3300/1444 2938/3301/1444 2926/3288/1444
f 2926/3288/1443 2938/3301/1443 2939/3302/1443 2927/3289/1443
f 2927/3289/1442 2939/3302/1442 2940/3303/1442 2928/3290/1442
f 2928/3290/1441 2940/3303/1441 2929/3291/1441 2917/3278/1441
f 2929/3291/1452 2941/3304/1452 2942/3305/1452 2930/3292/1452
f 2930/3292/1451 2942/3305/1451 2943/3306/1451 2931/3293/1451
f 2931/3293/1450 2943/3306/1450 2944/3307/1450 2932/3294/1450
f 2932/3294/1449 2944/3307/1449 2945/3308/1449 2933/3295/1449
f 2933/3295/1448 2945/3308/1448 2946/3309/1448 2934/3296/1448
f 2934/3296/1447 2946/3309/1447 2947/3310/1447 2935/3297/1447
f 2935/3298/1458 2947/3311/1458 2948/3312/1458 2936/3299/1458
f 2936/3299/1457 2948/3312/1457 2949/3313/1457 2937/3300/1457
f 2937/3300/1456 2949/3313/1456 2950/3314/1456 2938/3301/1456
f 2938/3301/1455 2950/3314/1455 2951/3315/1455 2939/3302/1455
f 2939/3302/1454 2951/3315/1454 2952/3316/1454 2940/3303/1454
f 2940/3303/1453 2952/3316/1453 2941/3304/1453 2929/3291/1453
f 2941/3304/1464 2953/3317/1464 2954/3318/1464 2942/3305/1464
f 2942/3305/1463 2954/3318/1463 2955/3319/1463 2943/3306/1463
f 2943/3306/1462 2955/3319/1462 2956/3320/1462 2944/3307/1462
f 2944/3307/1461 2956/3320/1461 2957/3321/1461 2945/3308/1461
f 2945/3308/1460 2957/3321/1460 2958/3322/1460 2946/3309/1460
f 2946/3309/1459 2958/3322/1459 2959/3323/1459 2947/3310/1459
f 2947/3311/1470 2959/3324/1470 2960/3325/1470 2948/3312/1470
f 2948/3312/1469 2960/3325/1469 2961/3326/1469 2949/3313/1469
f 2949/3313/1468 2961/3326/1468 2962/3327/1468 2950/3314/1468
f 2950/3314/1467 2962/3327/1467 2963/3328/1467 2951/3315/1467
f 2951/3315/1466 2963/3328/1466 2964/3329/1466 2952/3316/1466
f 2952/3316/1465 2964/3329/1465 2953/3317/1465 2941/3304/1465
f 2953/3317/1476 2965/3330/1476 2966/3331/1476 2954/3318/1476
f 2954/3318/1475 2966/3331/1475 2967/3332/1475 2955/3319/1475
f 2955/3319/1474 2967/3332/1474 2968/3333/1474 2956/3320/1474
f 2956/3320/1473 2968/3333/1473 2969/3334/1473 2957/3321/1473
f 2957/3321/1472 2969/3334/1472 2970/3335/1472 2958/3322/1472
f 2958/3322/1471 2970/3335/1471 2971/3336/1471 2959/3323/1471
f 2959/3324/1482 2971/3337/1482 2972/3338/1482 2960/3325/1482
f 2960/3325/1481 2972/3338/1481 2973/3339/1481 2961/3326/1481
f 2961/3326/1480 2973/3339/1480 2974/3340/1480 2962/3327/1480
f 2962/3327/1479 2974/3340/1479 2975/3341/1479 2963/3328/1479
f 2963/3328/1478 2975/3341/1478 2976/3342/1478 2964/3329/1478
f 2964/3329/1477 2976/3342/1477 2965/3330/1477 2953/3317/1477
f 2965/3330/1488 2977/3343/1488 2978/3344/1488 2966/3331/1488
f 2966/3331/1487 2978/3344/1487 2979/3345/1487 2967/3332/1487
f 2967/3332/1486 2979/3345/1486 2980/3346/1486 2968/3333/1486
f 2968/3333/1485 2980/3346/1485 2981/3347/1485 2969/3334/1485
f 2969/3334/1484 2981/3347/1484 2982/3348/1484 2970/3335/1484
f 2970/3335/1483 2982/3348/1483 2983/3349/1483 2971/3336/1483
f 2971/3337/1494 2983/3350/1494 2984/3351/1494 2972/3338/1494
f 2972/3338/1493 2984/3351/1493 2985/3352/1493 2973/3339/1493
f 2973/3339/1492 2985/3352/1492 2986/3353/1492 2974/3340/1492
f 2974/3340/1491 2986/3353/1491 2987/3354/1491 2975/3341/1491
f 2975/3341/1490 2987/3354/1490 2988/3355/1490 2976/3342/1490
f 2976/3342/1489 2988/3355/1489 2977/3343/1489 2965/3330/1489
f 2977/3343/1500 2989/3356/1500 2990/3357/1500 2978/3344/1500
f 2978/3344/1499 2990/3357/1499 2991/3358/1499 2979/3345/1499
f 2979/3345/1498 2991/3358/1498 2992/3359/1498 2980/3346/1498
f 2980/3346/1497 2992/3359/1497 2993/3360/1497 2981/3347/1497
f 2981/3347/1496 2993/3360/1496 2994/3361/1496 2982/3348/1496
f 2982/3348/1495 2994/3361/1495 2995/3362/1495 2983/3349/1495
f 2983/3350/1506 2995/3363/1506 2996/3364/1506 2984/3351/1506
f 2984/3351/1505 2996/3364/1505 2997/3365/1505 2985/3352/1505
f 2985/3352/1504 2997/3365/1504 2998/3366/1504 2986/3353/1504
f 2986/3353/1503 2998/3366/1503 2999/3367/1503 2987/3354/1503
f 2987/3354/1502 2999/3367/1502 3000/3368/1502 2988/3355/1502
f 2988/3355/1501 3000/3368/1501 2989/3356/1501 2977/3343/1501
f 2989/3356/1512 3001/3369/1512 3002/3370/1512 2990/3357/1512
f 2990/3357/1511 3002/3370/1511 3003/3371/1511 2991/3358/1511
f 2991/3358/1510 3003/3371/1510 3004/3372/1510 2992/3359/1510
f 2992/3359/1509 3004/3372/1509 3005/3373/1509 2993/3360/1509
f 2993/3360/1508 3005/3373/1508 3006/3374/1508 2994/3361/1508
f 2994/3361/1507 3006/3374/1507 3007/3375/1507 2995/3362/1507
f 2995/3363/1518 3007/3376/1518 3008/3377/1518 2996/3364/1518
f 2996/3364/1517 3008/3377/1517 3009/3378/1517 2997/3365/1517
f 2997/3365/1516 3009/3378/1516 3010/3379/1516 2998/3366/1516
f 2998/3366/1515 3010/3379/1515 3011/3380/1515 2999/3367/1515
f 2999/3367/1514 3011/3380/1514 3012/3381/1514 3000/3368/1514
f 3000/3368/1513 3012/3381/1513 3001/3369/1513 2989/3356/1513
f 3001/3369/1524 3013/3382/1524 3014/3383/1524 3002/3370/1524
f 3002/3370/1523 3014/3383/1523 3015/3384/1523 3003/3371/1523
f 3003/3371/1522 3015/3384/1522 3016/3385/1522 3004/3372/1522
f 3004/3372/1521 3016/3385/1521 3017/3386/1521 3005/3373/1521
f 3005/3373/1520 3017/3386/1520 3018/3387/1520 3006/3374/1520
f 3006/3374/1519 3018/3387/1519 3019/3388/1519 3007/3375/1519
f 3007/3376/1530 3019/3389/1530 3020/3390/1530 3008/3377/1530
f 3008/3377/1529 3020/3390/1529 3021/3391/1529 3009/3378/1529
f 3009/3378/1528 3021/3391/1528 3022/3392/1528 3010/3379/1528
f 3010/3379/1527 3022/3392/1527 3023/3393/1527 3011/3380/1527
f 3011/3380/1526 3023/3393/1526 3024/3394/1526 3012/3381/1526
f 3012/3381/1525 3024/3394/1525 3013/3382/1525 3001/3369/1525
f 3013/3382/1536 3025/3395/1536 3026/3396/1536 3014/3383/1536
f 3014/3383/1535 3026/3396/1535 3027/3397/1535 3015/3384/1535
f 3015/3384/1534 3027/3397/1534 3028/3398/1534 3016/3385/1534
f 3016/3385/1533 3028/3398/1533 3029/3399/1533 3017/3386/1533
f 3017/3386/1532 3029/3399/1532 3030/3400/1532 3018/3387/1532
f 3018/3387/1531 3030/3400/1531 3031/3401/1531 3019/3388/1531
f 3019/3389/1542 3031/3402/1542 3032/3403/1542 3020/3390/1542
f 3020/3390/1541 3032/3403/1541 3033/3404/1541 3021/3391/1541
f 3021/3391/1540 3033/3404/1540 3034/3405/1540 3022/3392/1540
f 3022/3392/1539 3034/3405/1539 3035/3406/1539 3023/3393/1539
f 3023/3393/1538 3035/3406/1538 3036/3407/1538 3024/3394/1538
f 3024/3394/1537 3036/3407/1537 3025/3395/1537 3013/3382/1537
f 3025/3395/1548 3037/3408/1548 3038/3409/1548 3026/3396/1548
f 3026/3396/1547 3038/3409/1547 3039/3410/1547 3027/3397/1547
f 3027/3397/1546 3039/3410/1546 3040/3411/1546 3028/3398/1546
f 3028/3398/1545 3040/3411/1545 3041/3412/1545 3029/3399/1545
f 3029/3399/1544 3041/3412/1544 3042/3413/1544 3030/3400/1544
f 3030/3400/1543 3042/3413/1543 3043/3414/1543 3031/3401/1543
f 3031/3402/1554 3043/3415/1554 3044/3416/1554 3032/3403/1554
f 3032/3403/1553 3044/3416/1553 3045/3417/1553 3033/3404/1553
f 3033/3404/1552 3045/3417/1552 3046/3418/1552 3034/3405/1552
f 3034/3405/1551 3046/3418/1551 3047/3419/1551 3035/3406/1551
f 3035/3406/1550 3047/3419/1550 3048/3420/1550 3036/3407/1550
f 3036/3407/1549 3048/3420/1549 3037/3408/1549 3025/3395/1549
f 3037/3408/1560 3049/3421/1560 3050/3422/1560 3038/3409/1560
f 3038/3409/1559 3050/3422/1559 3051/3423/1559 3039/3410/1559
f 3039/3410/1558 3051/3423/1558 3052/3424/1558 3040/3411/1558
f 3040/3411/1557 3052/3424/1557 3053/3425/1557 3041/3412/1557
f 3041/3412/1556 3053/3425/1556 3054/3426/1556 3042/3413/1556
f 3042/3413/1555 3054/3426/1555 3055/3427/1555 3043/3414/1555
f 3043/3415/1566 3055/3428/1566 3056/3429/1566 3044/3416/1566
f 3044/3416/1565 3056/3429/1565 3057/3430/1565 3045/3417/1565
f 3045/3417/1564 3057/3430/1564 3058/3431/1564 3046/3418/1564
f 3046/3418/1563 3058/3431/1563 3059/3432/1563 3047/3419/1563
f 3047/3419/1562 3059/3432/1562 3060/3433/1562 3048/3420/1562
f 3048/3420/1561 3060/3433/1561 3049/3421/1561 3037/3408/1561
f 3049/3421/1572 3061/3434/1572 3062/3435/1572 3050/3422/1572
f 3050/3422/1571 3062/3435/1571 3063/3436/1571 3051/3423/1571
f 3051/3423/1570 3063/3436/1570 3064/3437/1570 3052/3424/1570
f 3052/3424/1569 3064/3437/1569 3065/3438/1569 3053/3425/1569
f 3053/3425/1568 3065/3438/1568 3066/3439/1568 3054/3426/1568
f 3054/3426/1567 3066/3439/1567 3067/3440/1567 3055/3427/1567
f 3055/3428/1578 3067/3441/1578 3068/3442/1578 3056/3429/1578
f 3056/3429/1577 3068/3442/1577 3069/3443/1577 3057/3430/1577
f 3057/3430/1576 3069/3443/1576 3070/3444/1576 3058/3431/1576
f 3058/3431/1575 3070/3444/1575 3071/3445/1575 3059/3432/1575
f 3059/3432/1574 3071/3445/1574 3072/3446/1574 3060/3433/1574
f 3060/3433/1573 3072/3446/1573 3061/3434/1573 3049/3421/1573
f 3061/3434/1584 3073/3447/1584 3074/3448/1584 3062/3435/1584
f 3062/3435/1583 3074/3448/1583 3075/3449/1583 3063/3436/1583
f 3063/3436/1582 3075/3449/1582 3076/3450/1582 3064/3437/1582
f 3064/3437/1581 3076/3450/1581 3077/3451/1581 3065/3438/1581
f 3065/3438/1580 3077/3451/1580 3078/3452/1580 3066/3439/1580
f 3066/3439/1579 3078/3452/1579 3079/3453/1579 3067/3440/1579
f 3067/3441/1590 3079/3454/1590 3080/3455/1590 3068/3442/1590
f 3068/3442/1589 3080/3455/1589 3081/3456/1589 3069/3443/1589
f 3069/3443/1588 3081/3456/1588 3082/3457/1588 3070/3444/1588
f 3070/3444/1587 3082/3457/1587 3083/3458/1587 3071/3445/1587
f 3071/3445/1586 3083/3458/1586 3084/3459/1586 3072/3446/1586
f 3072/3446/1585 3084/3459/1585 3073/3447/1585 3061/3434/1585
f 3073/3447/1596 2509/2823/1596 2510/2826/1596 3074/3448/1596
f 3074/3448/1595 2510/2826/1595 2511/2828/1595 3075/3449/1595
f 3075/3449/1594 2511/2828/1594 2512/2830/1594 3076/3450/1594
f 3076/3450/1593 2512/2830/1593 2513/2832/1593 3077/3451/1593
f 3077/3451/1592 2513/2832/1592 2514/2834/1592 3078/3452/1592
f 3078/3452/1591 2514/2834/1591 2515/2836/1591 3079/3453/1591
f 3079/3454/1602 2515/2837/1602 2516/2840/1602 3080/3455/1602
f 3080/3455/1601 2516/2840/1601 2517/2842/1601 3081/3456/1601
f 3081/3456/1600 2517/2842/1600 2518/2844/1600 3082/3457/1600
f 3082/3457/1599 2518/2844/1599 2519/2846/1599 3083/3458/1599
f 3083/3458/1598 2519/2846/1598 2520/2848/1598 3084/3459/1598
f 3084/3459/1597 2520/2848/1597 2509/2823/1597 3073/3447/1597
o Küp.009
v -2.291404 14.347564 -12.747937
v -2.291404 18.265520 -12.747937
v 1.626552 14.347564 -12.747937
v 1.626552 18.265520 -12.747937
v -2.291404 18.265520 -16.074434
v -2.291404 17.674061 -16.665894
v 1.626552 17.674061 -16.665894
v 1.626552 18.265520 -16.074434
v -2.291404 15.075306 -16.665894
v -2.291404 14.347564 -15.938150
v 1.626552 14.347564 -15.938150
v 1.626552 15.075306 -16.665894
vn -0.0000 -0.0000 1.0000
vn -0.0000 0.7071 -0.7071
vn -0.0000 1.0000 -0.0000
vn -0.0000 -0.7071 -0.7071
vn -1.0000 -0.0000 -0.0000
vn -0.0000 -1.0000 -0.0000
vn -0.0000 -0.0000 -1.0000
vn 1.0000 -0.0000 -0.0000
vt 0.375000 0.750000
vt 0.625000 0.750000
vt 0.625000 1.000000
vt 0.375000 1.000000
vt 0.625000 0.231130
vt 0.625000 0.525160
vt 0.587260 0.500000
vt 0.587260 0.250000
vt 0.875000 0.537740
vt 0.875000 0.750000
vt 0.375000 0.546436
vt 0.125000 0.546436
vt 0.125000 0.500000
vt 0.405958 0.500000
vt 0.375000 0.000000
vt 0.625000 0.000000
vt 0.421436 0.250000
vt 0.375000 0.203564
vt 0.125000 0.750000
s 0
f 3087/3460/1603 3088/3461/1603 3086/3462/1603 3085/3463/1603
f 3089/3464/1604 3092/3465/1604 3091/3466/1604 3090/3467/1604
f 3092/3465/1605 3089/3468/1605 3086/3469/1605 3088/3461/1605
f 3095/3470/1606 3094/3471/1606 3093/3472/1606 3096/3473/1606
f 3085/3474/1607 3086/3475/1607 3089/3464/1607 3090/3467/1607 3093/3476/1607 3094/3477/1607
f 3094/3471/1608 3095/3470/1608 3087/3460/1608 3085/3478/1608
f 3093/3476/1609 3090/3467/1609 3091/3466/1609 3096/3473/1609
f 3095/3470/1610 3096/3473/1610 3091/3466/1610 3092/3465/1610 3088/3461/1610 3087/3460/1610
o Küp.013
v 9.795853 4.371861 -23.632124
v 9.795853 4.463050 -23.632124
v 9.795853 4.371861 -23.723314
v 9.795853 4.463050 -23.723314
v 9.887041 4.371861 -23.632124
v 9.887041 4.463050 -23.632124
v 9.887041 4.371861 -23.723314
v 9.887041 4.463050 -23.723314
vn -1.0000 -0.0000 -0.0000
vn -0.0000 -0.0000 -1.0000
vn 1.0000 -0.0000 -0.0000
vn -0.0000 -0.0000 1.0000
vn -0.0000 -1.0000 -0.0000
vn -0.0000 1.0000 -0.0000
vt 0.375000 0.000000
vt 0.625000 0.000000
vt 0.625000 0.250000
vt 0.375000 0.250000
vt 0.625000 0.500000
vt 0.375000 0.500000
vt 0.625000 0.750000
vt 0.375000 0.750000
vt 0.625000 1.000000
vt 0.375000 1.000000
vt 0.125000 0.500000
vt 0.125000 0.750000
vt 0.875000 0.500000
vt 0.875000 0.750000
s 0
f 3097/3479/1611 3098/3480/1611 3100/3481/1611 3099/3482/1611
f 3099/3482/1612 3100/3481/1612 3104/3483/1612 3103/3484/1612
f 3103/3484/1613 3104/3483/1613 3102/3485/1613 3101/3486/1613
f 3101/3486/1614 3102/3485/1614 3098/3487/1614 3097/3488/1614
f 3099/3489/1615 3103/3484/1615 3101/3486/1615 3097/3490/1615
f 3104/3483/1616 3100/3491/1616 3098/3492/1616 3102/3485/1616
o Silindir.001
v -0.515653 16.025372 -0.075949
v -0.515653 16.025372 0.075949
v -0.315613 16.005671 -0.075949
v -0.315613 16.005671 0.075949
v -0.123260 15.947320 -0.075949
v -0.123260 15.947320 0.075949
v 0.054013 15.852566 -0.075949
v 0.054013 15.852566 0.075949
v 0.209394 15.725048 -0.075949
v 0.209394 15.725048 0.075949
v 0.336912 15.569666 -0.075949
v 0.336912 15.569666 0.075949
v 0.431667 15.392393 -0.075949
v 0.431667 15.392393 0.075949
v 0.490016 15.200040 -0.075949
v 0.490016 15.200040 0.075949
v 0.509719 15.000000 -0.075949
v 0.509719 15.000000 0.075949
v 0.490016 14.799960 -0.075949
v 0.490016 14.799960 0.075949
v 0.431667 14.607607 -0.075949
v 0.431667 14.607607 0.075949
v 0.336912 14.430334 -0.075949
v 0.336912 14.430334 0.075949
v 0.209394 14.274952 -0.075949
v 0.209394 14.274952 0.075949
v 0.054013 14.147434 -0.075949
v 0.054013 14.147434 0.075949
v -0.123260 14.052680 -0.075949
v -0.123260 14.052680 0.075949
v -0.315613 13.994330 -0.075949
v -0.315613 13.994330 0.075949
v -0.515653 13.974627 -0.075949
v -0.515653 13.974627 0.075949
v -0.715694 13.994330 -0.075949
v -0.715694 13.994330 0.075949
v -0.908046 14.052680 -0.075949
v -0.908046 14.052680 0.075949
v -1.085320 14.147434 -0.075949
v -1.085320 14.147434 0.075949
v -1.240701 14.274952 -0.075949
v -1.240701 14.274952 0.075949
v -1.368219 14.430334 -0.075949
v -1.368219 14.430334 0.075949
v -1.462974 14.607607 -0.075949
v -1.462974 14.607607 0.075949
v -1.521323 14.799960 -0.075949
v -1.521323 14.799960 0.075949
v -1.541026 15.000000 -0.075949
v -1.541026 15.000000 0.075949
v -1.521323 15.200040 -0.075949
v -1.521323 15.200040 0.075949
v -1.462974 15.392393 -0.075949
v -1.462974 15.392393 0.075949
v -1.368219 15.569666 -0.075949
v -1.368219 15.569666 0.075949
v -1.240701 15.725048 -0.075949
v -1.240701 15.725048 0.075949
v -1.085320 15.852566 -0.075949
v -1.085320 15.852566 0.075949
v -0.908046 15.947320 -0.075949
v -0.908046 15.947320 0.075949
v -0.715694 16.005671 -0.075949
v -0.715694 16.005671 0.075949
vn 0.0980 0.9952 -0.0000
vn 0.2903 0.9569 -0.0000
vn 0.4714 0.8819 -0.0000
vn 0.6344 0.7730 -0.0000
vn 0.7730 0.6344 -0.0000
vn 0.8819 0.4714 -0.0000
vn 0.9569 0.2903 -0.0000
vn 0.9952 0.0980 -0.0000
vn 0.9952 -0.0980 -0.0000
vn 0.9569 -0.2903 -0.0000
vn 0.8819 -0.4714 -0.0000
vn 0.7730 -0.6344 -0.0000
vn 0.6344 -0.7730 -0.0000
vn 0.4714 -0.8819 -0.0000
vn 0.2903 -0.9569 -0.0000
vn 0.0980 -0.9952 -0.0000
vn -0.0980 -0.9952 -0.0000
vn -0.2903 -0.9569 -0.0000
vn -0.4714 -0.8819 -0.0000
vn -0.6344 -0.7730 -0.0000
vn -0.7730 -0.6344 -0.0000
vn -0.8819 -0.4714 -0.0000
vn -0.9569 -0.2903 -0.0000
vn -0.9952 -0.0980 -0.0000
vn -0.9952 0.0980 -0.0000
vn -0.9569 0.2903 -0.0000
vn -0.8819 0.4714 -0.0000
vn -0.7730 0.6344 -0.0000
vn -0.6344 0.7730 -0.0000
vn -0.4714 0.8819 -0.0000
vn -0.0000 -0.0000 1.0000
vn -0.2903 0.9569 -0.0000
vn -0.0980 0.9952 -0.0000
vn -0.0000 -0.0000 -1.0000
vt 1.000000 0.500000
vt 1.000000 1.000000
vt 0.968750 1.000000
vt 0.968750 0.500000
vt 0.937500 1.000000
vt 0.937500 0.500000
vt 0.906250 1.000000
vt 0.906250 0.500000
vt 0.875000 1.000000
vt 0.875000 0.500000
vt 0.843750 1.000000
vt 0.843750 0.500000
vt 0.812500 1.000000
vt 0.812500 0.500000
vt 0.781250 1.000000
vt 0.781250 0.500000
vt 0.750000 1.000000
vt 0.750000 0.500000
vt 0.718750 1.000000
vt 0.718750 0.500000
vt 0.687500 1.000000
vt 0.687500 0.500000
vt 0.656250 1.000000
vt 0.656250 0.500000
vt 0.625000 1.000000
vt 0.625000 0.500000
vt 0.593750 1.000000
vt 0.593750 0.500000
vt 0.562500 1.000000
vt 0.562500 0.500000
vt 0.531250 1.000000
vt 0.531250 0.500000
vt 0.500000 1.000000
vt 0.500000 0.500000
vt 0.468750 1.000000
vt 0.468750 0.500000
vt 0.437500 1.000000
vt 0.437500 0.500000
vt 0.406250 1.000000
vt 0.406250 0.500000
vt 0.375000 1.000000
vt 0.375000 0.500000
vt 0.343750 1.000000
vt 0.343750 0.500000
vt 0.312500 1.000000
vt 0.312500 0.500000
vt 0.281250 1.000000
vt 0.281250 0.500000
vt 0.250000 1.000000
vt 0.250000 0.500000
vt 0.218750 1.000000
vt 0.218750 0.500000
vt 0.187500 1.000000
vt 0.187500 0.500000
vt 0.156250 1.000000
vt 0.156250 0.500000
vt 0.125000 1.000000
vt 0.125000 0.500000
vt 0.093750 1.000000
vt 0.093750 0.500000
vt 0.062500 1.000000
vt 0.062500 0.500000
vt 0.296822 0.485388
vt 0.250000 0.490000
vt 0.203178 0.485388
vt 0.158156 0.471731
vt 0.116663 0.449553
vt 0.080294 0.419706
vt 0.050447 0.383337
vt 0.028269 0.341844
vt 0.014612 0.296822
vt 0.010000 0.250000
vt 0.014612 0.203178
vt 0.028269 0.158156
vt 0.050447 0.116663
vt 0.080294 0.080294
vt 0.116663 0.050447
vt 0.158156 0.028269
vt 0.203178 0.014612
vt 0.250000 0.010000
vt 0.296822 0.014612
vt 0.341844 0.028269
vt 0.383337 0.050447
vt 0.419706 0.080294
vt 0.449553 0.116663
vt 0.471731 0.158156
vt 0.485388 0.203178
vt 0.490000 0.250000
vt 0.485388 0.296822
vt 0.471731 0.341844
vt 0.449553 0.383337
vt 0.419706 0.419706
vt 0.383337 0.449553
vt 0.341844 0.471731
vt 0.031250 1.000000
vt 0.031250 0.500000
vt 0.000000 1.000000
vt 0.000000 0.500000
vt 0.750000 0.490000
vt 0.796822 0.485388
vt 0.841844 0.471731
vt 0.883337 0.449553
vt 0.919706 0.419706
vt 0.949553 0.383337
vt 0.971731 0.341844
vt 0.985388 0.296822
vt 0.990000 0.250000
vt 0.985388 0.203178
vt 0.971731 0.158156
vt 0.949553 0.116663
vt 0.919706 0.080294
vt 0.883337 0.050447
vt 0.841844 0.028269
vt 0.796822 0.014612
vt 0.750000 0.010000
vt 0.703178 0.014612
vt 0.658156 0.028269
vt 0.616663 0.050447
vt 0.580294 0.080294
vt 0.550447 0.116663
vt 0.528269 0.158156
vt 0.514612 0.203178
vt 0.510000 0.250000
vt 0.514612 0.296822
vt 0.528269 0.341844
vt 0.550447 0.383337
vt 0.580294 0.419706
vt 0.616663 0.449553
vt 0.658156 0.471731
vt 0.703178 0.485388
s 0
f 3105/3493/1617 3106/3494/1617 3108/3495/1617 3107/3496/1617
f 3107/3496/1618 3108/3495/1618 3110/3497/1618 3109/3498/1618
f 3109/3498/1619 3110/3497/1619 3112/3499/1619 3111/3500/1619
f 3111/3500/1620 3112/3499/1620 3114/3501/1620 3113/3502/1620
f 3113/3502/1621 3114/3501/1621 3116/3503/1621 3115/3504/1621
f 3115/3504/1622 3116/3503/1622 3118/3505/1622 3117/3506/1622
f 3117/3506/1623 3118/3505/1623 3120/3507/1623 3119/3508/1623
f 3119/3508/1624 3120/3507/1624 3122/3509/1624 3121/3510/1624
f 3121/3510/1625 3122/3509/1625 3124/3511/1625 3123/3512/1625
f 3123/3512/1626 3124/3511/1626 3126/3513/1626 3125/3514/1626
f 3125/3514/1627 3126/3513/1627 3128/3515/1627 3127/3516/1627
f 3127/3516/1628 3128/3515/1628 3130/3517/1628 3129/3518/1628
f 3129/3518/1629 3130/3517/1629 3132/3519/1629 3131/3520/1629
f 3131/3520/1630 3132/3519/1630 3134/3521/1630 3133/3522/1630
f 3133/3522/1631 3134/3521/1631 3136/3523/1631 3135/3524/1631
f 3135/3524/1632 3136/3523/1632 3138/3525/1632 3137/3526/1632
f 3137/3526/1633 3138/3525/1633 3140/3527/1633 3139/3528/1633
f 3139/3528/1634 3140/3527/1634 3142/3529/1634 3141/3530/1634
f 3141/3530/1635 3142/3529/1635 3144/3531/1635 3143/3532/1635
f 3143/3532/1636 3144/3531/1636 3146/3533/1636 3145/3534/1636
f 3145/3534/1637 3146/3533/1637 3148/3535/1637 3147/3536/1637
f 3147/3536/1638 3148/3535/1638 3150/3537/1638 3149/3538/1638
f 3149/3538/1639 3150/3537/1639 3152/3539/1639 3151/3540/1639
f 3151/3540/1640 3152/3539/1640 3154/3541/1640 3153/3542/1640
f 3153/3542/1641 3154/3541/1641 3156/3543/1641 3155/3544/1641
f 3155/3544/1642 3156/3543/1642 3158/3545/1642 3157/3546/1642
f 3157/3546/1643 3158/3545/1643 3160/3547/1643 3159/3548/1643
f 3159/3548/1644 3160/3547/1644 3162/3549/1644 3161/3550/1644
f 3161/3550/1645 3162/3549/1645 3164/3551/1645 3163/3552/1645
f 3163/3552/1646 3164/3551/1646 3166/3553/1646 3165/3554/1646
f 3108/3555/1647 3106/3556/1647 3168/3557/1647 3166/3558/1647 3164/3559/1647 3162/3560/1647 3160/3561/1647 3158/3562/1647 3156/3563/1647 3154/3564/1647 3152/3565/1647 3150/3566/1647 3148/3567/1647 3146/3568/1647 3144/3569/1647 3142/3570/1647 3140/3571/1647 3138/3572/1647 3136/3573/1647 3134/3574/1647 3132/3575/1647 3130/3576/1647 3128/3577/1647 3126/3578/1647 3124/3579/1647 3122/3580/1647 3120/3581/1647 3118/3582/1647 3116/3583/1647 3114/3584/1647 3112/3585/1647 3110/3586/1647
f 3165/3554/1648 3166/3553/1648 3168/3587/1648 3167/3588/1648
f 3167/3588/1649 3168/3587/1649 3106/3589/1649 3105/3590/1649
f 3105/3591/1650 3107/3592/1650 3109/3593/1650 3111/3594/1650 3113/3595/1650 3115/3596/1650 3117/3597/1650 3119/3598/1650 3121/3599/1650 3123/3600/1650 3125/3601/1650 3127/3602/1650 3129/3603/1650 3131/3604/1650 3133/3605/1650 3135/3606/1650 3137/3607/1650 3139/3608/1650 3141/3609/1650 3143/3610/1650 3145/3611/1650 3147/3612/1650 3149/3613/1650 3151/3614/1650 3153/3615/1650 3155/3616/1650 3157/3617/1650 3159/3618/1650 3161/3619/1650 3163/3620/1650 3165/3621/1650 3167/3622/1650
o Küp.014
v -1.766209 12.971270 0.206570
v -1.768474 12.973215 0.278752
v 0.183368 17.361887 0.149424
v 0.181102 17.363832 0.221606
v -1.447332 12.829857 0.220389
v -1.449598 12.831802 0.292571
v 0.502244 17.220474 0.163243
v 0.499979 17.222420 0.235425
vn -0.9134 0.4051 -0.0396
vn 0.4058 0.9139 -0.0119
vn 0.9134 -0.4051 0.0396
vn -0.4058 -0.9139 0.0119
vn 0.0314 -0.0269 -0.9991
vn -0.0314 0.0269 0.9991
vt 0.375000 0.000000
vt 0.625000 0.000000
vt 0.625000 0.250000
vt 0.375000 0.250000
vt 0.625000 0.500000
vt 0.375000 0.500000
vt 0.625000 0.750000
vt 0.375000 0.750000
vt 0.625000 1.000000
vt 0.375000 1.000000
vt 0.125000 0.500000
vt 0.125000 0.750000
vt 0.875000 0.500000
vt 0.875000 0.750000
s 0
f 3169/3623/1651 3170/3624/1651 3172/3625/1651 3171/3626/1651
f 3171/3626/1652 3172/3625/1652 3176/3627/1652 3175/3628/1652
f 3175/3628/1653 3176/3627/1653 3174/3629/1653 3173/3630/1653
f 3173/3630/1654 3174/3629/1654 3170/3631/1654 3169/3632/1654
f 3171/3633/1655 3175/3628/1655 3173/3630/1655 3169/3634/1655
f 3176/3627/1656 3172/3635/1656 3170/3636/1656 3174/3629/1656
o Halka.007
v 2.087466 15.098885 0.065922
v 2.061259 15.098885 0.172250
v 1.886247 15.098885 0.293052
v 1.777535 15.098885 0.279852
v 1.687411 15.098885 0.217643
v 1.636519 15.098885 0.120677
v 1.636519 15.098885 0.011167
v 1.687411 15.098885 -0.085799
v 1.777535 15.098885 -0.148007
v 1.886247 15.098885 -0.161207
v 1.988640 15.098885 -0.122375
v 2.061259 15.098885 -0.040405
v 2.063760 15.460572 0.065922
v 2.037776 15.457151 0.172250
v 1.864262 15.434307 0.293052
v 1.756481 15.420118 0.279852
v 1.667127 15.408354 0.217643
v 1.616670 15.401711 0.120677
v 1.616670 15.401711 0.011167
v 1.667127 15.408354 -0.085799
v 1.756481 15.420118 -0.148007
v 1.864262 15.434307 -0.161207
v 1.965779 15.447673 -0.122375
v 2.037776 15.457151 -0.040405
v 1.993047 15.816071 0.065922
v 1.967732 15.809288 0.172250
v 1.798683 15.763991 0.293052
v 1.693677 15.735855 0.279852
v 1.606623 15.712529 0.217643
v 1.557465 15.699357 0.120677
v 1.557465 15.699357 0.011167
v 1.606623 15.712529 -0.085799
v 1.693677 15.735855 -0.148007
v 1.798683 15.763991 -0.161207
v 1.897588 15.790493 -0.122375
v 1.967732 15.809288 -0.040405
v 1.876536 16.159298 0.065922
v 1.852324 16.149269 0.172250
v 1.690634 16.082294 0.293052
v 1.590198 16.040693 0.279852
v 1.506933 16.006205 0.217643
v 1.459916 15.986729 0.120677
v 1.459916 15.986729 0.011167
v 1.506933 16.006205 -0.085799
v 1.590198 16.040693 -0.148007
v 1.690634 16.082294 -0.161207
v 1.785233 16.121479 -0.122375
v 1.852324 16.149269 -0.040405
v 1.716223 16.484383 0.065922
v 1.693527 16.471279 0.172250
v 1.541962 16.383774 0.293052
v 1.447815 16.329418 0.279852
v 1.369765 16.284355 0.217643
v 1.325691 16.258909 0.120677
v 1.325691 16.258909 0.011167
v 1.369765 16.284355 -0.085799
v 1.447815 16.329418 -0.148007
v 1.541962 16.383774 -0.161207
v 1.630637 16.434969 -0.122375
v 1.693527 16.471279 -0.040405
v 1.514849 16.785759 0.065922
v 1.494058 16.769806 0.172250
v 1.355211 16.663265 0.293052
v 1.268965 16.597086 0.279852
v 1.197464 16.542221 0.217643
v 1.157089 16.511240 0.120677
v 1.157089 16.511240 0.011167
v 1.197464 16.542221 -0.085799
v 1.268965 16.597086 -0.148007
v 1.355211 16.663265 -0.161207
v 1.436445 16.725597 -0.122375
v 1.494058 16.769806 -0.040405
v 1.275860 17.058273 0.065922
v 1.257329 17.039743 0.172250
v 1.133576 16.915991 0.293052
v 1.056706 16.839121 0.279852
v 0.992978 16.775393 0.217643
v 0.956992 16.739407 0.120677
v 0.956992 16.739407 0.011167
v 0.992978 16.775393 -0.085799
v 1.056706 16.839121 -0.148007
v 1.133576 16.915991 -0.161207
v 1.205980 16.988394 -0.122375
v 1.257329 17.039743 -0.040405
v 1.003346 17.297262 0.065922
v 0.987392 17.276470 0.172250
v 0.880851 17.137625 0.293052
v 0.814672 17.051378 0.279852
v 0.759808 16.979877 0.217643
v 0.728827 16.939503 0.120677
v 0.728827 16.939503 0.011167
v 0.759808 16.979877 -0.085799
v 0.814672 17.051378 -0.148007
v 0.880851 17.137625 -0.161207
v 0.943185 17.218859 -0.122375
v 0.987392 17.276470 -0.040405
v 0.701968 17.498636 0.065922
v 0.688864 17.475941 0.172250
v 0.601358 17.324375 0.293052
v 0.547003 17.230228 0.279852
v 0.501940 17.152180 0.217643
v 0.476495 17.108105 0.120677
v 0.476495 17.108105 0.011167
v 0.501940 17.152180 -0.085799
v 0.547003 17.230228 -0.148007
v 0.601358 17.324375 -0.161207
v 0.652555 17.413052 -0.122375
v 0.688864 17.475941 -0.040405
v 0.376885 17.658951 0.065922
v 0.366856 17.634737 0.172250
v 0.299882 17.473047 0.293052
v 0.258280 17.372612 0.279852
v 0.223791 17.289347 0.217643
v 0.204315 17.242329 0.120677
v 0.204315 17.242329 0.011167
v 0.223791 17.289347 -0.085799
v 0.258280 17.372612 -0.148007
v 0.299882 17.473047 -0.161207
v 0.339066 17.567648 -0.122375
v 0.366856 17.634737 -0.040405
v 0.033657 17.775461 0.065922
v 0.026874 17.750147 0.172250
v -0.018422 17.581097 0.293052
v -0.046559 17.476091 0.279852
v -0.069885 17.389036 0.217643
v -0.083057 17.339878 0.120677
v -0.083057 17.339878 0.011167
v -0.069885 17.389036 -0.085799
v -0.046559 17.476091 -0.148007
v -0.018422 17.581097 -0.161207
v 0.008079 17.680002 -0.122375
v 0.026874 17.750147 -0.040405
v -0.321842 17.846174 0.065922
v -0.325263 17.820190 0.172250
v -0.348107 17.646675 0.293052
v -0.362296 17.538895 0.279852
v -0.374060 17.449541 0.217643
v -0.380703 17.399084 0.120677
v -0.380703 17.399084 0.011167
v -0.374060 17.449541 -0.085799
v -0.362296 17.538895 -0.148007
v -0.348107 17.646675 -0.161207
v -0.334742 17.748194 -0.122375
v -0.325263 17.820190 -0.040405
v -0.683529 17.869881 0.065922
v -0.683529 17.843672 0.172250
v -0.683529 17.668661 0.293052
v -0.683529 17.559950 0.279852
v -0.683529 17.469824 0.217643
v -0.683529 17.418932 0.120677
v -0.683529 17.418932 0.011167
v -0.683529 17.469824 -0.085799
v -0.683529 17.559950 -0.148007
v -0.683529 17.668661 -0.161207
v -0.683529 17.771053 -0.122375
v -0.683529 17.843672 -0.040405
v -1.045217 17.846174 0.065922
v -1.041796 17.820190 0.172250
v -1.018953 17.646675 0.293052
v -1.004763 17.538895 0.279852
v -0.992999 17.449541 0.217643
v -0.986357 17.399084 0.120677
v -0.986357 17.399084 0.011167
v -0.992999 17.449541 -0.085799
v -1.004763 17.538895 -0.148007
v -1.018953 17.646675 -0.161207
v -1.032318 17.748194 -0.122375
v -1.041796 17.820190 -0.040405
v -1.400715 17.775461 0.065922
v -1.393932 17.750147 0.172250
v -1.348636 17.581097 0.293052
v -1.320500 17.476091 0.279852
v -1.297174 17.389036 0.217643
v -1.284002 17.339878 0.120677
v -1.284002 17.339878 0.011167
v -1.297174 17.389036 -0.085799
v -1.320500 17.476091 -0.148007
v -1.348636 17.581097 -0.161207
v -1.375137 17.680002 -0.122375
v -1.393932 17.750147 -0.040405
v -1.743944 17.658951 0.065922
v -1.733914 17.634737 0.172250
v -1.666940 17.473047 0.293052
v -1.625338 17.372612 0.279852
v -1.590849 17.289347 0.217643
v -1.571374 17.242329 0.120677
v -1.571374 17.242329 0.011167
v -1.590849 17.289347 -0.085799
v -1.625338 17.372612 -0.148007
v -1.666940 17.473047 -0.161207
v -1.706125 17.567648 -0.122375
v -1.733914 17.634737 -0.040405
v -2.069026 17.498638 0.065922
v -2.055923 17.475941 0.172250
v -1.968417 17.324375 0.293052
v -1.914061 17.230228 0.279852
v -1.868999 17.152180 0.217643
v -1.843553 17.108105 0.120677
v -1.843553 17.108105 0.011167
v -1.868999 17.152180 -0.085799
v -1.914061 17.230228 -0.148007
v -1.968417 17.324375 -0.161207
v -2.019614 17.413052 -0.122375
v -2.055923 17.475941 -0.040405
v -2.370404 17.297262 0.065922
v -2.354450 17.276470 0.172250
v -2.247910 17.137625 0.293052
v -2.181731 17.051378 0.279852
v -2.126866 16.979877 0.217643
v -2.095885 16.939503 0.120677
v -2.095885 16.939503 0.011167
v -2.126866 16.979877 -0.085799
v -2.181731 17.051378 -0.148007
v -2.247910 17.137625 -0.161207
v -2.310243 17.218859 -0.122375
v -2.354450 17.276470 -0.040405
v -2.642920 17.058273 0.065922
v -2.624388 17.039742 0.172250
v -2.500636 16.915991 0.293052
v -2.423765 16.839119 0.279852
v -2.360038 16.775393 0.217643
v -2.324052 16.739407 0.120677
v -2.324052 16.739407 0.011167
v -2.360038 16.775393 -0.085799
v -2.423765 16.839119 -0.148007
v -2.500636 16.915991 -0.161207
v -2.573039 16.988394 -0.122375
v -2.624388 17.039742 -0.040405
v -2.881908 16.785759 0.065922
v -2.861116 16.769806 0.172250
v -2.722270 16.663265 0.293052
v -2.636023 16.597086 0.279852
v -2.564523 16.542221 0.217643
v -2.524147 16.511240 0.120677
v -2.524147 16.511240 0.011167
v -2.564523 16.542221 -0.085799
v -2.636023 16.597086 -0.148007
v -2.722270 16.663265 -0.161207
v -2.803504 16.725597 -0.122375
v -2.861116 16.769806 -0.040405
v -3.083281 16.484383 0.065922
v -3.060585 16.471279 0.172250
v -2.909020 16.383774 0.293052
v -2.814874 16.329418 0.279852
v -2.736823 16.284355 0.217643
v -2.692750 16.258909 0.120677
v -2.692750 16.258909 0.011167
v -2.736823 16.284355 -0.085799
v -2.814874 16.329418 -0.148007
v -2.909020 16.383774 -0.161207
v -2.997696 16.434971 -0.122375
v -3.060585 16.471279 -0.040405
v -3.243595 16.159298 0.065922
v -3.219383 16.149269 0.172250
v -3.057693 16.082294 0.293052
v -2.957257 16.040693 0.279852
v -2.873992 16.006205 0.217643
v -2.826974 15.986729 0.120677
v -2.826974 15.986729 0.011167
v -2.873992 16.006205 -0.085799
v -2.957257 16.040693 -0.148007
v -3.057693 16.082294 -0.161207
v -3.152292 16.121479 -0.122375
v -3.219383 16.149269 -0.040405
v -3.360105 15.816071 0.065922
v -3.334791 15.809288 0.172250
v -3.165742 15.763991 0.293052
v -3.060735 15.735855 0.279852
v -2.973682 15.712528 0.217643
v -2.924524 15.699357 0.120677
v -2.924524 15.699357 0.011167
v -2.973682 15.712528 -0.085799
v -3.060735 15.735855 -0.148007
v -3.165742 15.763991 -0.161207
v -3.264647 15.790493 -0.122375
v -3.334791 15.809288 -0.040405
v -3.430818 15.460572 0.065922
v -3.404835 15.457151 0.172250
v -3.231320 15.434308 0.293052
v -3.123539 15.420118 0.279852
v -3.034185 15.408355 0.217643
v -2.983729 15.401711 0.120677
v -2.983729 15.401711 0.011167
v -3.034185 15.408355 -0.085799
v -3.123539 15.420118 -0.148007
v -3.231320 15.434308 -0.161207
v -3.332838 15.447673 -0.122375
v -3.404835 15.457151 -0.040405
v -3.454525 15.098885 0.065922
v -3.428317 15.098885 0.172250
v -3.253305 15.098885 0.293052
v -3.144594 15.098885 0.279852
v -3.054469 15.098885 0.217643
v -3.003577 15.098885 0.120677
v -3.003577 15.098885 0.011167
v -3.054469 15.098885 -0.085799
v -3.144594 15.098885 -0.148007
v -3.253305 15.098885 -0.161207
v -3.355699 15.098885 -0.122375
v -3.428317 15.098885 -0.040405
v -3.430818 14.737197 0.065922
v -3.404835 14.740618 0.172250
v -3.231320 14.763461 0.293052
v -3.123539 14.777651 0.279852
v -3.034185 14.789414 0.217643
v -2.983729 14.796058 0.120677
v -2.983729 14.796058 0.011167
v -3.034185 14.789414 -0.085799
v -3.123539 14.777651 -0.148007
v -3.231320 14.763461 -0.161207
v -3.332838 14.750096 -0.122375
v -3.404835 14.740618 -0.040405
v -3.360105 14.381699 0.065922
v -3.334791 14.388481 0.172250
v -3.165742 14.433778 0.293052
v -3.060735 14.461914 0.279852
v -2.973682 14.485241 0.217643
v -2.924524 14.498412 0.120677
v -2.924524 14.498412 0.011167
v -2.973682 14.485241 -0.085799
v -3.060735 14.461914 -0.148007
v -3.165742 14.433778 -0.161207
v -3.264647 14.407276 -0.122375
v -3.334791 14.388481 -0.040405
v -3.243596 14.038471 0.065922
v -3.219383 14.048501 0.172250
v -3.057693 14.115475 0.293052
v -2.957257 14.157077 0.279852
v -2.873993 14.191566 0.217643
v -2.826975 14.211041 0.120677
v -2.826975 14.211041 0.011167
v -2.873993 14.191566 -0.085799
v -2.957257 14.157077 -0.148008
v -3.057693 14.115475 -0.161207
v -3.152292 14.076290 -0.122375
v -3.219383 14.048501 -0.040406
v -3.083282 13.713387 0.065922
v -3.060586 13.726491 0.172250
v -2.909021 13.813997 0.293052
v -2.814874 13.868353 0.279852
v -2.736824 13.913415 0.217643
v -2.692750 13.938861 0.120677
v -2.692750 13.938861 0.011167
v -2.736824 13.913415 -0.085799
v -2.814874 13.868353 -0.148008
v -2.909021 13.813997 -0.161207
v -2.997696 13.762800 -0.122375
v -3.060586 13.726491 -0.040406
v -2.881908 13.412009 0.065922
v -2.861116 13.427963 0.172250
v -2.722270 13.534504 0.293052
v -2.636023 13.600683 0.279852
v -2.564523 13.655548 0.217643
v -2.524147 13.686529 0.120677
v -2.524147 13.686529 0.011167
v -2.564523 13.655548 -0.085799
v -2.636023 13.600683 -0.148008
v -2.722270 13.534504 -0.161207
v -2.803504 13.472171 -0.122375
v -2.861116 13.427963 -0.040406
v -2.642920 13.139496 0.065922
v -2.624388 13.158027 0.172250
v -2.500636 13.281779 0.293052
v -2.423765 13.358649 0.279852
v -2.360038 13.422378 0.217643
v -2.324052 13.458364 0.120677
v -2.324052 13.458364 0.011167
v -2.360038 13.422378 -0.085799
v -2.423765 13.358649 -0.148008
v -2.500636 13.281779 -0.161207
v -2.573039 13.209375 -0.122375
v -2.624388 13.158027 -0.040406
v -2.370406 12.900507 0.065922
v -2.354452 12.921299 0.172250
v -2.247911 13.060145 0.293052
v -2.181732 13.146391 0.279852
v -2.126867 13.217893 0.217643
v -2.095886 13.258267 0.120677
v -2.095886 13.258267 0.011167
v -2.126867 13.217893 -0.085799
v -2.181732 13.146391 -0.148008
v -2.247911 13.060145 -0.161207
v -2.310244 12.978910 -0.122375
v -2.354452 12.921299 -0.040406
v -2.069026 12.699132 0.065922
v -2.055923 12.721828 0.172250
v -1.968417 12.873393 0.293052
v -1.914061 12.967540 0.279852
v -1.868999 13.045590 0.217643
v -1.843553 13.089664 0.120677
v -1.843553 13.089664 0.011167
v -1.868999 13.045590 -0.085799
v -1.914061 12.967540 -0.148008
v -1.968417 12.873393 -0.161208
v -2.019614 12.784718 -0.122375
v -2.055923 12.721828 -0.040406
v -1.743944 12.538818 0.065922
v -1.733914 12.563031 0.172250
v -1.666940 12.724721 0.293052
v -1.625338 12.825157 0.279852
v -1.590849 12.908422 0.217643
v -1.571374 12.955440 0.120677
v -1.571374 12.955440 0.011167
v -1.590849 12.908422 -0.085799
v -1.625338 12.825157 -0.148008
v -1.666940 12.724721 -0.161208
v -1.706125 12.630122 -0.122375
v -1.733914 12.563031 -0.040406
v -1.400717 12.422309 0.065922
v -1.393934 12.447623 0.172250
v -1.348637 12.616672 0.293052
v -1.320501 12.721679 0.279852
v -1.297175 12.808733 0.217643
v -1.284003 12.857890 0.120677
v -1.284003 12.857890 0.011167
v -1.297175 12.808733 -0.085799
v -1.320501 12.721679 -0.148008
v -1.348637 12.616672 -0.161208
v -1.375139 12.517767 -0.122375
v -1.393934 12.447623 -0.040406
v -1.045218 12.351596 0.065922
v -1.041798 12.377579 0.172250
v -1.018954 12.551094 0.293052
v -1.004764 12.658875 0.279852
v -0.993001 12.748228 0.217643
v -0.986358 12.798685 0.120677
v -0.986358 12.798685 0.011167
v -0.993001 12.748228 -0.085799
v -1.004764 12.658875 -0.148008
v -1.018954 12.551094 -0.161208
v -1.032319 12.449576 -0.122375
v -1.041798 12.377579 -0.040406
v -0.683529 12.327889 0.065922
v -0.683529 12.354096 0.172250
v -0.683529 12.529108 0.293052
v -0.683529 12.637819 0.279852
v -0.683529 12.727944 0.217643
v -0.683529 12.778836 0.120677
v -0.683529 12.778836 0.011167
v -0.683529 12.727944 -0.085799
v -0.683529 12.637819 -0.148008
v -0.683529 12.529108 -0.161208
v -0.683529 12.426715 -0.122375
v -0.683529 12.354096 -0.040406
v -0.321842 12.351595 0.065922
v -0.325263 12.377579 0.172250
v -0.348107 12.551093 0.293052
v -0.362296 12.658875 0.279852
v -0.374060 12.748228 0.217643
v -0.380703 12.798685 0.120677
v -0.380703 12.798685 0.011167
v -0.374060 12.748228 -0.085799
v -0.362296 12.658875 -0.148008
v -0.348107 12.551093 -0.161208
v -0.334742 12.449575 -0.122375
v -0.325263 12.377579 -0.040406
v 0.033656 12.422308 0.065922
v 0.026873 12.447622 0.172250
v -0.018424 12.616672 0.293052
v -0.046560 12.721679 0.279852
v -0.069886 12.808732 0.217643
v -0.083058 12.857890 0.120677
v -0.083058 12.857890 0.011167
v -0.069886 12.808732 -0.085799
v -0.046560 12.721679 -0.148008
v -0.018424 12.616672 -0.161208
v 0.008078 12.517767 -0.122375
v 0.026873 12.447622 -0.040406
v 0.376885 12.538819 0.065922
v 0.366856 12.563031 0.172250
v 0.299882 12.724722 0.293052
v 0.258280 12.825157 0.279852
v 0.223791 12.908422 0.217643
v 0.204315 12.955440 0.120677
v 0.204315 12.955440 0.011167
v 0.223791 12.908422 -0.085799
v 0.258280 12.825157 -0.148008
v 0.299882 12.724722 -0.161208
v 0.339066 12.630122 -0.122375
v 0.366856 12.563031 -0.040406
v 0.701968 12.699132 0.065922
v 0.688864 12.721828 0.172250
v 0.601358 12.873393 0.293052
v 0.547003 12.967540 0.279852
v 0.501940 13.045590 0.217643
v 0.476495 13.089664 0.120677
v 0.476495 13.089664 0.011167
v 0.501940 13.045590 -0.085799
v 0.547003 12.967540 -0.148008
v 0.601358 12.873393 -0.161208
v 0.652555 12.784718 -0.122375
v 0.688864 12.721828 -0.040406
v 1.003345 12.900506 0.065922
v 0.987391 12.921297 0.172250
v 0.880850 13.060143 0.293052
v 0.814671 13.146390 0.279852
v 0.759807 13.217891 0.217643
v 0.728826 13.258266 0.120677
v 0.728826 13.258266 0.011167
v 0.759807 13.217891 -0.085799
v 0.814671 13.146390 -0.148008
v 0.880850 13.060143 -0.161207
v 0.943184 12.978909 -0.122375
v 0.987391 12.921297 -0.040406
v 1.275859 13.139494 0.065922
v 1.257328 13.158026 0.172250
v 1.133576 13.281777 0.293052
v 1.056705 13.358648 0.279852
v 0.992977 13.422376 0.217643
v 0.956991 13.458362 0.120677
v 0.956991 13.458362 0.011167
v 0.992977 13.422376 -0.085799
v 1.056705 13.358648 -0.148008
v 1.133576 13.281777 -0.161207
v 1.205979 13.209374 -0.122375
v 1.257328 13.158026 -0.040406
v 1.514849 13.412010 0.065922
v 1.494058 13.427964 0.172250
v 1.355211 13.534504 0.293052
v 1.268965 13.600683 0.279852
v 1.197464 13.655548 0.217643
v 1.157089 13.686529 0.120677
v 1.157089 13.686529 0.011167
v 1.197464 13.655548 -0.085799
v 1.268965 13.600683 -0.148008
v 1.355211 13.534504 -0.161207
v 1.436445 13.472171 -0.122375
v 1.494058 13.427964 -0.040406
v 1.716223 13.713387 0.065922
v 1.693527 13.726490 0.172250
v 1.541962 13.813996 0.293052
v 1.447815 13.868352 0.279852
v 1.369765 13.913414 0.217643
v 1.325691 13.938860 0.120677
v 1.325691 13.938860 0.011167
v 1.369765 13.913414 -0.085799
v 1.447815 13.868352 -0.148008
v 1.541962 13.813996 -0.161207
v 1.630637 13.762799 -0.122375
v 1.693527 13.726490 -0.040406
v 1.876536 14.038469 0.065922
v 1.852324 14.048499 0.172250
v 1.690634 14.115473 0.293052
v 1.590198 14.157075 0.279852
v 1.506933 14.191565 0.217643
v 1.459915 14.211040 0.120677
v 1.459915 14.211040 0.011167
v 1.506933 14.191565 -0.085799
v 1.590198 14.157075 -0.148008
v 1.690634 14.115473 -0.161207
v 1.785233 14.076288 -0.122375
v 1.852324 14.048499 -0.040406
v 1.993047 14.381699 0.065922
v 1.967732 14.388482 0.172250
v 1.798684 14.433779 0.293052
v 1.693677 14.461915 0.279852
v 1.606623 14.485241 0.217643
v 1.557465 14.498412 0.120677
v 1.557465 14.498412 0.011167
v 1.606623 14.485241 -0.085799
v 1.693677 14.461915 -0.148007
v 1.798684 14.433779 -0.161207
v 1.897588 14.407277 -0.122375
v 1.967732 14.388482 -0.040405
v 2.063760 14.737197 0.065922
v 2.037776 14.740618 0.172250
v 1.864262 14.763462 0.293052
v 1.756481 14.777651 0.279852
v 1.667127 14.789415 0.217643
v 1.616670 14.796058 0.120677
v 1.616670 14.796058 0.011167
v 1.667127 14.789415 -0.085799
v 1.756481 14.777651 -0.148007
v 1.864262 14.763462 -0.161207
v 1.965779 14.750096 -0.122375
v 2.037776 14.740618 -0.040405
vn 0.9690 0.0635 0.2388
vn -0.1205 -0.0079 0.9927
vn -0.5677 -0.0372 0.8224
vn -0.8840 -0.0579 0.4639
vn -0.9979 -0.0654 -0.0000
vn -0.8840 -0.0579 -0.4639
vn -0.5677 -0.0372 -0.8224
vn -0.1205 -0.0079 -0.9927
vn 0.3545 0.0232 -0.9348
vn 0.7476 0.0490 -0.6623
vn 0.9690 0.0635 -0.2388
vn 0.9524 0.1894 0.2388
vn -0.1185 -0.0236 0.9927
vn -0.5580 -0.1110 0.8224
vn -0.8688 -0.1728 0.4639
vn -0.9808 -0.1951 -0.0000
vn -0.8688 -0.1728 -0.4639
vn -0.5580 -0.1110 -0.8224
vn -0.1185 -0.0236 -0.9927
vn 0.3484 0.0693 -0.9348
vn 0.7348 0.1462 -0.6623
vn 0.9524 0.1894 -0.2388
vn 0.9195 0.3121 0.2388
vn -0.1144 -0.0388 0.9927
vn -0.5387 -0.1829 0.8224
vn -0.8389 -0.2848 0.4639
vn -0.9469 -0.3214 -0.0000
vn -0.8389 -0.2848 -0.4639
vn -0.5387 -0.1829 -0.8224
vn -0.1144 -0.0388 -0.9927
vn 0.3364 0.1142 -0.9348
vn 0.7095 0.2408 -0.6623
vn 0.9195 0.3121 -0.2388
vn 0.8709 0.4295 0.2388
vn -0.1083 -0.0534 0.9927
vn -0.5102 -0.2516 0.8224
vn -0.7945 -0.3918 0.4639
vn -0.8969 -0.4423 -0.0000
vn -0.7945 -0.3918 -0.4639
vn -0.5102 -0.2516 -0.8224
vn -0.1083 -0.0534 -0.9927
vn 0.3186 0.1571 -0.9348
vn 0.6720 0.3314 -0.6623
vn 0.8709 0.4295 -0.2388
vn 0.8074 0.5395 0.2388
vn -0.1004 -0.0671 0.9927
vn -0.4730 -0.3161 0.8224
vn -0.7366 -0.4922 0.4639
vn -0.8315 -0.5556 -0.0000
vn -0.7366 -0.4922 -0.4639
vn -0.4730 -0.3161 -0.8224
vn -0.1004 -0.0671 -0.9927
vn 0.2954 0.1974 -0.9348
vn 0.6230 0.4162 -0.6623
vn 0.8074 0.5395 -0.2388
vn 0.7301 0.6403 0.2388
vn -0.0908 -0.0796 0.9927
vn -0.4277 -0.3751 0.8224
vn -0.6660 -0.5841 0.4639
vn -0.7518 -0.6593 -0.0000
vn -0.6660 -0.5841 -0.4639
vn -0.4277 -0.3751 -0.8224
vn -0.0908 -0.0796 -0.9927
vn 0.2671 0.2342 -0.9348
vn 0.5633 0.4940 -0.6623
vn 0.7301 0.6403 -0.2388
vn 0.6403 0.7301 0.2388
vn -0.0796 -0.0908 0.9927
vn -0.3751 -0.4277 0.8224
vn -0.5841 -0.6660 0.4639
vn -0.6593 -0.7518 -0.0000
vn -0.5841 -0.6660 -0.4639
vn -0.3751 -0.4277 -0.8224
vn -0.0796 -0.0908 -0.9927
vn 0.2342 0.2671 -0.9348
vn 0.4940 0.5633 -0.6623
vn 0.6403 0.7301 -0.2388
vn 0.5395 0.8074 0.2388
vn -0.0671 -0.1004 0.9927
vn -0.3161 -0.4730 0.8224
vn -0.4922 -0.7366 0.4639
vn -0.5556 -0.8315 -0.0000
vn -0.4922 -0.7366 -0.4639
vn -0.3161 -0.4730 -0.8224
vn -0.0671 -0.1004 -0.9927
vn 0.1974 0.2954 -0.9348
vn 0.4162 0.6230 -0.6623
vn 0.5395 0.8074 -0.2388
vn 0.4295 0.8709 0.2388
vn -0.0534 -0.1083 0.9927
vn -0.2516 -0.5102 0.8224
vn -0.3918 -0.7945 0.4639
vn -0.4423 -0.8969 -0.0000
vn -0.3918 -0.7945 -0.4639
vn -0.2516 -0.5102 -0.8224
vn -0.0534 -0.1083 -0.9927
vn 0.1571 0.3186 -0.9348
vn 0.3314 0.6720 -0.6623
vn 0.4295 0.8709 -0.2388
vn 0.3121 0.9195 0.2388
vn -0.0388 -0.1144 0.9927
vn -0.1829 -0.5387 0.8224
vn -0.2848 -0.8389 0.4639
vn -0.3214 -0.9469 -0.0000
vn -0.2848 -0.8389 -0.4639
vn -0.1829 -0.5387 -0.8224
vn -0.0388 -0.1144 -0.9927
vn 0.1142 0.3364 -0.9348
vn 0.2408 0.7095 -0.6623
vn 0.3121 0.9195 -0.2388
vn 0.1894 0.9524 0.2388
vn -0.0236 -0.1185 0.9927
vn -0.1110 -0.5580 0.8224
vn -0.1728 -0.8688 0.4639
vn -0.1951 -0.9808 -0.0000
vn -0.1728 -0.8688 -0.4639
vn -0.1110 -0.5580 -0.8224
vn -0.0236 -0.1185 -0.9927
vn 0.0693 0.3484 -0.9348
vn 0.1462 0.7348 -0.6623
vn 0.1894 0.9524 -0.2388
vn 0.0635 0.9690 0.2388
vn -0.0079 -0.1205 0.9927
vn -0.0372 -0.5677 0.8224
vn -0.0579 -0.8840 0.4639
vn -0.0654 -0.9979 -0.0000
vn -0.0579 -0.8840 -0.4639
vn -0.0372 -0.5677 -0.8224
vn -0.0079 -0.1205 -0.9927
vn 0.0232 0.3545 -0.9348
vn 0.0490 0.7476 -0.6623
vn 0.0635 0.9690 -0.2388
vn -0.0635 0.9690 0.2388
vn 0.0079 -0.1205 0.9927
vn 0.0372 -0.5677 0.8224
vn 0.0579 -0.8840 0.4639
vn 0.0654 -0.9979 -0.0000
vn 0.0579 -0.8840 -0.4639
vn 0.0372 -0.5677 -0.8224
vn 0.0079 -0.1205 -0.9927
vn -0.0232 0.3545 -0.9348
vn -0.0490 0.7476 -0.6623
vn -0.0635 0.9690 -0.2388
vn -0.1894 0.9524 0.2388
vn 0.0236 -0.1185 0.9927
vn 0.1110 -0.5580 0.8224
vn 0.1728 -0.8688 0.4639
vn 0.1951 -0.9808 -0.0000
vn 0.1728 -0.8688 -0.4639
vn 0.1110 -0.5580 -0.8224
vn 0.0236 -0.1185 -0.9927
vn -0.0693 0.3484 -0.9348
vn -0.1462 0.7348 -0.6623
vn -0.1894 0.9524 -0.2388
vn -0.3121 0.9195 0.2388
vn 0.0388 -0.1144 0.9927
vn 0.1829 -0.5387 0.8224
vn 0.2848 -0.8389 0.4639
vn 0.3214 -0.9469 -0.0000
vn 0.2848 -0.8389 -0.4639
vn 0.1829 -0.5387 -0.8224
vn 0.0388 -0.1144 -0.9927
vn -0.1142 0.3364 -0.9348
vn -0.2408 0.7095 -0.6623
vn -0.3121 0.9195 -0.2388
vn -0.4295 0.8709 0.2388
vn 0.0534 -0.1083 0.9927
vn 0.2516 -0.5102 0.8224
vn 0.3918 -0.7945 0.4639
vn 0.4423 -0.8969 -0.0000
vn 0.3918 -0.7945 -0.4639
vn 0.2516 -0.5102 -0.8224
vn 0.0534 -0.1083 -0.9927
vn -0.1571 0.3186 -0.9348
vn -0.3314 0.6720 -0.6623
vn -0.4295 0.8709 -0.2388
vn -0.5395 0.8074 0.2388
vn 0.0671 -0.1004 0.9927
vn 0.3161 -0.4730 0.8224
vn 0.4922 -0.7366 0.4639
vn 0.5556 -0.8315 -0.0000
vn 0.4922 -0.7366 -0.4639
vn 0.3161 -0.4730 -0.8224
vn 0.0671 -0.1004 -0.9927
vn -0.1974 0.2954 -0.9348
vn -0.4162 0.6230 -0.6623
vn -0.5395 0.8074 -0.2388
vn -0.6403 0.7301 0.2388
vn 0.0796 -0.0908 0.9927
vn 0.3751 -0.4277 0.8224
vn 0.5841 -0.6660 0.4639
vn 0.6593 -0.7518 -0.0000
vn 0.5841 -0.6660 -0.4639
vn 0.3751 -0.4277 -0.8224
vn 0.0796 -0.0908 -0.9927
vn -0.2342 0.2671 -0.9348
vn -0.4940 0.5633 -0.6623
vn -0.6403 0.7301 -0.2388
vn -0.7301 0.6403 0.2388
vn 0.0908 -0.0796 0.9927
vn 0.4277 -0.3751 0.8224
vn 0.6660 -0.5841 0.4639
vn 0.7518 -0.6593 -0.0000
vn 0.6660 -0.5841 -0.4639
vn 0.4277 -0.3751 -0.8224
vn 0.0908 -0.0796 -0.9927
vn -0.2671 0.2342 -0.9348
vn -0.5633 0.4940 -0.6623
vn -0.7301 0.6403 -0.2388
vn -0.8074 0.5395 0.2388
vn 0.1004 -0.0671 0.9927
vn 0.4730 -0.3161 0.8224
vn 0.7366 -0.4922 0.4639
vn 0.8315 -0.5556 -0.0000
vn 0.7366 -0.4922 -0.4639
vn 0.4730 -0.3161 -0.8224
vn 0.1004 -0.0671 -0.9927
vn -0.2954 0.1974 -0.9348
vn -0.6230 0.4162 -0.6623
vn -0.8074 0.5395 -0.2388
vn -0.8709 0.4295 0.2388
vn 0.1083 -0.0534 0.9927
vn 0.5102 -0.2516 0.8224
vn 0.7945 -0.3918 0.4639
vn 0.8969 -0.4423 -0.0000
vn 0.7945 -0.3918 -0.4639
vn 0.5102 -0.2516 -0.8224
vn 0.1083 -0.0534 -0.9927
vn -0.3186 0.1571 -0.9348
vn -0.6720 0.3314 -0.6623
vn -0.8709 0.4295 -0.2388
vn -0.9195 0.3121 0.2388
vn 0.1144 -0.0388 0.9927
vn 0.5387 -0.1829 0.8224
vn 0.8389 -0.2848 0.4639
vn 0.9469 -0.3214 -0.0000
vn 0.8389 -0.2848 -0.4639
vn 0.5387 -0.1829 -0.8224
vn 0.1144 -0.0388 -0.9927
vn -0.3364 0.1142 -0.9348
vn -0.7095 0.2408 -0.6623
vn -0.9195 0.3121 -0.2388
vn -0.9524 0.1894 0.2388
vn 0.1185 -0.0236 0.9927
vn 0.5580 -0.1110 0.8224
vn 0.8688 -0.1728 0.4639
vn 0.9808 -0.1951 -0.0000
vn 0.8688 -0.1728 -0.4639
vn 0.5580 -0.1110 -0.8224
vn 0.1185 -0.0236 -0.9927
vn -0.3484 0.0693 -0.9348
vn -0.7348 0.1462 -0.6623
vn -0.9524 0.1894 -0.2388
vn -0.9690 0.0635 0.2388
vn 0.1205 -0.0079 0.9927
vn 0.5677 -0.0372 0.8224
vn 0.8840 -0.0579 0.4639
vn 0.9979 -0.0654 -0.0000
vn 0.8840 -0.0579 -0.4639
vn 0.5677 -0.0372 -0.8224
vn 0.1205 -0.0079 -0.9927
vn -0.3545 0.0232 -0.9348
vn -0.7476 0.0490 -0.6623
vn -0.9690 0.0635 -0.2388
vn -0.9690 -0.0635 0.2388
vn 0.1205 0.0079 0.9927
vn 0.5677 0.0372 0.8224
vn 0.8840 0.0579 0.4639
vn 0.9979 0.0654 -0.0000
vn 0.8840 0.0579 -0.4639
vn 0.5677 0.0372 -0.8224
vn 0.1205 0.0079 -0.9927
vn -0.3545 -0.0232 -0.9348
vn -0.7476 -0.0490 -0.6623
vn -0.9690 -0.0635 -0.2388
vn -0.9524 -0.1894 0.2388
vn 0.1185 0.0236 0.9927
vn 0.5580 0.1110 0.8224
vn 0.8688 0.1728 0.4639
vn 0.9808 0.1951 -0.0000
vn 0.8688 0.1728 -0.4639
vn 0.5580 0.1110 -0.8224
vn 0.1185 0.0236 -0.9927
vn -0.3484 -0.0693 -0.9348
vn -0.7348 -0.1462 -0.6623
vn -0.9524 -0.1894 -0.2388
vn -0.9195 -0.3121 0.2388
vn 0.1144 0.0388 0.9927
vn 0.5387 0.1829 0.8224
vn 0.8389 0.2848 0.4639
vn 0.9469 0.3214 -0.0000
vn 0.8389 0.2848 -0.4639
vn 0.5387 0.1829 -0.8224
vn 0.1144 0.0388 -0.9927
vn -0.3364 -0.1142 -0.9348
vn -0.7095 -0.2408 -0.6623
vn -0.9195 -0.3121 -0.2388
vn -0.8709 -0.4295 0.2388
vn 0.1083 0.0534 0.9927
vn 0.5102 0.2516 0.8224
vn 0.7945 0.3918 0.4639
vn 0.8969 0.4423 -0.0000
vn 0.7945 0.3918 -0.4639
vn 0.5102 0.2516 -0.8224
vn 0.1083 0.0534 -0.9927
vn -0.3186 -0.1571 -0.9348
vn -0.6720 -0.3314 -0.6623
vn -0.8709 -0.4295 -0.2388
vn -0.8074 -0.5395 0.2388
vn 0.1004 0.0671 0.9927
vn 0.4730 0.3161 0.8224
vn 0.7366 0.4922 0.4639
vn 0.8315 0.5556 -0.0000
vn 0.7366 0.4922 -0.4639
vn 0.4730 0.3161 -0.8224
vn 0.1004 0.0671 -0.9927
vn -0.2954 -0.1974 -0.9348
vn -0.6230 -0.4162 -0.6623
vn -0.8074 -0.5395 -0.2388
vn -0.7301 -0.6403 0.2388
vn 0.0908 0.0796 0.9927
vn 0.4277 0.3751 0.8224
vn 0.6660 0.5841 0.4639
vn 0.7518 0.6593 -0.0000
vn 0.6660 0.5841 -0.4639
vn 0.4277 0.3751 -0.8224
vn 0.0908 0.0796 -0.9927
vn -0.2671 -0.2342 -0.9348
vn -0.5633 -0.4940 -0.6623
vn -0.7301 -0.6403 -0.2388
vn -0.6403 -0.7301 0.2388
vn 0.0796 0.0908 0.9927
vn 0.3751 0.4277 0.8224
vn 0.5841 0.6660 0.4639
vn 0.6593 0.7518 -0.0000
vn 0.5841 0.6660 -0.4639
vn 0.3751 0.4277 -0.8224
vn 0.0796 0.0908 -0.9927
vn -0.2342 -0.2671 -0.9348
vn -0.4940 -0.5633 -0.6623
vn -0.6403 -0.7301 -0.2388
vn -0.5395 -0.8074 0.2388
vn 0.0671 0.1004 0.9927
vn 0.3161 0.4730 0.8224
vn 0.4922 0.7366 0.4639
vn 0.5556 0.8315 -0.0000
vn 0.4922 0.7366 -0.4639
vn 0.3161 0.4730 -0.8224
vn 0.0671 0.1004 -0.9927
vn -0.1974 -0.2954 -0.9348
vn -0.4162 -0.6230 -0.6623
vn -0.5395 -0.8074 -0.2388
vn -0.4295 -0.8709 0.2388
vn 0.0534 0.1083 0.9927
vn 0.2516 0.5102 0.8224
vn 0.3918 0.7945 0.4639
vn 0.4423 0.8969 -0.0000
vn 0.3918 0.7945 -0.4639
vn 0.2516 0.5102 -0.8224
vn 0.0534 0.1083 -0.9927
vn -0.1571 -0.3186 -0.9348
vn -0.3314 -0.6720 -0.6623
vn -0.4295 -0.8709 -0.2388
vn -0.3121 -0.9195 0.2388
vn 0.0388 0.1144 0.9927
vn 0.1829 0.5387 0.8224
vn 0.2848 0.8389 0.4639
vn 0.3214 0.9469 -0.0000
vn 0.2848 0.8389 -0.4639
vn 0.1829 0.5387 -0.8224
vn 0.0388 0.1144 -0.9927
vn -0.1142 -0.3364 -0.9348
vn -0.2408 -0.7095 -0.6623
vn -0.3121 -0.9195 -0.2388
vn -0.1894 -0.9524 0.2388
vn 0.0236 0.1185 0.9927
vn 0.1110 0.5580 0.8224
vn 0.1728 0.8688 0.4639
vn 0.1951 0.9808 -0.0000
vn 0.1728 0.8688 -0.4639
vn 0.1110 0.5580 -0.8224
vn 0.0236 0.1185 -0.9927
vn -0.0693 -0.3484 -0.9348
vn -0.1462 -0.7348 -0.6623
vn -0.1894 -0.9524 -0.2388
vn -0.0635 -0.9690 0.2388
vn 0.0079 0.1205 0.9927
vn 0.0372 0.5677 0.8224
vn 0.0579 0.8840 0.4639
vn 0.0654 0.9979 -0.0000
vn 0.0579 0.8840 -0.4639
vn 0.0372 0.5677 -0.8224
vn 0.0079 0.1205 -0.9927
vn -0.0232 -0.3545 -0.9348
vn -0.0490 -0.7476 -0.6623
vn -0.0635 -0.9690 -0.2388
vn 0.0635 -0.9690 0.2388
vn -0.0079 0.1205 0.9927
vn -0.0372 0.5677 0.8224
vn -0.0579 0.8840 0.4639
vn -0.0654 0.9979 -0.0000
vn -0.0579 0.8840 -0.4639
vn -0.0372 0.5677 -0.8224
vn -0.0079 0.1205 -0.9927
vn 0.0232 -0.3545 -0.9348
vn 0.0490 -0.7476 -0.6623
vn 0.0635 -0.9690 -0.2388
vn 0.1894 -0.9524 0.2388
vn -0.0236 0.1185 0.9927
vn -0.1110 0.5580 0.8224
vn -0.1728 0.8688 0.4639
vn -0.1951 0.9808 -0.0000
vn -0.1728 0.8688 -0.4639
vn -0.1110 0.5580 -0.8224
vn -0.0236 0.1185 -0.9927
vn 0.0693 -0.3484 -0.9348
vn 0.1462 -0.7348 -0.6623
vn 0.1894 -0.9524 -0.2388
vn 0.3121 -0.9195 0.2388
vn -0.0388 0.1144 0.9927
vn -0.1829 0.5387 0.8224
vn -0.2848 0.8389 0.4639
vn -0.3214 0.9469 -0.0000
vn -0.2848 0.8389 -0.4639
vn -0.1829 0.5387 -0.8224
vn -0.0388 0.1144 -0.9927
vn 0.1142 -0.3364 -0.9348
vn 0.2408 -0.7095 -0.6623
vn 0.3121 -0.9195 -0.2388
vn 0.4295 -0.8709 0.2388
vn -0.0534 0.1083 0.9927
vn -0.2516 0.5102 0.8224
vn -0.3918 0.7945 0.4639
vn -0.4423 0.8969 -0.0000
vn -0.3918 0.7945 -0.4639
vn -0.2516 0.5102 -0.8224
vn -0.0534 0.1083 -0.9927
vn 0.1571 -0.3186 -0.9348
vn 0.3314 -0.6720 -0.6623
vn 0.4295 -0.8709 -0.2388
vn 0.5395 -0.8074 0.2388
vn -0.0671 0.1004 0.9927
vn -0.3161 0.4730 0.8224
vn -0.4922 0.7366 0.4639
vn -0.5556 0.8315 -0.0000
vn -0.4922 0.7366 -0.4639
vn -0.3161 0.4730 -0.8224
vn -0.0671 0.1004 -0.9927
vn 0.1974 -0.2954 -0.9348
vn 0.4162 -0.6230 -0.6623
vn 0.5395 -0.8074 -0.2388
vn 0.6403 -0.7301 0.2388
vn -0.0796 0.0908 0.9927
vn -0.3751 0.4277 0.8224
vn -0.5841 0.6660 0.4639
vn -0.6593 0.7518 -0.0000
vn -0.5841 0.6660 -0.4639
vn -0.3751 0.4277 -0.8224
vn -0.0796 0.0908 -0.9927
vn 0.2342 -0.2671 -0.9348
vn 0.4940 -0.5633 -0.6623
vn 0.6403 -0.7301 -0.2388
vn 0.7301 -0.6403 0.2388
vn -0.0908 0.0796 0.9927
vn -0.4277 0.3751 0.8224
vn -0.6660 0.5841 0.4639
vn -0.7518 0.6593 -0.0000
vn -0.6660 0.5841 -0.4639
vn -0.4277 0.3751 -0.8224
vn -0.0908 0.0796 -0.9927
vn 0.2671 -0.2342 -0.9348
vn 0.5633 -0.4940 -0.6623
vn 0.7301 -0.6403 -0.2388
vn 0.8074 -0.5395 0.2388
vn -0.1004 0.0671 0.9927
vn -0.4730 0.3161 0.8224
vn -0.7366 0.4922 0.4639
vn -0.8315 0.5556 -0.0000
vn -0.7366 0.4922 -0.4639
vn -0.4730 0.3161 -0.8224
vn -0.1004 0.0671 -0.9927
vn 0.2954 -0.1974 -0.9348
vn 0.6230 -0.4162 -0.6623
vn 0.8074 -0.5395 -0.2388
vn 0.8709 -0.4295 0.2388
vn -0.1083 0.0534 0.9927
vn -0.5102 0.2516 0.8224
vn -0.7945 0.3918 0.4639
vn -0.8969 0.4423 -0.0000
vn -0.7945 0.3918 -0.4639
vn -0.5102 0.2516 -0.8224
vn -0.1083 0.0534 -0.9927
vn 0.3186 -0.1571 -0.9348
vn 0.6720 -0.3314 -0.6623
vn 0.8709 -0.4295 -0.2388
vn 0.9195 -0.3121 0.2388
vn -0.0144 0.0029 0.9999
vn -0.1144 0.0388 0.9927
vn -0.5387 0.1829 0.8224
vn -0.8389 0.2848 0.4639
vn -0.9469 0.3214 -0.0000
vn -0.8389 0.2848 -0.4639
vn -0.5387 0.1829 -0.8224
vn -0.1144 0.0388 -0.9927
vn 0.3364 -0.1142 -0.9348
vn 0.7095 -0.2408 -0.6623
vn 0.9195 -0.3121 -0.2388
vn 0.9524 -0.1894 0.2388
vn -0.1185 0.0236 0.9927
vn -0.5580 0.1110 0.8224
vn -0.8688 0.1728 0.4639
vn -0.9808 0.1951 -0.0000
vn -0.8688 0.1728 -0.4639
vn -0.5580 0.1110 -0.8224
vn -0.1185 0.0236 -0.9927
vn 0.3484 -0.0693 -0.9348
vn 0.7348 -0.1462 -0.6623
vn 0.9524 -0.1894 -0.2388
vn 0.9690 -0.0635 0.2388
vn -0.1205 0.0079 0.9927
vn -0.5677 0.0372 0.8224
vn -0.8840 0.0579 0.4639
vn -0.9979 0.0654 -0.0000
vn -0.8840 0.0579 -0.4639
vn -0.5677 0.0372 -0.8224
vn -0.1205 0.0079 -0.9927
vn 0.3545 -0.0232 -0.9348
vn 0.7476 -0.0490 -0.6623
vn 0.9690 -0.0635 -0.2388
vt 0.500000 0.538462
vt 0.520833 0.538462
vt 0.520833 0.615385
vt 0.500000 0.615385
vt 0.500000 0.769231
vt 0.520833 0.769231
vt 0.520833 0.846154
vt 0.500000 0.846154
vt 0.520833 0.923077
vt 0.500000 0.923077
vt 0.520833 1.000000
vt 0.500000 1.000000
vt 0.500000 -0.000000
vt 0.520833 -0.000000
vt 0.520833 0.076923
vt 0.500000 0.076923
vt 0.520833 0.153846
vt 0.500000 0.153846
vt 0.520833 0.230769
vt 0.500000 0.230769
vt 0.520833 0.307692
vt 0.500000 0.307692
vt 0.520833 0.384615
vt 0.500000 0.384615
vt 0.520833 0.461538
vt 0.500000 0.461538
vt 0.541667 0.538462
vt 0.541667 0.615385
vt 0.541667 0.769231
vt 0.541667 0.846154
vt 0.541667 0.923077
vt 0.541667 1.000000
vt 0.541667 -0.000000
vt 0.541667 0.076923
vt 0.541667 0.153846
vt 0.541667 0.230769
vt 0.541667 0.307692
vt 0.541667 0.384615
vt 0.541667 0.461538
vt 0.562500 0.538462
vt 0.562500 0.615385
vt 0.562500 0.769231
vt 0.562500 0.846154
vt 0.562500 0.923077
vt 0.562500 1.000000
vt 0.562500 -0.000000
vt 0.562500 0.076923
vt 0.562500 0.153846
vt 0.562500 0.230769
vt 0.562500 0.307692
vt 0.562500 0.384615
vt 0.562500 0.461538
vt 0.583333 0.538462
vt 0.583333 0.615385
vt 0.583333 0.769231
vt 0.583333 0.846154
vt 0.583333 0.923077
vt 0.583333 1.000000
vt 0.583333 -0.000000
vt 0.583333 0.076923
vt 0.583333 0.153846
vt 0.583333 0.230769
vt 0.583333 0.307692
vt 0.583333 0.384615
vt 0.583333 0.461538
vt 0.604167 0.538462
vt 0.604167 0.615385
vt 0.604167 0.769231
vt 0.604167 0.846154
vt 0.604167 0.923077
vt 0.604167 1.000000
vt 0.604167 -0.000000
vt 0.604167 0.076923
vt 0.604167 0.153846
vt 0.604167 0.230769
vt 0.604167 0.307692
vt 0.604167 0.384615
vt 0.604167 0.461538
vt 0.625000 0.538462
vt 0.625000 0.615385
vt 0.625000 0.769231
vt 0.625000 0.846154
vt 0.625000 0.923077
vt 0.625000 1.000000
vt 0.625000 -0.000000
vt 0.625000 0.076923
vt 0.625000 0.153846
vt 0.625000 0.230769
vt 0.625000 0.307692
vt 0.625000 0.384615
vt 0.625000 0.461538
vt 0.645833 0.538462
vt 0.645833 0.615385
vt 0.645833 0.769231
vt 0.645833 0.846154
vt 0.645833 0.923077
vt 0.645833 1.000000
vt 0.645833 -0.000000
vt 0.645833 0.076923
vt 0.645833 0.153846
vt 0.645833 0.230769
vt 0.645833 0.307692
vt 0.645833 0.384615
vt 0.645833 0.461538
vt 0.666667 0.538462
vt 0.666667 0.615385
vt 0.666667 0.769231
vt 0.666667 0.846154
vt 0.666667 0.923077
vt 0.666667 1.000000
vt 0.666667 -0.000000
vt 0.666667 0.076923
vt 0.666667 0.153846
vt 0.666667 0.230769
vt 0.666667 0.307692
vt 0.666667 0.384615
vt 0.666667 0.461538
vt 0.687500 0.538462
vt 0.687500 0.615385
vt 0.687500 0.769231
vt 0.687500 0.846154
vt 0.687500 0.923077
vt 0.687500 1.000000
vt 0.687500 -0.000000
vt 0.687500 0.076923
vt 0.687500 0.153846
vt 0.687500 0.230769
vt 0.687500 0.307692
vt 0.687500 0.384615
vt 0.687500 0.461538
vt 0.708333 0.538462
vt 0.708333 0.615385
vt 0.708333 0.769231
vt 0.708333 0.846154
vt 0.708333 0.923077
vt 0.708333 1.000000
vt 0.708333 -0.000000
vt 0.708333 0.076923
vt 0.708333 0.153846
vt 0.708333 0.230769
vt 0.708333 0.307692
vt 0.708333 0.384615
vt 0.708333 0.461538
vt 0.729167 0.538462
vt 0.729167 0.615385
vt 0.729167 0.769231
vt 0.729167 0.846154
vt 0.729167 0.923077
vt 0.729167 1.000000
vt 0.729167 -0.000000
vt 0.729167 0.076923
vt 0.729167 0.153846
vt 0.729167 0.230769
vt 0.729167 0.307692
vt 0.729167 0.384615
vt 0.729167 0.461538
vt 0.750000 0.538462
vt 0.750000 0.615385
vt 0.750000 0.769231
vt 0.750000 0.846154
vt 0.750000 0.923077
vt 0.750000 1.000000
vt 0.750000 -0.000000
vt 0.750000 0.076923
vt 0.750000 0.153846
vt 0.750000 0.230769
vt 0.750000 0.307692
vt 0.750000 0.384615
vt 0.750000 0.461538
vt 0.770833 0.538462
vt 0.770833 0.615385
vt 0.770833 0.769231
vt 0.770833 0.846154
vt 0.770833 0.923077
vt 0.770833 1.000000
vt 0.770833 -0.000000
vt 0.770833 0.076923
vt 0.770833 0.153846
vt 0.770833 0.230769
vt 0.770833 0.307692
vt 0.770833 0.384615
vt 0.770833 0.461538
vt 0.791667 0.538462
vt 0.791667 0.615385
vt 0.791667 0.769231
vt 0.791667 0.846154
vt 0.791667 0.923077
vt 0.791667 1.000000
vt 0.791667 -0.000000
vt 0.791667 0.076923
vt 0.791667 0.153846
vt 0.791667 0.230769
vt 0.791667 0.307692
vt 0.791667 0.384615
vt 0.791667 0.461538
vt 0.812500 0.538462
vt 0.812500 0.615385
vt 0.812500 0.769231
vt 0.812500 0.846154
vt 0.812500 0.923077
vt 0.812500 1.000000
vt 0.812500 -0.000000
vt 0.812500 0.076923
vt 0.812500 0.153846
vt 0.812500 0.230769
vt 0.812500 0.307692
vt 0.812500 0.384615
vt 0.812500 0.461538
vt 0.833333 0.538462
vt 0.833333 0.615385
vt 0.833333 0.769231
vt 0.833333 0.846154
vt 0.833333 0.923077
vt 0.833333 1.000000
vt 0.833333 -0.000000
vt 0.833333 0.076923
vt 0.833333 0.153846
vt 0.833333 0.230769
vt 0.833333 0.307692
vt 0.833333 0.384615
vt 0.833333 0.461538
vt 0.854167 0.538462
vt 0.854167 0.615385
vt 0.854167 0.769231
vt 0.854167 0.846154
vt 0.854167 0.923077
vt 0.854167 1.000000
vt 0.854167 -0.000000
vt 0.854167 0.076923
vt 0.854167 0.153846
vt 0.854167 0.230769
vt 0.854167 0.307692
vt 0.854167 0.384615
vt 0.854167 0.461538
vt 0.875000 0.538462
vt 0.875000 0.615385
vt 0.875000 0.769231
vt 0.875000 0.846154
vt 0.875000 0.923077
vt 0.875000 1.000000
vt 0.875000 -0.000000
vt 0.875000 0.076923
vt 0.875000 0.153846
vt 0.875000 0.230769
vt 0.875000 0.307692
vt 0.875000 0.384615
vt 0.875000 0.461538
vt 0.895833 0.538462
vt 0.895833 0.615385
vt 0.895833 0.769231
vt 0.895833 0.846154
vt 0.895833 0.923077
vt 0.895833 1.000000
vt 0.895833 -0.000000
vt 0.895833 0.076923
vt 0.895833 0.153846
vt 0.895833 0.230769
vt 0.895833 0.307692
vt 0.895833 0.384615
vt 0.895833 0.461538
vt 0.916667 0.538462
vt 0.916667 0.615385
vt 0.916667 0.769231
vt 0.916667 0.846154
vt 0.916667 0.923077
vt 0.916667 1.000000
vt 0.916667 -0.000000
vt 0.916667 0.076923
vt 0.916667 0.153846
vt 0.916667 0.230769
vt 0.916667 0.307692
vt 0.916667 0.384615
vt 0.916667 0.461538
vt 0.937500 0.538462
vt 0.937500 0.615385
vt 0.937500 0.769231
vt 0.937500 0.846154
vt 0.937500 0.923077
vt 0.937500 1.000000
vt 0.937500 -0.000000
vt 0.937500 0.076923
vt 0.937500 0.153846
vt 0.937500 0.230769
vt 0.937500 0.307692
vt 0.937500 0.384615
vt 0.937500 0.461538
vt 0.958333 0.538462
vt 0.958333 0.615385
vt 0.958333 0.769231
vt 0.958333 0.846154
vt 0.958333 0.923077
vt 0.958333 1.000000
vt 0.958333 -0.000000
vt 0.958333 0.076923
vt 0.958333 0.153846
vt 0.958333 0.230769
vt 0.958333 0.307692
vt 0.958333 0.384615
vt 0.958333 0.461538
vt 0.979167 0.538462
vt 0.979167 0.615385
vt 0.979167 0.769231
vt 0.979167 0.846154
vt 0.979167 0.923077
vt 0.979167 1.000000
vt 0.979167 -0.000000
vt 0.979167 0.076923
vt 0.979167 0.153846
vt 0.979167 0.230769
vt 0.979167 0.307692
vt 0.979167 0.384615
vt 0.979167 0.461538
vt 1.000000 0.538462
vt 1.000000 0.615385
vt 1.000000 0.769231
vt 1.000000 0.846154
vt 1.000000 0.923077
vt 1.000000 1.000000
vt 1.000000 -0.000000
vt 1.000000 0.076923
vt 1.000000 0.153846
vt 1.000000 0.230769
vt 1.000000 0.307692
vt 1.000000 0.384615
vt 1.000000 0.461538
vt 0.000000 0.538462
vt 0.020833 0.538462
vt 0.020833 0.615385
vt 0.000000 0.615385
vt 0.000000 0.769231
vt 0.020833 0.769231
vt 0.020833 0.846154
vt 0.000000 0.846154
vt 0.020833 0.923077
vt 0.000000 0.923077
vt 0.020833 1.000000
vt 0.000000 1.000000
vt 0.000000 -0.000000
vt 0.020833 -0.000000
vt 0.020833 0.076923
vt 0.000000 0.076923
vt 0.020833 0.153846
vt 0.000000 0.153846
vt 0.020833 0.230769
vt 0.000000 0.230769
vt 0.020833 0.307692
vt 0.000000 0.307692
vt 0.020833 0.384615
vt 0.000000 0.384615
vt 0.020833 0.461538
vt 0.000000 0.461538
vt 0.041667 0.538462
vt 0.041667 0.615385
vt 0.041667 0.769231
vt 0.041667 0.846154
vt 0.041667 0.923077
vt 0.041667 1.000000
vt 0.041667 -0.000000
vt 0.041667 0.076923
vt 0.041667 0.153846
vt 0.041667 0.230769
vt 0.041667 0.307692
vt 0.041667 0.384615
vt 0.041667 0.461538
vt 0.062500 0.538462
vt 0.062500 0.615385
vt 0.062500 0.769231
vt 0.062500 0.846154
vt 0.062500 0.923077
vt 0.062500 1.000000
vt 0.062500 -0.000000
vt 0.062500 0.076923
vt 0.062500 0.153846
vt 0.062500 0.230769
vt 0.062500 0.307692
vt 0.062500 0.384615
vt 0.062500 0.461538
vt 0.083333 0.538462
vt 0.083333 0.615385
vt 0.083333 0.769231
vt 0.083333 0.846154
vt 0.083333 0.923077
vt 0.083333 1.000000
vt 0.083333 -0.000000
vt 0.083333 0.076923
vt 0.083333 0.153846
vt 0.083333 0.230769
vt 0.083333 0.307692
vt 0.083333 0.384615
vt 0.083333 0.461538
vt 0.104167 0.538462
vt 0.104167 0.615385
vt 0.104167 0.769231
vt 0.104167 0.846154
vt 0.104167 0.923077
vt 0.104167 1.000000
vt 0.104167 -0.000000
vt 0.104167 0.076923
vt 0.104167 0.153846
vt 0.104167 0.230769
vt 0.104167 0.307692
vt 0.104167 0.384615
vt 0.104167 0.461538
vt 0.125000 0.538462
vt 0.125000 0.615385
vt 0.125000 0.769231
vt 0.125000 0.846154
vt 0.125000 0.923077
vt 0.125000 1.000000
vt 0.125000 -0.000000
vt 0.125000 0.076923
vt 0.125000 0.153846
vt 0.125000 0.230769
vt 0.125000 0.307692
vt 0.125000 0.384615
vt 0.125000 0.461538
vt 0.145833 0.538462
vt 0.145833 0.615385
vt 0.145833 0.769231
vt 0.145833 0.846154
vt 0.145833 0.923077
vt 0.145833 1.000000
vt 0.145833 -0.000000
vt 0.145833 0.076923
vt 0.145833 0.153846
vt 0.145833 0.230769
vt 0.145833 0.307692
vt 0.145833 0.384615
vt 0.145833 0.461538
vt 0.166667 0.538462
vt 0.166667 0.615385
vt 0.166667 0.769231
vt 0.166667 0.846154
vt 0.166667 0.923077
vt 0.166667 1.000000
vt 0.166667 -0.000000
vt 0.166667 0.076923
vt 0.166667 0.153846
vt 0.166667 0.230769
vt 0.166667 0.307692
vt 0.166667 0.384615
vt 0.166667 0.461538
vt 0.187500 0.538462
vt 0.187500 0.615385
vt 0.187500 0.769231
vt 0.187500 0.846154
vt 0.187500 0.923077
vt 0.187500 1.000000
vt 0.187500 -0.000000
vt 0.187500 0.076923
vt 0.187500 0.153846
vt 0.187500 0.230769
vt 0.187500 0.307692
vt 0.187500 0.384615
vt 0.187500 0.461538
vt 0.208333 0.538462
vt 0.208333 0.615385
vt 0.208333 0.769231
vt 0.208333 0.846154
vt 0.208333 0.923077
vt 0.208333 1.000000
vt 0.208333 -0.000000
vt 0.208333 0.076923
vt 0.208333 0.153846
vt 0.208333 0.230769
vt 0.208333 0.307692
vt 0.208333 0.384615
vt 0.208333 0.461538
vt 0.229167 0.538462
vt 0.229167 0.615385
vt 0.229167 0.769231
vt 0.229167 0.846154
vt 0.229167 0.923077
vt 0.229167 1.000000
vt 0.229167 -0.000000
vt 0.229167 0.076923
vt 0.229167 0.153846
vt 0.229167 0.230769
vt 0.229167 0.307692
vt 0.229167 0.384615
vt 0.229167 0.461538
vt 0.250000 0.538462
vt 0.250000 0.615385
vt 0.250000 0.769231
vt 0.250000 0.846154
vt 0.250000 0.923077
vt 0.250000 1.000000
vt 0.250000 -0.000000
vt 0.250000 0.076923
vt 0.250000 0.153846
vt 0.250000 0.230769
vt 0.250000 0.307692
vt 0.250000 0.384615
vt 0.250000 0.461538
vt 0.270833 0.538462
vt 0.270833 0.615385
vt 0.270833 0.769231
vt 0.270833 0.846154
vt 0.270833 0.923077
vt 0.270833 1.000000
vt 0.270833 -0.000000
vt 0.270833 0.076923
vt 0.270833 0.153846
vt 0.270833 0.230769
vt 0.270833 0.307692
vt 0.270833 0.384615
vt 0.270833 0.461538
vt 0.291667 0.538462
vt 0.291667 0.615385
vt 0.291667 0.769231
vt 0.291667 0.846154
vt 0.291667 0.923077
vt 0.291667 1.000000
vt 0.291667 -0.000000
vt 0.291667 0.076923
vt 0.291667 0.153846
vt 0.291667 0.230769
vt 0.291667 0.307692
vt 0.291667 0.384615
vt 0.291667 0.461538
vt 0.312500 0.538462
vt 0.312500 0.615385
vt 0.312500 0.769231
vt 0.312500 0.846154
vt 0.312500 0.923077
vt 0.312500 1.000000
vt 0.312500 -0.000000
vt 0.312500 0.076923
vt 0.312500 0.153846
vt 0.312500 0.230769
vt 0.312500 0.307692
vt 0.312500 0.384615
vt 0.312500 0.461538
vt 0.333333 0.538462
vt 0.333333 0.615385
vt 0.333333 0.769231
vt 0.333333 0.846154
vt 0.333333 0.923077
vt 0.333333 1.000000
vt 0.333333 -0.000000
vt 0.333333 0.076923
vt 0.333333 0.153846
vt 0.333333 0.230769
vt 0.333333 0.307692
vt 0.333333 0.384615
vt 0.333333 0.461538
vt 0.354167 0.538462
vt 0.354167 0.615385
vt 0.354167 0.769231
vt 0.354167 0.846154
vt 0.354167 0.923077
vt 0.354167 1.000000
vt 0.354167 -0.000000
vt 0.354167 0.076923
vt 0.354167 0.153846
vt 0.354167 0.230769
vt 0.354167 0.307692
vt 0.354167 0.384615
vt 0.354167 0.461538
vt 0.375000 0.538462
vt 0.375000 0.615385
vt 0.375000 0.769231
vt 0.375000 0.846154
vt 0.375000 0.923077
vt 0.375000 1.000000
vt 0.375000 -0.000000
vt 0.375000 0.076923
vt 0.375000 0.153846
vt 0.375000 0.230769
vt 0.375000 0.307692
vt 0.375000 0.384615
vt 0.375000 0.461538
vt 0.395833 0.538462
vt 0.395833 0.615385
vt 0.395833 0.769231
vt 0.395833 0.846154
vt 0.395833 0.923077
vt 0.395833 1.000000
vt 0.395833 -0.000000
vt 0.395833 0.076923
vt 0.395833 0.153846
vt 0.395833 0.230769
vt 0.395833 0.307692
vt 0.395833 0.384615
vt 0.395833 0.461538
vt 0.416667 0.538462
vt 0.416667 0.615385
vt 0.416667 0.769231
vt 0.416667 0.846154
vt 0.416667 0.923077
vt 0.416667 1.000000
vt 0.416667 -0.000000
vt 0.416667 0.076923
vt 0.416667 0.153846
vt 0.416667 0.230769
vt 0.416667 0.307692
vt 0.416667 0.384615
vt 0.416667 0.461538
vt 0.437500 0.538462
vt 0.437500 0.615385
vt 0.437500 0.769231
vt 0.437500 0.846154
vt 0.437500 0.923077
vt 0.437500 1.000000
vt 0.437500 -0.000000
vt 0.437500 0.076923
vt 0.437500 0.153846
vt 0.437500 0.230769
vt 0.437500 0.307692
vt 0.437500 0.384615
vt 0.437500 0.461538
vt 0.458333 0.538462
vt 0.458333 0.615385
vt 0.479167 0.615385
vt 0.458333 0.769231
vt 0.479167 0.769231
vt 0.458333 0.846154
vt 0.458333 0.923077
vt 0.458333 1.000000
vt 0.458333 -0.000000
vt 0.458333 0.076923
vt 0.458333 0.153846
vt 0.458333 0.230769
vt 0.458333 0.307692
vt 0.458333 0.384615
vt 0.458333 0.461538
vt 0.479167 0.538462
vt 0.479167 0.846154
vt 0.479167 0.923077
vt 0.479167 1.000000
vt 0.479167 -0.000000
vt 0.479167 0.076923
vt 0.479167 0.153846
vt 0.479167 0.230769
vt 0.479167 0.307692
vt 0.479167 0.384615
vt 0.479167 0.461538
s 0
f 3177/3637/1657 3189/3638/1657 3190/3639/1657 3178/3640/1657
f 3179/3641/1658 3191/3642/1658 3192/3643/1658 3180/3644/1658
f 3180/3644/1659 3192/3643/1659 3193/3645/1659 3181/3646/1659
f 3181/3646/1660 3193/3645/1660 3194/3647/1660 3182/3648/1660
f 3182/3649/1661 3194/3650/1661 3195/3651/1661 3183/3652/1661
f 3183/3652/1662 3195/3651/1662 3196/3653/1662 3184/3654/1662
f 3184/3654/1663 3196/3653/1663 3197/3655/1663 3185/3656/1663
f 3185/3656/1664 3197/3655/1664 3198/3657/1664 3186/3658/1664
f 3186/3658/1665 3198/3657/1665 3199/3659/1665 3187/3660/1665
f 3187/3660/1666 3199/3659/1666 3200/3661/1666 3188/3662/1666
f 3188/3662/1667 3200/3661/1667 3189/3638/1667 3177/3637/1667
f 3189/3638/1668 3201/3663/1668 3202/3664/1668 3190/3639/1668
f 3191/3642/1669 3203/3665/1669 3204/3666/1669 3192/3643/1669
f 3192/3643/1670 3204/3666/1670 3205/3667/1670 3193/3645/1670
f 3193/3645/1671 3205/3667/1671 3206/3668/1671 3194/3647/1671
f 3194/3650/1672 3206/3669/1672 3207/3670/1672 3195/3651/1672
f 3195/3651/1673 3207/3670/1673 3208/3671/1673 3196/3653/1673
f 3196/3653/1674 3208/3671/1674 3209/3672/1674 3197/3655/1674
f 3197/3655/1675 3209/3672/1675 3210/3673/1675 3198/3657/1675
f 3198/3657/1676 3210/3673/1676 3211/3674/1676 3199/3659/1676
f 3199/3659/1677 3211/3674/1677 3212/3675/1677 3200/3661/1677
f 3200/3661/1678 3212/3675/1678 3201/3663/1678 3189/3638/1678
f 3201/3663/1679 3213/3676/1679 3214/3677/1679 3202/3664/1679
f 3203/3665/1680 3215/3678/1680 3216/3679/1680 3204/3666/1680
f 3204/3666/1681 3216/3679/1681 3217/3680/1681 3205/3667/1681
f 3205/3667/1682 3217/3680/1682 3218/3681/1682 3206/3668/1682
f 3206/3669/1683 3218/3682/1683 3219/3683/1683 3207/3670/1683
f 3207/3670/1684 3219/3683/1684 3220/3684/1684 3208/3671/1684
f 3208/3671/1685 3220/3684/1685 3221/3685/1685 3209/3672/1685
f 3209/3672/1686 3221/3685/1686 3222/3686/1686 3210/3673/1686
f 3210/3673/1687 3222/3686/1687 3223/3687/1687 3211/3674/1687
f 3211/3674/1688 3223/3687/1688 3224/3688/1688 3212/3675/1688
f 3212/3675/1689 3224/3688/1689 3213/3676/1689 3201/3663/1689
f 3213/3676/1690 3225/3689/1690 3226/3690/1690 3214/3677/1690
f 3215/3678/1691 3227/3691/1691 3228/3692/1691 3216/3679/1691
f 3216/3679/1692 3228/3692/1692 3229/3693/1692 3217/3680/1692
f 3217/3680/1693 3229/3693/1693 3230/3694/1693 3218/3681/1693
f 3218/3682/1694 3230/3695/1694 3231/3696/1694 3219/3683/1694
f 3219/3683/1695 3231/3696/1695 3232/3697/1695 3220/3684/1695
f 3220/3684/1696 3232/3697/1696 3233/3698/1696 3221/3685/1696
f 3221/3685/1697 3233/3698/1697 3234/3699/1697 3222/3686/1697
f 3222/3686/1698 3234/3699/1698 3235/3700/1698 3223/3687/1698
f 3223/3687/1699 3235/3700/1699 3236/3701/1699 3224/3688/1699
f 3224/3688/1700 3236/3701/1700 3225/3689/1700 3213/3676/1700
f 3225/3689/1701 3237/3702/1701 3238/3703/1701 3226/3690/1701
f 3227/3691/1702 3239/3704/1702 3240/3705/1702 3228/3692/1702
f 3228/3692/1703 3240/3705/1703 3241/3706/1703 3229/3693/1703
f 3229/3693/1704 3241/3706/1704 3242/3707/1704 3230/3694/1704
f 3230/3695/1705 3242/3708/1705 3243/3709/1705 3231/3696/1705
f 3231/3696/1706 3243/3709/1706 3244/3710/1706 3232/3697/1706
f 3232/3697/1707 3244/3710/1707 3245/3711/1707 3233/3698/1707
f 3233/3698/1708 3245/3711/1708 3246/3712/1708 3234/3699/1708
f 3234/3699/1709 3246/3712/1709 3247/3713/1709 3235/3700/1709
f 3235/3700/1710 3247/3713/1710 3248/3714/1710 3236/3701/1710
f 3236/3701/1711 3248/3714/1711 3237/3702/1711 3225/3689/1711
f 3237/3702/1712 3249/3715/1712 3250/3716/1712 3238/3703/1712
f 3239/3704/1713 3251/3717/1713 3252/3718/1713 3240/3705/1713
f 3240/3705/1714 3252/3718/1714 3253/3719/1714 3241/3706/1714
f 3241/3706/1715 3253/3719/1715 3254/3720/1715 3242/3707/1715
f 3242/3708/1716 3254/3721/1716 3255/3722/1716 3243/3709/1716
f 3243/3709/1717 3255/3722/1717 3256/3723/1717 3244/3710/1717
f 3244/3710/1718 3256/3723/1718 3257/3724/1718 3245/3711/1718
f 3245/3711/1719 3257/3724/1719 3258/3725/1719 3246/3712/1719
f 3246/3712/1720 3258/3725/1720 3259/3726/1720 3247/3713/1720
f 3247/3713/1721 3259/3726/1721 3260/3727/1721 3248/3714/1721
f 3248/3714/1722 3260/3727/1722 3249/3715/1722 3237/3702/1722
f 3249/3715/1723 3261/3728/1723 3262/3729/1723 3250/3716/1723
f 3251/3717/1724 3263/3730/1724 3264/3731/1724 3252/3718/1724
f 3252/3718/1725 3264/3731/1725 3265/3732/1725 3253/3719/1725
f 3253/3719/1726 3265/3732/1726 3266/3733/1726 3254/3720/1726
f 3254/3721/1727 3266/3734/1727 3267/3735/1727 3255/3722/1727
f 3255/3722/1728 3267/3735/1728 3268/3736/1728 3256/3723/1728
f 3256/3723/1729 3268/3736/1729 3269/3737/1729 3257/3724/1729
f 3257/3724/1730 3269/3737/1730 3270/3738/1730 3258/3725/1730
f 3258/3725/1731 3270/3738/1731 3271/3739/1731 3259/3726/1731
f 3259/3726/1732 3271/3739/1732 3272/3740/1732 3260/3727/1732
f 3260/3727/1733 3272/3740/1733 3261/3728/1733 3249/3715/1733
f 3261/3728/1734 3273/3741/1734 3274/3742/1734 3262/3729/1734
f 3263/3730/1735 3275/3743/1735 3276/3744/1735 3264/3731/1735
f 3264/3731/1736 3276/3744/1736 3277/3745/1736 3265/3732/1736
f 3265/3732/1737 3277/3745/1737 3278/3746/1737 3266/3733/1737
f 3266/3734/1738 3278/3747/1738 3279/3748/1738 3267/3735/1738
f 3267/3735/1739 3279/3748/1739 3280/3749/1739 3268/3736/1739
f 3268/3736/1740 3280/3749/1740 3281/3750/1740 3269/3737/1740
f 3269/3737/1741 3281/3750/1741 3282/3751/1741 3270/3738/1741
f 3270/3738/1742 3282/3751/1742 3283/3752/1742 3271/3739/1742
f 3271/3739/1743 3283/3752/1743 3284/3753/1743 3272/3740/1743
f 3272/3740/1744 3284/3753/1744 3273/3741/1744 3261/3728/1744
f 3273/3741/1745 3285/3754/1745 3286/3755/1745 3274/3742/1745
f 3275/3743/1746 3287/3756/1746 3288/3757/1746 3276/3744/1746
f 3276/3744/1747 3288/3757/1747 3289/3758/1747 3277/3745/1747
f 3277/3745/1748 3289/3758/1748 3290/3759/1748 3278/3746/1748
f 3278/3747/1749 3290/3760/1749 3291/3761/1749 3279/3748/1749
f 3279/3748/1750 3291/3761/1750 3292/3762/1750 3280/3749/1750
f 3280/3749/1751 3292/3762/1751 3293/3763/1751 3281/3750/1751
f 3281/3750/1752 3293/3763/1752 3294/3764/1752 3282/3751/1752
f 3282/3751/1753 3294/3764/1753 3295/3765/1753 3283/3752/1753
f 3283/3752/1754 3295/3765/1754 3296/3766/1754 3284/3753/1754
f 3284/3753/1755 3296/3766/1755 3285/3754/1755 3273/3741/1755
f 3285/3754/1756 3297/3767/1756 3298/3768/1756 3286/3755/1756
f 3287/3756/1757 3299/3769/1757 3300/3770/1757 3288/3757/1757
f 3288/3757/1758 3300/3770/1758 3301/3771/1758 3289/3758/1758
f 3289/3758/1759 3301/3771/1759 3302/3772/1759 3290/3759/1759
f 3290/3760/1760 3302/3773/1760 3303/3774/1760 3291/3761/1760
f 3291/3761/1761 3303/3774/1761 3304/3775/1761 3292/3762/1761
f 3292/3762/1762 3304/3775/1762 3305/3776/1762 3293/3763/1762
f 3293/3763/1763 3305/3776/1763 3306/3777/1763 3294/3764/1763
f 3294/3764/1764 3306/3777/1764 3307/3778/1764 3295/3765/1764
f 3295/3765/1765 3307/3778/1765 3308/3779/1765 3296/3766/1765
f 3296/3766/1766 3308/3779/1766 3297/3767/1766 3285/3754/1766
f 3297/3767/1767 3309/3780/1767 3310/3781/1767 3298/3768/1767
f 3299/3769/1768 3311/3782/1768 3312/3783/1768 3300/3770/1768
f 3300/3770/1769 3312/3783/1769 3313/3784/1769 3301/3771/1769
f 3301/3771/1770 3313/3784/1770 3314/3785/1770 3302/3772/1770
f 3302/3773/1771 3314/3786/1771 3315/3787/1771 3303/3774/1771
f 3303/3774/1772 3315/3787/1772 3316/3788/1772 3304/3775/1772
f 3304/3775/1773 3316/3788/1773 3317/3789/1773 3305/3776/1773
f 3305/3776/1774 3317/3789/1774 3318/3790/1774 3306/3777/1774
f 3306/3777/1775 3318/3790/1775 3319/3791/1775 3307/3778/1775
f 3307/3778/1776 3319/3791/1776 3320/3792/1776 3308/3779/1776
f 3308/3779/1777 3320/3792/1777 3309/3780/1777 3297/3767/1777
f 3309/3780/1778 3321/3793/1778 3322/3794/1778 3310/3781/1778
f 3311/3782/1779 3323/3795/1779 3324/3796/1779 3312/3783/1779
f 3312/3783/1780 3324/3796/1780 3325/3797/1780 3313/3784/1780
f 3313/3784/1781 3325/3797/1781 3326/3798/1781 3314/3785/1781
f 3314/3786/1782 3326/3799/1782 3327/3800/1782 3315/3787/1782
f 3315/3787/1783 3327/3800/1783 3328/3801/1783 3316/3788/1783
f 3316/3788/1784 3328/3801/1784 3329/3802/1784 3317/3789/1784
f 3317/3789/1785 3329/3802/1785 3330/3803/1785 3318/3790/1785
f 3318/3790/1786 3330/3803/1786 3331/3804/1786 3319/3791/1786
f 3319/3791/1787 3331/3804/1787 3332/3805/1787 3320/3792/1787
f 3320/3792/1788 3332/3805/1788 3321/3793/1788 3309/3780/1788
f 3321/3793/1789 3333/3806/1789 3334/3807/1789 3322/3794/1789
f 3323/3795/1790 3335/3808/1790 3336/3809/1790 3324/3796/1790
f 3324/3796/1791 3336/3809/1791 3337/3810/1791 3325/3797/1791
f 3325/3797/1792 3337/3810/1792 3338/3811/1792 3326/3798/1792
f 3326/3799/1793 3338/3812/1793 3339/3813/1793 3327/3800/1793
f 3327/3800/1794 3339/3813/1794 3340/3814/1794 3328/3801/1794
f 3328/3801/1795 3340/3814/1795 3341/3815/1795 3329/3802/1795
f 3329/3802/1796 3341/3815/1796 3342/3816/1796 3330/3803/1796
f 3330/3803/1797 3342/3816/1797 3343/3817/1797 3331/3804/1797
f 3331/3804/1798 3343/3817/1798 3344/3818/1798 3332/3805/1798
f 3332/3805/1799 3344/3818/1799 3333/3806/1799 3321/3793/1799
f 3333/3806/1800 3345/3819/1800 3346/3820/1800 3334/3807/1800
f 3335/3808/1801 3347/3821/1801 3348/3822/1801 3336/3809/1801
f 3336/3809/1802 3348/3822/1802 3349/3823/1802 3337/3810/1802
f 3337/3810/1803 3349/3823/1803 3350/3824/1803 3338/3811/1803
f 3338/3812/1804 3350/3825/1804 3351/3826/1804 3339/3813/1804
f 3339/3813/1805 3351/3826/1805 3352/3827/1805 3340/3814/1805
f 3340/3814/1806 3352/3827/1806 3353/3828/1806 3341/3815/1806
f 3341/3815/1807 3353/3828/1807 3354/3829/1807 3342/3816/1807
f 3342/3816/1808 3354/3829/1808 3355/3830/1808 3343/3817/1808
f 3343/3817/1809 3355/3830/1809 3356/3831/1809 3344/3818/1809
f 3344/3818/1810 3356/3831/1810 3345/3819/1810 3333/3806/1810
f 3345/3819/1811 3357/3832/1811 3358/3833/1811 3346/3820/1811
f 3347/3821/1812 3359/3834/1812 3360/3835/1812 3348/3822/1812
f 3348/3822/1813 3360/3835/1813 3361/3836/1813 3349/3823/1813
f 3349/3823/1814 3361/3836/1814 3362/3837/1814 3350/3824/1814
f 3350/3825/1815 3362/3838/1815 3363/3839/1815 3351/3826/1815
f 3351/3826/1816 3363/3839/1816 3364/3840/1816 3352/3827/1816
f 3352/3827/1817 3364/3840/1817 3365/3841/1817 3353/3828/1817
f 3353/3828/1818 3365/3841/1818 3366/3842/1818 3354/3829/1818
f 3354/3829/1819 3366/3842/1819 3367/3843/1819 3355/3830/1819
f 3355/3830/1820 3367/3843/1820 3368/3844/1820 3356/3831/1820
f 3356/3831/1821 3368/3844/1821 3357/3832/1821 3345/3819/1821
f 3357/3832/1822 3369/3845/1822 3370/3846/1822 3358/3833/1822
f 3359/3834/1823 3371/3847/1823 3372/3848/1823 3360/3835/1823
f 3360/3835/1824 3372/3848/1824 3373/3849/1824 3361/3836/1824
f 3361/3836/1825 3373/3849/1825 3374/3850/1825 3362/3837/1825
f 3362/3838/1826 3374/3851/1826 3375/3852/1826 3363/3839/1826
f 3363/3839/1827 3375/3852/1827 3376/3853/1827 3364/3840/1827
f 3364/3840/1828 3376/3853/1828 3377/3854/1828 3365/3841/1828
f 3365/3841/1829 3377/3854/1829 3378/3855/1829 3366/3842/1829
f 3366/3842/1830 3378/3855/1830 3379/3856/1830 3367/3843/1830
f 3367/3843/1831 3379/3856/1831 3380/3857/1831 3368/3844/1831
f 3368/3844/1832 3380/3857/1832 3369/3845/1832 3357/3832/1832
f 3369/3845/1833 3381/3858/1833 3382/3859/1833 3370/3846/1833
f 3371/3847/1834 3383/3860/1834 3384/3861/1834 3372/3848/1834
f 3372/3848/1835 3384/3861/1835 3385/3862/1835 3373/3849/1835
f 3373/3849/1836 3385/3862/1836 3386/3863/1836 3374/3850/1836
f 3374/3851/1837 3386/3864/1837 3387/3865/1837 3375/3852/1837
f 3375/3852/1838 3387/3865/1838 3388/3866/1838 3376/3853/1838
f 3376/3853/1839 3388/3866/1839 3389/3867/1839 3377/3854/1839
f 3377/3854/1840 3389/3867/1840 3390/3868/1840 3378/3855/1840
f 3378/3855/1841 3390/3868/1841 3391/3869/1841 3379/3856/1841
f 3379/3856/1842 3391/3869/1842 3392/3870/1842 3380/3857/1842
f 3380/3857/1843 3392/3870/1843 3381/3858/1843 3369/3845/1843
f 3381/3858/1844 3393/3871/1844 3394/3872/1844 3382/3859/1844
f 3383/3860/1845 3395/3873/1845 3396/3874/1845 3384/3861/1845
f 3384/3861/1846 3396/3874/1846 3397/3875/1846 3385/3862/1846
f 3385/3862/1847 3397/3875/1847 3398/3876/1847 3386/3863/1847
f 3386/3864/1848 3398/3877/1848 3399/3878/1848 3387/3865/1848
f 3387/3865/1849 3399/3878/1849 3400/3879/1849 3388/3866/1849
f 3388/3866/1850 3400/3879/1850 3401/3880/1850 3389/3867/1850
f 3389/3867/1851 3401/3880/1851 3402/3881/1851 3390/3868/1851
f 3390/3868/1852 3402/3881/1852 3403/3882/1852 3391/3869/1852
f 3391/3869/1853 3403/3882/1853 3404/3883/1853 3392/3870/1853
f 3392/3870/1854 3404/3883/1854 3393/3871/1854 3381/3858/1854
f 3393/3871/1855 3405/3884/1855 3406/3885/1855 3394/3872/1855
f 3395/3873/1856 3407/3886/1856 3408/3887/1856 3396/3874/1856
f 3396/3874/1857 3408/3887/1857 3409/3888/1857 3397/3875/1857
f 3397/3875/1858 3409/3888/1858 3410/3889/1858 3398/3876/1858
f 3398/3877/1859 3410/3890/1859 3411/3891/1859 3399/3878/1859
f 3399/3878/1860 3411/3891/1860 3412/3892/1860 3400/3879/1860
f 3400/3879/1861 3412/3892/1861 3413/3893/1861 3401/3880/1861
f 3401/3880/1862 3413/3893/1862 3414/3894/1862 3402/3881/1862
f 3402/3881/1863 3414/3894/1863 3415/3895/1863 3403/3882/1863
f 3403/3882/1864 3415/3895/1864 3416/3896/1864 3404/3883/1864
f 3404/3883/1865 3416/3896/1865 3405/3884/1865 3393/3871/1865
f 3405/3884/1866 3417/3897/1866 3418/3898/1866 3406/3885/1866
f 3407/3886/1867 3419/3899/1867 3420/3900/1867 3408/3887/1867
f 3408/3887/1868 3420/3900/1868 3421/3901/1868 3409/3888/1868
f 3409/3888/1869 3421/3901/1869 3422/3902/1869 3410/3889/1869
f 3410/3890/1870 3422/3903/1870 3423/3904/1870 3411/3891/1870
f 3411/3891/1871 3423/3904/1871 3424/3905/1871 3412/3892/1871
f 3412/3892/1872 3424/3905/1872 3425/3906/1872 3413/3893/1872
f 3413/3893/1873 3425/3906/1873 3426/3907/1873 3414/3894/1873
f 3414/3894/1874 3426/3907/1874 3427/3908/1874 3415/3895/1874
f 3415/3895/1875 3427/3908/1875 3428/3909/1875 3416/3896/1875
f 3416/3896/1876 3428/3909/1876 3417/3897/1876 3405/3884/1876
f 3417/3897/1877 3429/3910/1877 3430/3911/1877 3418/3898/1877
f 3419/3899/1878 3431/3912/1878 3432/3913/1878 3420/3900/1878
f 3420/3900/1879 3432/3913/1879 3433/3914/1879 3421/3901/1879
f 3421/3901/1880 3433/3914/1880 3434/3915/1880 3422/3902/1880
f 3422/3903/1881 3434/3916/1881 3435/3917/1881 3423/3904/1881
f 3423/3904/1882 3435/3917/1882 3436/3918/1882 3424/3905/1882
f 3424/3905/1883 3436/3918/1883 3437/3919/1883 3425/3906/1883
f 3425/3906/1884 3437/3919/1884 3438/3920/1884 3426/3907/1884
f 3426/3907/1885 3438/3920/1885 3439/3921/1885 3427/3908/1885
f 3427/3908/1886 3439/3921/1886 3440/3922/1886 3428/3909/1886
f 3428/3909/1887 3440/3922/1887 3429/3910/1887 3417/3897/1887
f 3429/3910/1888 3441/3923/1888 3442/3924/1888 3430/3911/1888
f 3431/3912/1889 3443/3925/1889 3444/3926/1889 3432/3913/1889
f 3432/3913/1890 3444/3926/1890 3445/3927/1890 3433/3914/1890
f 3433/3914/1891 3445/3927/1891 3446/3928/1891 3434/3915/1891
f 3434/3916/1892 3446/3929/1892 3447/3930/1892 3435/3917/1892
f 3435/3917/1893 3447/3930/1893 3448/3931/1893 3436/3918/1893
f 3436/3918/1894 3448/3931/1894 3449/3932/1894 3437/3919/1894
f 3437/3919/1895 3449/3932/1895 3450/3933/1895 3438/3920/1895
f 3438/3920/1896 3450/3933/1896 3451/3934/1896 3439/3921/1896
f 3439/3921/1897 3451/3934/1897 3452/3935/1897 3440/3922/1897
f 3440/3922/1898 3452/3935/1898 3441/3923/1898 3429/3910/1898
f 3441/3923/1899 3453/3936/1899 3454/3937/1899 3442/3924/1899
f 3443/3925/1900 3455/3938/1900 3456/3939/1900 3444/3926/1900
f 3444/3926/1901 3456/3939/1901 3457/3940/1901 3445/3927/1901
f 3445/3927/1902 3457/3940/1902 3458/3941/1902 3446/3928/1902
f 3446/3929/1903 3458/3942/1903 3459/3943/1903 3447/3930/1903
f 3447/3930/1904 3459/3943/1904 3460/3944/1904 3448/3931/1904
f 3448/3931/1905 3460/3944/1905 3461/3945/1905 3449/3932/1905
f 3449/3932/1906 3461/3945/1906 3462/3946/1906 3450/3933/1906
f 3450/3933/1907 3462/3946/1907 3463/3947/1907 3451/3934/1907
f 3451/3934/1908 3463/3947/1908 3464/3948/1908 3452/3935/1908
f 3452/3935/1909 3464/3948/1909 3453/3936/1909 3441/3923/1909
f 3453/3936/1910 3465/3949/1910 3466/3950/1910 3454/3937/1910
f 3455/3938/1911 3467/3951/1911 3468/3952/1911 3456/3939/1911
f 3456/3939/1912 3468/3952/1912 3469/3953/1912 3457/3940/1912
f 3457/3940/1913 3469/3953/1913 3470/3954/1913 3458/3941/1913
f 3458/3942/1914 3470/3955/1914 3471/3956/1914 3459/3943/1914
f 3459/3943/1915 3471/3956/1915 3472/3957/1915 3460/3944/1915
f 3460/3944/1916 3472/3957/1916 3473/3958/1916 3461/3945/1916
f 3461/3945/1917 3473/3958/1917 3474/3959/1917 3462/3946/1917
f 3462/3946/1918 3474/3959/1918 3475/3960/1918 3463/3947/1918
f 3463/3947/1919 3475/3960/1919 3476/3961/1919 3464/3948/1919
f 3464/3948/1920 3476/3961/1920 3465/3949/1920 3453/3936/1920
f 3465/3962/1921 3477/3963/1921 3478/3964/1921 3466/3965/1921
f 3467/3966/1922 3479/3967/1922 3480/3968/1922 3468/3969/1922
f 3468/3969/1923 3480/3968/1923 3481/3970/1923 3469/3971/1923
f 3469/3971/1924 3481/3970/1924 3482/3972/1924 3470/3973/1924
f 3470/3974/1925 3482/3975/1925 3483/3976/1925 3471/3977/1925
f 3471/3977/1926 3483/3976/1926 3484/3978/1926 3472/3979/1926
f 3472/3979/1927 3484/3978/1927 3485/3980/1927 3473/3981/1927
f 3473/3981/1928 3485/3980/1928 3486/3982/1928 3474/3983/1928
f 3474/3983/1929 3486/3982/1929 3487/3984/1929 3475/3985/1929
f 3475/3985/1930 3487/3984/1930 3488/3986/1930 3476/3987/1930
f 3476/3987/1931 3488/3986/1931 3477/3963/1931 3465/3962/1931
f 3477/3963/1932 3489/3988/1932 3490/3989/1932 3478/3964/1932
f 3479/3967/1933 3491/3990/1933 3492/3991/1933 3480/3968/1933
f 3480/3968/1934 3492/3991/1934 3493/3992/1934 3481/3970/1934
f 3481/3970/1935 3493/3992/1935 3494/3993/1935 3482/3972/1935
f 3482/3975/1936 3494/3994/1936 3495/3995/1936 3483/3976/1936
f 3483/3976/1937 3495/3995/1937 3496/3996/1937 3484/3978/1937
f 3484/3978/1938 3496/3996/1938 3497/3997/1938 3485/3980/1938
f 3485/3980/1939 3497/3997/1939 3498/3998/1939 3486/3982/1939
f 3486/3982/1940 3498/3998/1940 3499/3999/1940 3487/3984/1940
f 3487/3984/1941 3499/3999/1941 3500/4000/1941 3488/3986/1941
f 3488/3986/1942 3500/4000/1942 3489/3988/1942 3477/3963/1942
f 3489/3988/1943 3501/4001/1943 3502/4002/1943 3490/3989/1943
f 3491/3990/1944 3503/4003/1944 3504/4004/1944 3492/3991/1944
f 3492/3991/1945 3504/4004/1945 3505/4005/1945 3493/3992/1945
f 3493/3992/1946 3505/4005/1946 3506/4006/1946 3494/3993/1946
f 3494/3994/1947 3506/4007/1947 3507/4008/1947 3495/3995/1947
f 3495/3995/1948 3507/4008/1948 3508/4009/1948 3496/3996/1948
f 3496/3996/1949 3508/4009/1949 3509/4010/1949 3497/3997/1949
f 3497/3997/1950 3509/4010/1950 3510/4011/1950 3498/3998/1950
f 3498/3998/1951 3510/4011/1951 3511/4012/1951 3499/3999/1951
f 3499/3999/1952 3511/4012/1952 3512/4013/1952 3500/4000/1952
f 3500/4000/1953 3512/4013/1953 3501/4001/1953 3489/3988/1953
f 3501/4001/1954 3513/4014/1954 3514/4015/1954 3502/4002/1954
f 3503/4003/1955 3515/4016/1955 3516/4017/1955 3504/4004/1955
f 3504/4004/1956 3516/4017/1956 3517/4018/1956 3505/4005/1956
f 3505/4005/1957 3517/4018/1957 3518/4019/1957 3506/4006/1957
f 3506/4007/1958 3518/4020/1958 3519/4021/1958 3507/4008/1958
f 3507/4008/1959 3519/4021/1959 3520/4022/1959 3508/4009/1959
f 3508/4009/1960 3520/4022/1960 3521/4023/1960 3509/4010/1960
f 3509/4010/1961 3521/4023/1961 3522/4024/1961 3510/4011/1961
f 3510/4011/1962 3522/4024/1962 3523/4025/1962 3511/4012/1962
f 3511/4012/1963 3523/4025/1963 3524/4026/1963 3512/4013/1963
f 3512/4013/1964 3524/4026/1964 3513/4014/1964 3501/4001/1964
f 3513/4014/1965 3525/4027/1965 3526/4028/1965 3514/4015/1965
f 3515/4016/1966 3527/4029/1966 3528/4030/1966 3516/4017/1966
f 3516/4017/1967 3528/4030/1967 3529/4031/1967 3517/4018/1967
f 3517/4018/1968 3529/4031/1968 3530/4032/1968 3518/4019/1968
f 3518/4020/1969 3530/4033/1969 3531/4034/1969 3519/4021/1969
f 3519/4021/1970 3531/4034/1970 3532/4035/1970 3520/4022/1970
f 3520/4022/1971 3532/4035/1971 3533/4036/1971 3521/4023/1971
f 3521/4023/1972 3533/4036/1972 3534/4037/1972 3522/4024/1972
f 3522/4024/1973 3534/4037/1973 3535/4038/1973 3523/4025/1973
f 3523/4025/1974 3535/4038/1974 3536/4039/1974 3524/4026/1974
f 3524/4026/1975 3536/4039/1975 3525/4027/1975 3513/4014/1975
f 3525/4027/1976 3537/4040/1976 3538/4041/1976 3526/4028/1976
f 3527/4029/1977 3539/4042/1977 3540/4043/1977 3528/4030/1977
f 3528/4030/1978 3540/4043/1978 3541/4044/1978 3529/4031/1978
f 3529/4031/1979 3541/4044/1979 3542/4045/1979 3530/4032/1979
f 3530/4033/1980 3542/4046/1980 3543/4047/1980 3531/4034/1980
f 3531/4034/1981 3543/4047/1981 3544/4048/1981 3532/4035/1981
f 3532/4035/1982 3544/4048/1982 3545/4049/1982 3533/4036/1982
f 3533/4036/1983 3545/4049/1983 3546/4050/1983 3534/4037/1983
f 3534/4037/1984 3546/4050/1984 3547/4051/1984 3535/4038/1984
f 3535/4038/1985 3547/4051/1985 3548/4052/1985 3536/4039/1985
f 3536/4039/1986 3548/4052/1986 3537/4040/1986 3525/4027/1986
f 3537/4040/1987 3549/4053/1987 3550/4054/1987 3538/4041/1987
f 3539/4042/1988 3551/4055/1988 3552/4056/1988 3540/4043/1988
f 3540/4043/1989 3552/4056/1989 3553/4057/1989 3541/4044/1989
f 3541/4044/1990 3553/4057/1990 3554/4058/1990 3542/4045/1990
f 3542/4046/1991 3554/4059/1991 3555/4060/1991 3543/4047/1991
f 3543/4047/1992 3555/4060/1992 3556/4061/1992 3544/4048/1992
f 3544/4048/1993 3556/4061/1993 3557/4062/1993 3545/4049/1993
f 3545/4049/1994 3557/4062/1994 3558/4063/1994 3546/4050/1994
f 3546/4050/1995 3558/4063/1995 3559/4064/1995 3547/4051/1995
f 3547/4051/1996 3559/4064/1996 3560/4065/1996 3548/4052/1996
f 3548/4052/1997 3560/4065/1997 3549/4053/1997 3537/4040/1997
f 3549/4053/1998 3561/4066/1998 3562/4067/1998 3550/4054/1998
f 3551/4055/1999 3563/4068/1999 3564/4069/1999 3552/4056/1999
f 3552/4056/2000 3564/4069/2000 3565/4070/2000 3553/4057/2000
f 3553/4057/2001 3565/4070/2001 3566/4071/2001 3554/4058/2001
f 3554/4059/2002 3566/4072/2002 3567/4073/2002 3555/4060/2002
f 3555/4060/2003 3567/4073/2003 3568/4074/2003 3556/4061/2003
f 3556/4061/2004 3568/4074/2004 3569/4075/2004 3557/4062/2004
f 3557/4062/2005 3569/4075/2005 3570/4076/2005 3558/4063/2005
f 3558/4063/2006 3570/4076/2006 3571/4077/2006 3559/4064/2006
f 3559/4064/2007 3571/4077/2007 3572/4078/2007 3560/4065/2007
f 3560/4065/2008 3572/4078/2008 3561/4066/2008 3549/4053/2008
f 3561/4066/2009 3573/4079/2009 3574/4080/2009 3562/4067/2009
f 3563/4068/2010 3575/4081/2010 3576/4082/2010 3564/4069/2010
f 3564/4069/2011 3576/4082/2011 3577/4083/2011 3565/4070/2011
f 3565/4070/2012 3577/4083/2012 3578/4084/2012 3566/4071/2012
f 3566/4072/2013 3578/4085/2013 3579/4086/2013 3567/4073/2013
f 3567/4073/2014 3579/4086/2014 3580/4087/2014 3568/4074/2014
f 3568/4074/2015 3580/4087/2015 3581/4088/2015 3569/4075/2015
f 3569/4075/2016 3581/4088/2016 3582/4089/2016 3570/4076/2016
f 3570/4076/2017 3582/4089/2017 3583/4090/2017 3571/4077/2017
f 3571/4077/2018 3583/4090/2018 3584/4091/2018 3572/4078/2018
f 3572/4078/2019 3584/4091/2019 3573/4079/2019 3561/4066/2019
f 3573/4079/2020 3585/4092/2020 3586/4093/2020 3574/4080/2020
f 3575/4081/2021 3587/4094/2021 3588/4095/2021 3576/4082/2021
f 3576/4082/2022 3588/4095/2022 3589/4096/2022 3577/4083/2022
f 3577/4083/2023 3589/4096/2023 3590/4097/2023 3578/4084/2023
f 3578/4085/2024 3590/4098/2024 3591/4099/2024 3579/4086/2024
f 3579/4086/2025 3591/4099/2025 3592/4100/2025 3580/4087/2025
f 3580/4087/2026 3592/4100/2026 3593/4101/2026 3581/4088/2026
f 3581/4088/2027 3593/4101/2027 3594/4102/2027 3582/4089/2027
f 3582/4089/2028 3594/4102/2028 3595/4103/2028 3583/4090/2028
f 3583/4090/2029 3595/4103/2029 3596/4104/2029 3584/4091/2029
f 3584/4091/2030 3596/4104/2030 3585/4092/2030 3573/4079/2030
f 3585/4092/2031 3597/4105/2031 3598/4106/2031 3586/4093/2031
f 3587/4094/2032 3599/4107/2032 3600/4108/2032 3588/4095/2032
f 3588/4095/2033 3600/4108/2033 3601/4109/2033 3589/4096/2033
f 3589/4096/2034 3601/4109/2034 3602/4110/2034 3590/4097/2034
f 3590/4098/2035 3602/4111/2035 3603/4112/2035 3591/4099/2035
f 3591/4099/2036 3603/4112/2036 3604/4113/2036 3592/4100/2036
f 3592/4100/2037 3604/4113/2037 3605/4114/2037 3593/4101/2037
f 3593/4101/2038 3605/4114/2038 3606/4115/2038 3594/4102/2038
f 3594/4102/2039 3606/4115/2039 3607/4116/2039 3595/4103/2039
f 3595/4103/2040 3607/4116/2040 3608/4117/2040 3596/4104/2040
f 3596/4104/2041 3608/4117/2041 3597/4105/2041 3585/4092/2041
f 3597/4105/2042 3609/4118/2042 3610/4119/2042 3598/4106/2042
f 3599/4107/2043 3611/4120/2043 3612/4121/2043 3600/4108/2043
f 3600/4108/2044 3612/4121/2044 3613/4122/2044 3601/4109/2044
f 3601/4109/2045 3613/4122/2045 3614/4123/2045 3602/4110/2045
f 3602/4111/2046 3614/4124/2046 3615/4125/2046 3603/4112/2046
f 3603/4112/2047 3615/4125/2047 3616/4126/2047 3604/4113/2047
f 3604/4113/2048 3616/4126/2048 3617/4127/2048 3605/4114/2048
f 3605/4114/2049 3617/4127/2049 3618/4128/2049 3606/4115/2049
f 3606/4115/2050 3618/4128/2050 3619/4129/2050 3607/4116/2050
f 3607/4116/2051 3619/4129/2051 3620/4130/2051 3608/4117/2051
f 3608/4117/2052 3620/4130/2052 3609/4118/2052 3597/4105/2052
f 3609/4118/2053 3621/4131/2053 3622/4132/2053 3610/4119/2053
f 3611/4120/2054 3623/4133/2054 3624/4134/2054 3612/4121/2054
f 3612/4121/2055 3624/4134/2055 3625/4135/2055 3613/4122/2055
f 3613/4122/2056 3625/4135/2056 3626/4136/2056 3614/4123/2056
f 3614/4124/2057 3626/4137/2057 3627/4138/2057 3615/4125/2057
f 3615/4125/2058 3627/4138/2058 3628/4139/2058 3616/4126/2058
f 3616/4126/2059 3628/4139/2059 3629/4140/2059 3617/4127/2059
f 3617/4127/2060 3629/4140/2060 3630/4141/2060 3618/4128/2060
f 3618/4128/2061 3630/4141/2061 3631/4142/2061 3619/4129/2061
f 3619/4129/2062 3631/4142/2062 3632/4143/2062 3620/4130/2062
f 3620/4130/2063 3632/4143/2063 3621/4131/2063 3609/4118/2063
f 3621/4131/2064 3633/4144/2064 3634/4145/2064 3622/4132/2064
f 3623/4133/2065 3635/4146/2065 3636/4147/2065 3624/4134/2065
f 3624/4134/2066 3636/4147/2066 3637/4148/2066 3625/4135/2066
f 3625/4135/2067 3637/4148/2067 3638/4149/2067 3626/4136/2067
f 3626/4137/2068 3638/4150/2068 3639/4151/2068 3627/4138/2068
f 3627/4138/2069 3639/4151/2069 3640/4152/2069 3628/4139/2069
f 3628/4139/2070 3640/4152/2070 3641/4153/2070 3629/4140/2070
f 3629/4140/2071 3641/4153/2071 3642/4154/2071 3630/4141/2071
f 3630/4141/2072 3642/4154/2072 3643/4155/2072 3631/4142/2072
f 3631/4142/2073 3643/4155/2073 3644/4156/2073 3632/4143/2073
f 3632/4143/2074 3644/4156/2074 3633/4144/2074 3621/4131/2074
f 3633/4144/2075 3645/4157/2075 3646/4158/2075 3634/4145/2075
f 3635/4146/2076 3647/4159/2076 3648/4160/2076 3636/4147/2076
f 3636/4147/2077 3648/4160/2077 3649/4161/2077 3637/4148/2077
f 3637/4148/2078 3649/4161/2078 3650/4162/2078 3638/4149/2078
f 3638/4150/2079 3650/4163/2079 3651/4164/2079 3639/4151/2079
f 3639/4151/2080 3651/4164/2080 3652/4165/2080 3640/4152/2080
f 3640/4152/2081 3652/4165/2081 3653/4166/2081 3641/4153/2081
f 3641/4153/2082 3653/4166/2082 3654/4167/2082 3642/4154/2082
f 3642/4154/2083 3654/4167/2083 3655/4168/2083 3643/4155/2083
f 3643/4155/2084 3655/4168/2084 3656/4169/2084 3644/4156/2084
f 3644/4156/2085 3656/4169/2085 3645/4157/2085 3633/4144/2085
f 3645/4157/2086 3657/4170/2086 3658/4171/2086 3646/4158/2086
f 3647/4159/2087 3659/4172/2087 3660/4173/2087 3648/4160/2087
f 3648/4160/2088 3660/4173/2088 3661/4174/2088 3649/4161/2088
f 3649/4161/2089 3661/4174/2089 3662/4175/2089 3650/4162/2089
f 3650/4163/2090 3662/4176/2090 3663/4177/2090 3651/4164/2090
f 3651/4164/2091 3663/4177/2091 3664/4178/2091 3652/4165/2091
f 3652/4165/2092 3664/4178/2092 3665/4179/2092 3653/4166/2092
f 3653/4166/2093 3665/4179/2093 3666/4180/2093 3654/4167/2093
f 3654/4167/2094 3666/4180/2094 3667/4181/2094 3655/4168/2094
f 3655/4168/2095 3667/4181/2095 3668/4182/2095 3656/4169/2095
f 3656/4169/2096 3668/4182/2096 3657/4170/2096 3645/4157/2096
f 3657/4170/2097 3669/4183/2097 3670/4184/2097 3658/4171/2097
f 3659/4172/2098 3671/4185/2098 3672/4186/2098 3660/4173/2098
f 3660/4173/2099 3672/4186/2099 3673/4187/2099 3661/4174/2099
f 3661/4174/2100 3673/4187/2100 3674/4188/2100 3662/4175/2100
f 3662/4176/2101 3674/4189/2101 3675/4190/2101 3663/4177/2101
f 3663/4177/2102 3675/4190/2102 3676/4191/2102 3664/4178/2102
f 3664/4178/2103 3676/4191/2103 3677/4192/2103 3665/4179/2103
f 3665/4179/2104 3677/4192/2104 3678/4193/2104 3666/4180/2104
f 3666/4180/2105 3678/4193/2105 3679/4194/2105 3667/4181/2105
f 3667/4181/2106 3679/4194/2106 3680/4195/2106 3668/4182/2106
f 3668/4182/2107 3680/4195/2107 3669/4183/2107 3657/4170/2107
f 3669/4183/2108 3681/4196/2108 3682/4197/2108 3670/4184/2108
f 3671/4185/2109 3683/4198/2109 3684/4199/2109 3672/4186/2109
f 3672/4186/2110 3684/4199/2110 3685/4200/2110 3673/4187/2110
f 3673/4187/2111 3685/4200/2111 3686/4201/2111 3674/4188/2111
f 3674/4189/2112 3686/4202/2112 3687/4203/2112 3675/4190/2112
f 3675/4190/2113 3687/4203/2113 3688/4204/2113 3676/4191/2113
f 3676/4191/2114 3688/4204/2114 3689/4205/2114 3677/4192/2114
f 3677/4192/2115 3689/4205/2115 3690/4206/2115 3678/4193/2115
f 3678/4193/2116 3690/4206/2116 3691/4207/2116 3679/4194/2116
f 3679/4194/2117 3691/4207/2117 3692/4208/2117 3680/4195/2117
f 3680/4195/2118 3692/4208/2118 3681/4196/2118 3669/4183/2118
f 3681/4196/2119 3693/4209/2119 3694/4210/2119 3682/4197/2119
f 3683/4198/2120 3695/4211/2120 3696/4212/2120 3684/4199/2120
f 3684/4199/2121 3696/4212/2121 3697/4213/2121 3685/4200/2121
f 3685/4200/2122 3697/4213/2122 3698/4214/2122 3686/4201/2122
f 3686/4202/2123 3698/4215/2123 3699/4216/2123 3687/4203/2123
f 3687/4203/2124 3699/4216/2124 3700/4217/2124 3688/4204/2124
f 3688/4204/2125 3700/4217/2125 3701/4218/2125 3689/4205/2125
f 3689/4205/2126 3701/4218/2126 3702/4219/2126 3690/4206/2126
f 3690/4206/2127 3702/4219/2127 3703/4220/2127 3691/4207/2127
f 3691/4207/2128 3703/4220/2128 3704/4221/2128 3692/4208/2128
f 3692/4208/2129 3704/4221/2129 3693/4209/2129 3681/4196/2129
f 3693/4209/2130 3705/4222/2130 3706/4223/2130 3694/4210/2130
f 3695/4211/2131 3707/4224/2131 3708/4225/2131 3696/4212/2131
f 3696/4212/2132 3708/4225/2132 3709/4226/2132 3697/4213/2132
f 3697/4213/2133 3709/4226/2133 3710/4227/2133 3698/4214/2133
f 3698/4215/2134 3710/4228/2134 3711/4229/2134 3699/4216/2134
f 3699/4216/2135 3711/4229/2135 3712/4230/2135 3700/4217/2135
f 3700/4217/2136 3712/4230/2136 3713/4231/2136 3701/4218/2136
f 3701/4218/2137 3713/4231/2137 3714/4232/2137 3702/4219/2137
f 3702/4219/2138 3714/4232/2138 3715/4233/2138 3703/4220/2138
f 3703/4220/2139 3715/4233/2139 3716/4234/2139 3704/4221/2139
f 3704/4221/2140 3716/4234/2140 3705/4222/2140 3693/4209/2140
f 3705/4222/2141 3717/4235/2141 3718/4236/2141 3706/4223/2141
f 3707/4224/2142 3719/4237/2142 3720/4238/2142 3708/4225/2142
f 3708/4225/2143 3720/4238/2143 3721/4239/2143 3709/4226/2143
f 3709/4226/2144 3721/4239/2144 3722/4240/2144 3710/4227/2144
f 3710/4228/2145 3722/4241/2145 3723/4242/2145 3711/4229/2145
f 3711/4229/2146 3723/4242/2146 3724/4243/2146 3712/4230/2146
f 3712/4230/2147 3724/4243/2147 3725/4244/2147 3713/4231/2147
f 3713/4231/2148 3725/4244/2148 3726/4245/2148 3714/4232/2148
f 3714/4232/2149 3726/4245/2149 3727/4246/2149 3715/4233/2149
f 3715/4233/2150 3727/4246/2150 3728/4247/2150 3716/4234/2150
f 3716/4234/2151 3728/4247/2151 3717/4235/2151 3705/4222/2151
f 3717/4235/2152 3729/4248/2152 3730/4249/2152 3718/4236/2152
f 3742/4250/2153 3178/3640/2153 3190/3639/2153 3202/3664/2153 3214/3677/2153 3226/3690/2153 3238/3703/2153 3250/3716/2153 3262/3729/2153 3274/3742/2153 3286/3755/2153 3298/3768/2153 3310/3781/2153 3322/3794/2153 3334/3807/2153 3346/3820/2153 3358/3833/2153 3370/3846/2153 3382/3859/2153 3394/3872/2153 3406/3885/2153 3418/3898/2153 3430/3911/2153 3442/3924/2153 3454/3937/2153 3466/3965/2153 3478/3964/2153 3490/3989/2153 3502/4002/2153 3514/4015/2153 3526/4028/2153 3538/4041/2153 3550/4054/2153 3562/4067/2153 3574/4080/2153 3586/4093/2153 3598/4106/2153 3610/4119/2153 3622/4132/2153 3634/4145/2153 3646/4158/2153 3658/4171/2153 3670/4184/2153 3682/4197/2153 3694/4210/2153 3706/4223/2153 3718/4236/2153 3730/4249/2153 3731/4251/2153 3719/4237/2153 3707/4224/2153 3695/4211/2153 3683/4198/2153 3671/4185/2153 3659/4172/2153 3647/4159/2153 3635/4146/2153 3623/4133/2153 3611/4120/2153 3599/4107/2153 3587/4094/2153 3575/4081/2153 3563/4068/2153 3551/4055/2153 3539/4042/2153 3527/4029/2153 3515/4016/2153 3503/4003/2153 3491/3990/2153 3479/3967/2153 3467/3951/2153 3455/3938/2153 3443/3925/2153 3431/3912/2153 3419/3899/2153 3407/3886/2153 3395/3873/2153 3383/3860/2153 3371/3847/2153 3359/3834/2153 3347/3821/2153 3335/3808/2153 3323/3795/2153 3311/3782/2153 3299/3769/2153 3287/3756/2153 3275/3743/2153 3263/3730/2153 3251/3717/2153 3239/3704/2153 3227/3691/2153 3215/3678/2153 3203/3665/2153 3191/3642/2153 3179/3641/2153 3743/4252/2153
f 3742/4250/1901 3743/4252/1901 3731/4251/1901 3730/4249/1901
f 3719/4237/2154 3731/4251/2154 3732/4253/2154 3720/4238/2154
f 3720/4238/2155 3732/4253/2155 3733/4254/2155 3721/4239/2155
f 3721/4239/2156 3733/4254/2156 3734/4255/2156 3722/4240/2156
f 3722/4241/2157 3734/4256/2157 3735/4257/2157 3723/4242/2157
f 3723/4242/2158 3735/4257/2158 3736/4258/2158 3724/4243/2158
f 3724/4243/2159 3736/4258/2159 3737/4259/2159 3725/4244/2159
f 3725/4244/2160 3737/4259/2160 3738/4260/2160 3726/4245/2160
f 3726/4245/2161 3738/4260/2161 3739/4261/2161 3727/4246/2161
f 3727/4246/2162 3739/4261/2162 3740/4262/2162 3728/4247/2162
f 3728/4247/2163 3740/4262/2163 3729/4248/2163 3717/4235/2163
f 3729/4248/2164 3741/4263/2164 3742/4250/2164 3730/4249/2164
f 3731/4251/2165 3743/4252/2165 3744/4264/2165 3732/4253/2165
f 3732/4253/2166 3744/4264/2166 3745/4265/2166 3733/4254/2166
f 3733/4254/2167 3745/4265/2167 3746/4266/2167 3734/4255/2167
f 3734/4256/2168 3746/4267/2168 3747/4268/2168 3735/4257/2168
f 3735/4257/2169 3747/4268/2169 3748/4269/2169 3736/4258/2169
f 3736/4258/2170 3748/4269/2170 3749/4270/2170 3737/4259/2170
f 3737/4259/2171 3749/4270/2171 3750/4271/2171 3738/4260/2171
f 3738/4260/2172 3750/4271/2172 3751/4272/2172 3739/4261/2172
f 3739/4261/2173 3751/4272/2173 3752/4273/2173 3740/4262/2173
f 3740/4262/2174 3752/4273/2174 3741/4263/2174 3729/4248/2174
f 3741/4263/2175 3177/3637/2175 3178/3640/2175 3742/4250/2175
f 3743/4252/2176 3179/3641/2176 3180/3644/2176 3744/4264/2176
f 3744/4264/2177 3180/3644/2177 3181/3646/2177 3745/4265/2177
f 3745/4265/2178 3181/3646/2178 3182/3648/2178 3746/4266/2178
f 3746/4267/2179 3182/3649/2179 3183/3652/2179 3747/4268/2179
f 3747/4268/2180 3183/3652/2180 3184/3654/2180 3748/4269/2180
f 3748/4269/2181 3184/3654/2181 3185/3656/2181 3749/4270/2181
f 3749/4270/2182 3185/3656/2182 3186/3658/2182 3750/4271/2182
f 3750/4271/2183 3186/3658/2183 3187/3660/2183 3751/4272/2183
f 3751/4272/2184 3187/3660/2184 3188/3662/2184 3752/4273/2184
f 3752/4273/2185 3188/3662/2185 3177/3637/2185 3741/4263/2185
o Silindir
v 1.615484 20.618826 -9.246077
v 0.338198 18.406502 -11.813009
v 2.062875 20.360525 -9.195196
v 1.219280 17.897808 -11.712805
v 2.493072 20.112150 -9.044509
v 2.066502 17.408665 -11.416045
v 2.889543 19.883247 -8.799807
v 2.847305 16.957869 -10.934134
v 3.237053 19.682613 -8.470492
v 3.531686 16.562740 -10.285588
v 3.522247 19.517956 -8.069222
v 4.093342 16.238468 -9.495334
v 3.734166 19.395605 -7.611417
v 4.510691 15.997512 -8.593739
v 3.864665 19.320261 -7.114669
v 4.767693 15.849132 -7.615452
v 3.908729 19.294821 -6.598067
v 4.854472 15.799030 -6.598067
v 3.864665 19.320261 -6.081465
v 4.767693 15.849132 -5.580682
v 3.734166 19.395605 -5.584717
v 4.510691 15.997512 -4.602395
v 3.522247 19.517956 -5.126911
v 4.093342 16.238468 -3.700800
v 3.237053 19.682613 -4.725641
v 3.531686 16.562740 -2.910546
v 2.889543 19.883247 -4.396327
v 2.847305 16.957869 -2.262001
v 2.493071 20.112152 -4.151625
v 2.066502 17.408665 -1.780088
v 2.062875 20.360525 -4.000937
v 1.219280 17.897808 -1.483328
v 1.615484 20.618826 -3.950057
v 0.338198 18.406502 -1.383124
v 1.168094 20.877127 -4.000937
v -0.542883 18.915194 -1.483328
v 0.737898 21.125502 -4.151625
v -1.390105 19.404339 -1.780088
v 0.341426 21.354404 -4.396327
v -2.170909 19.855135 -2.262001
v -0.006084 21.555038 -4.725641
v -2.855289 20.250263 -2.910546
v -0.291278 21.719696 -5.126911
v -3.416946 20.574535 -3.700800
v -0.503197 21.842047 -5.584717
v -3.834294 20.815491 -4.602395
v -0.633696 21.917391 -6.081465
v -4.091296 20.963871 -5.580682
v -0.677760 21.942831 -6.598067
v -4.178075 21.013973 -6.598067
v -0.633696 21.917391 -7.114669
v -4.091296 20.963871 -7.615452
v -0.503197 21.842047 -7.611417
v -3.834294 20.815491 -8.593739
v -0.291278 21.719696 -8.069222
v -3.416946 20.574535 -9.495334
v -0.006084 21.555038 -8.470493
v -2.855289 20.250263 -10.285588
v 0.341426 21.354404 -8.799807
v -2.170909 19.855135 -10.934134
v 0.737898 21.125500 -9.044509
v -1.390105 19.404339 -11.416045
v 1.168094 20.877127 -9.195196
v -0.542883 18.915194 -11.712805
v -3.599459 11.586279 -9.746397
v -2.571128 13.367399 -11.813009
v -1.690047 12.858707 -11.712805
v -3.067538 11.279175 -9.685903
v -0.842825 12.369563 -11.416045
v -2.556059 10.983871 -9.506744
v -0.062021 11.918766 -10.934134
v -2.084677 10.711720 -9.215807
v 0.622359 11.523639 -10.285588
v -1.671508 10.473176 -8.824272
v 1.184016 11.199367 -9.495334
v -1.332429 10.277409 -8.347185
v 1.601364 10.958410 -8.593739
v -1.080470 10.131940 -7.802881
v 1.858366 10.810030 -7.615452
v -0.925314 10.042360 -7.212276
v 1.945145 10.759928 -6.598067
v -0.872925 10.012114 -6.598067
v 1.858366 10.810030 -5.580682
v -0.925314 10.042360 -5.983858
v 1.601364 10.958410 -4.602395
v -1.080470 10.131940 -5.393253
v 1.184016 11.199367 -3.700800
v -1.332429 10.277409 -4.848948
v 0.622359 11.523639 -2.910546
v -1.671508 10.473176 -4.371861
v -0.062021 11.918766 -2.262001
v -2.084677 10.711720 -3.980326
v -0.842825 12.369563 -1.780088
v -2.556059 10.983871 -3.689389
v -1.690047 12.858707 -1.483328
v -3.067538 11.279175 -3.510231
v -2.571128 13.367399 -1.383124
v -3.599459 11.586279 -3.449737
v -3.452210 13.876092 -1.483328
v -4.131380 11.893383 -3.510231
v -4.299432 14.365236 -1.780088
v -4.642859 12.188686 -3.689389
v -5.080235 14.816033 -2.262001
v -5.114241 12.460838 -3.980326
v -5.764616 15.211161 -2.910546
v -5.527410 12.699382 -4.371861
v -6.326272 15.535433 -3.700800
v -5.866489 12.895149 -4.848948
v -6.743621 15.776389 -4.602395
v -6.118448 13.040618 -5.393253
v -7.000623 15.924769 -5.580682
v -6.273603 13.130198 -5.983858
v -7.087402 15.974872 -6.598067
v -6.325994 13.160444 -6.598067
v -7.000623 15.924769 -7.615452
v -6.273603 13.130198 -7.212276
v -6.743621 15.776389 -8.593739
v -6.118448 13.040618 -7.802881
v -6.326272 15.535433 -9.495334
v -5.866489 12.895149 -8.347186
v -5.764616 15.211161 -10.285588
v -5.527410 12.699382 -8.824272
v -5.080235 14.816033 -10.934134
v -5.114241 12.460838 -9.215807
v -4.299432 14.365236 -11.416045
v -4.642859 12.188686 -9.506744
v -3.452210 13.876092 -11.712805
v -4.131380 11.893383 -9.685903
vn 0.4136 0.5777 -0.7037
vn 0.5313 0.5097 -0.6767
vn 0.6422 0.4457 -0.6236
vn 0.7420 0.3881 -0.5466
vn 0.8269 0.3391 -0.4486
vn 0.8936 0.3006 -0.3333
vn 0.9396 0.2740 -0.2053
vn 0.9630 0.2605 -0.0693
vn 0.9630 0.2605 0.0693
vn 0.9396 0.2740 0.2053
vn 0.8936 0.3006 0.3333
vn 0.8269 0.3391 0.4486
vn 0.7420 0.3881 0.5466
vn 0.6422 0.4457 0.6236
vn 0.5313 0.5097 0.6767
vn 0.4136 0.5777 0.7037
vn 0.2935 0.6470 0.7037
vn 0.1758 0.7150 0.6767
vn 0.0649 0.7790 0.6236
vn -0.0349 0.8367 0.5466
vn -0.1198 0.8857 0.4486
vn -0.1865 0.9242 0.3333
vn -0.2325 0.9507 0.2053
vn -0.2559 0.9642 0.0693
vn -0.2559 0.9642 -0.0693
vn -0.2325 0.9507 -0.2053
vn -0.1865 0.9242 -0.3333
vn -0.1198 0.8857 -0.4486
vn -0.0349 0.8367 -0.5466
vn 0.0649 0.7790 -0.6236
vn 0.1758 0.7150 -0.6767
vn 0.2935 0.6470 -0.7037
vn -0.2935 -0.6470 -0.7037
vn -0.1758 -0.7150 -0.6767
vn -0.0649 -0.7790 -0.6236
vn 0.0349 -0.8367 -0.5466
vn 0.1198 -0.8857 -0.4486
vn 0.1865 -0.9242 -0.3333
vn 0.2325 -0.9507 -0.2053
vn 0.2559 -0.9642 -0.0693
vn 0.2559 -0.9642 0.0693
vn 0.2325 -0.9507 0.2053
vn 0.1865 -0.9242 0.3333
vn 0.1198 -0.8857 0.4486
vn 0.0349 -0.8367 0.5466
vn -0.0649 -0.7790 0.6236
vn -0.1758 -0.7150 0.6767
vn -0.2935 -0.6470 0.7037
vn -0.4136 -0.5777 0.7037
vn -0.5313 -0.5097 0.6767
vn -0.6422 -0.4457 0.6236
vn -0.7420 -0.3881 0.5466
vn -0.8269 -0.3391 0.4486
vn -0.8936 -0.3006 0.3333
vn -0.9396 -0.2740 0.2053
vn -0.9630 -0.2605 0.0693
vn -0.9630 -0.2605 -0.0693
vn -0.9396 -0.2740 -0.2053
vn -0.8936 -0.3006 -0.3333
vn -0.8269 -0.3391 -0.4486
vn -0.7420 -0.3881 -0.5466
vn -0.6422 -0.4457 -0.6236
vn -0.5313 -0.5097 -0.6767
vn -0.4136 -0.5777 -0.7037
vn 0.0849 -0.0490 -0.9952
vn -0.5000 -0.8660 -0.0000
vn -0.0849 0.0490 -0.9952
vn 0.2514 -0.1451 -0.9569
vn 0.4082 -0.2357 -0.8819
vn 0.5494 -0.3172 -0.7730
vn 0.6694 -0.3865 -0.6344
vn 0.7638 -0.4410 -0.4714
vn 0.8287 -0.4785 -0.2903
vn 0.8619 -0.4976 -0.0980
vn 0.8619 -0.4976 0.0980
vn 0.8287 -0.4785 0.2903
vn 0.7638 -0.4410 0.4714
vn 0.6694 -0.3865 0.6344
vn 0.5494 -0.3172 0.7730
vn 0.4082 -0.2357 0.8819
vn 0.2514 -0.1451 0.9569
vn 0.0849 -0.0490 0.9952
vn -0.0849 0.0490 0.9952
vn -0.2514 0.1451 0.9569
vn -0.4082 0.2357 0.8819
vn -0.5494 0.3172 0.7730
vn -0.6694 0.3865 0.6344
vn -0.7638 0.4410 0.4714
vn -0.8287 0.4785 0.2903
vn -0.8619 0.4976 0.0980
vn -0.8619 0.4976 -0.0980
vn -0.8287 0.4785 -0.2903
vn -0.7638 0.4410 -0.4714
vn -0.6694 0.3865 -0.6344
vn -0.5494 0.3172 -0.7730
vn -0.4082 0.2357 -0.8819
vn -0.2514 0.1451 -0.9569
vt 0.296822 0.485388
vt 0.250000 0.490000
vt 0.250000 0.371865
vt 0.273775 0.369524
vt 0.341844 0.471731
vt 0.296636 0.362589
vt 0.383337 0.449553
vt 0.317705 0.351328
vt 0.419706 0.419706
vt 0.336172 0.336172
vt 0.449553 0.383337
vt 0.351328 0.317705
vt 0.471731 0.341844
vt 0.362589 0.296636
vt 0.485388 0.296822
vt 0.369524 0.273775
vt 0.490000 0.250000
vt 0.371866 0.250000
vt 0.485388 0.203178
vt 0.369524 0.226225
vt 0.471731 0.158156
vt 0.362589 0.203364
vt 0.449553 0.116663
vt 0.351328 0.182295
vt 0.419706 0.080294
vt 0.336172 0.163828
vt 0.383337 0.050447
vt 0.317705 0.148672
vt 0.341844 0.028269
vt 0.296636 0.137411
vt 0.296822 0.014612
vt 0.273775 0.130476
vt 0.250000 0.010000
vt 0.250000 0.128134
vt 0.203178 0.014612
vt 0.226225 0.130476
vt 0.158156 0.028269
vt 0.203364 0.137411
vt 0.116663 0.050447
vt 0.182295 0.148672
vt 0.080294 0.080294
vt 0.163828 0.163828
vt 0.050447 0.116663
vt 0.148672 0.182295
vt 0.028269 0.158156
vt 0.137411 0.203364
vt 0.014612 0.203178
vt 0.130476 0.226225
vt 0.010000 0.250000
vt 0.128134 0.250000
vt 0.014612 0.296822
vt 0.130476 0.273775
vt 0.028269 0.341844
vt 0.137411 0.296636
vt 0.050447 0.383337
vt 0.148672 0.317705
vt 0.080294 0.419706
vt 0.163828 0.336172
vt 0.116663 0.449553
vt 0.182295 0.351328
vt 0.158156 0.471731
vt 0.203364 0.362589
vt 0.203178 0.485388
vt 0.226225 0.369524
vt 0.750000 0.490000
vt 0.796822 0.485388
vt 0.778267 0.392107
vt 0.750000 0.394891
vt 0.841844 0.471731
vt 0.805447 0.383862
vt 0.883337 0.449553
vt 0.830497 0.370473
vt 0.919706 0.419706
vt 0.852454 0.352454
vt 0.949553 0.383337
vt 0.870473 0.330497
vt 0.971731 0.341844
vt 0.883862 0.305447
vt 0.985388 0.296822
vt 0.892107 0.278267
vt 0.990000 0.250000
vt 0.894891 0.250000
vt 0.985388 0.203178
vt 0.892107 0.221733
vt 0.971731 0.158156
vt 0.883862 0.194553
vt 0.949553 0.116663
vt 0.870473 0.169503
vt 0.919706 0.080294
vt 0.852454 0.147546
vt 0.883337 0.050447
vt 0.830497 0.129527
vt 0.841844 0.028269
vt 0.805448 0.116138
vt 0.796822 0.014612
vt 0.778267 0.107893
vt 0.750000 0.010000
vt 0.750000 0.105109
vt 0.703178 0.014612
vt 0.721733 0.107893
vt 0.658156 0.028269
vt 0.694553 0.116138
vt 0.616663 0.050447
vt 0.669503 0.129527
vt 0.580294 0.080294
vt 0.647547 0.147546
vt 0.550447 0.116663
vt 0.629528 0.169503
vt 0.528269 0.158156
vt 0.616138 0.194553
vt 0.514612 0.203178
vt 0.607893 0.221733
vt 0.510000 0.250000
vt 0.605109 0.250000
vt 0.514612 0.296822
vt 0.607893 0.278267
vt 0.528269 0.341844
vt 0.616138 0.305448
vt 0.550447 0.383337
vt 0.629527 0.330497
vt 0.580294 0.419706
vt 0.647546 0.352454
vt 0.616663 0.449553
vt 0.669503 0.370473
vt 0.658156 0.471731
vt 0.694553 0.383862
vt 0.703178 0.485388
vt 0.721733 0.392107
vt 1.000000 0.598595
vt 1.000000 0.877536
vt 0.968750 0.877536
vt 0.968750 0.598595
vt 0.031250 0.598595
vt 0.031250 0.877536
vt 0.000000 0.877536
vt 0.000000 0.598595
vt 0.937500 0.877536
vt 0.937500 0.598595
vt 0.906250 0.877536
vt 0.906250 0.598595
vt 0.875000 0.877536
vt 0.875000 0.598595
vt 0.843750 0.877536
vt 0.843750 0.598595
vt 0.812500 0.877536
vt 0.812500 0.598595
vt 0.781250 0.877536
vt 0.781250 0.598595
vt 0.750000 0.877536
vt 0.750000 0.598595
vt 0.718750 0.877536
vt 0.718750 0.598595
vt 0.687500 0.877536
vt 0.687500 0.598595
vt 0.656250 0.877536
vt 0.656250 0.598595
vt 0.625000 0.877536
vt 0.625000 0.598595
vt 0.593750 0.877536
vt 0.593750 0.598595
vt 0.562500 0.877536
vt 0.562500 0.598595
vt 0.531250 0.877536
vt 0.531250 0.598595
vt 0.500000 0.877536
vt 0.500000 0.598595
vt 0.468750 0.877536
vt 0.468750 0.598595
vt 0.437500 0.877536
vt 0.437500 0.598595
vt 0.406250 0.877536
vt 0.406250 0.598595
vt 0.375000 0.877536
vt 0.375000 0.598595
vt 0.343750 0.877536
vt 0.343750 0.598595
vt 0.312500 0.877536
vt 0.312500 0.598595
vt 0.281250 0.877536
vt 0.281250 0.598595
vt 0.250000 0.877536
vt 0.250000 0.598595
vt 0.218750 0.877536
vt 0.218750 0.598595
vt 0.187500 0.877536
vt 0.187500 0.598595
vt 0.156250 0.877536
vt 0.156250 0.598595
vt 0.125000 0.877536
vt 0.125000 0.598595
vt 0.093750 0.877536
vt 0.093750 0.598595
vt 0.062500 0.877536
vt 0.062500 0.598595
s 0
f 3756/4274/2186 3754/4275/2186 3753/4276/2186 3755/4277/2186
f 3758/4278/2187 3756/4274/2187 3755/4277/2187 3757/4279/2187
f 3760/4280/2188 3758/4278/2188 3757/4279/2188 3759/4281/2188
f 3762/4282/2189 3760/4280/2189 3759/4281/2189 3761/4283/2189
f 3764/4284/2190 3762/4282/2190 3761/4283/2190 3763/4285/2190
f 3766/4286/2191 3764/4284/2191 3763/4285/2191 3765/4287/2191
f 3768/4288/2192 3766/4286/2192 3765/4287/2192 3767/4289/2192
f 3770/4290/2193 3768/4288/2193 3767/4289/2193 3769/4291/2193
f 3772/4292/2194 3770/4290/2194 3769/4291/2194 3771/4293/2194
f 3774/4294/2195 3772/4292/2195 3771/4293/2195 3773/4295/2195
f 3776/4296/2196 3774/4294/2196 3773/4295/2196 3775/4297/2196
f 3778/4298/2197 3776/4296/2197 3775/4297/2197 3777/4299/2197
f 3780/4300/2198 3778/4298/2198 3777/4299/2198 3779/4301/2198
f 3782/4302/2199 3780/4300/2199 3779/4301/2199 3781/4303/2199
f 3784/4304/2200 3782/4302/2200 3781/4303/2200 3783/4305/2200
f 3786/4306/2201 3784/4304/2201 3783/4305/2201 3785/4307/2201
f 3788/4308/2202 3786/4306/2202 3785/4307/2202 3787/4309/2202
f 3790/4310/2203 3788/4308/2203 3787/4309/2203 3789/4311/2203
f 3792/4312/2204 3790/4310/2204 3789/4311/2204 3791/4313/2204
f 3794/4314/2205 3792/4312/2205 3791/4313/2205 3793/4315/2205
f 3796/4316/2206 3794/4314/2206 3793/4315/2206 3795/4317/2206
f 3798/4318/2207 3796/4316/2207 3795/4317/2207 3797/4319/2207
f 3800/4320/2208 3798/4318/2208 3797/4319/2208 3799/4321/2208
f 3802/4322/2209 3800/4320/2209 3799/4321/2209 3801/4323/2209
f 3804/4324/2210 3802/4322/2210 3801/4323/2210 3803/4325/2210
f 3806/4326/2211 3804/4324/2211 3803/4325/2211 3805/4327/2211
f 3808/4328/2212 3806/4326/2212 3805/4327/2212 3807/4329/2212
f 3810/4330/2213 3808/4328/2213 3807/4329/2213 3809/4331/2213
f 3812/4332/2214 3810/4330/2214 3809/4331/2214 3811/4333/2214
f 3814/4334/2215 3812/4332/2215 3811/4333/2215 3813/4335/2215
f 3816/4336/2216 3814/4334/2216 3813/4335/2216 3815/4337/2216
f 3754/4275/2217 3816/4336/2217 3815/4337/2217 3753/4276/2217
f 3818/4338/2218 3819/4339/2218 3820/4340/2218 3817/4341/2218
f 3819/4339/2219 3821/4342/2219 3822/4343/2219 3820/4340/2219
f 3821/4342/2220 3823/4344/2220 3824/4345/2220 3822/4343/2220
f 3823/4344/2221 3825/4346/2221 3826/4347/2221 3824/4345/2221
f 3825/4346/2222 3827/4348/2222 3828/4349/2222 3826/4347/2222
f 3827/4348/2223 3829/4350/2223 3830/4351/2223 3828/4349/2223
f 3829/4350/2224 3831/4352/2224 3832/4353/2224 3830/4351/2224
f 3831/4352/2225 3833/4354/2225 3834/4355/2225 3832/4353/2225
f 3833/4354/2226 3835/4356/2226 3836/4357/2226 3834/4355/2226
f 3835/4356/2227 3837/4358/2227 3838/4359/2227 3836/4357/2227
f 3837/4358/2228 3839/4360/2228 3840/4361/2228 3838/4359/2228
f 3839/4360/2229 3841/4362/2229 3842/4363/2229 3840/4361/2229
f 3841/4362/2230 3843/4364/2230 3844/4365/2230 3842/4363/2230
f 3843/4364/2231 3845/4366/2231 3846/4367/2231 3844/4365/2231
f 3845/4366/2232 3847/4368/2232 3848/4369/2232 3846/4367/2232
f 3847/4368/2233 3849/4370/2233 3850/4371/2233 3848/4369/2233
f 3849/4370/2234 3851/4372/2234 3852/4373/2234 3850/4371/2234
f 3851/4372/2235 3853/4374/2235 3854/4375/2235 3852/4373/2235
f 3853/4374/2236 3855/4376/2236 3856/4377/2236 3854/4375/2236
f 3855/4376/2237 3857/4378/2237 3858/4379/2237 3856/4377/2237
f 3857/4378/2238 3859/4380/2238 3860/4381/2238 3858/4379/2238
f 3859/4380/2239 3861/4382/2239 3862/4383/2239 3860/4381/2239
f 3861/4382/2240 3863/4384/2240 3864/4385/2240 3862/4383/2240
f 3863/4384/2241 3865/4386/2241 3866/4387/2241 3864/4385/2241
f 3865/4386/2242 3867/4388/2242 3868/4389/2242 3866/4387/2242
f 3867/4388/2243 3869/4390/2243 3870/4391/2243 3868/4389/2243
f 3869/4390/2244 3871/4392/2244 3872/4393/2244 3870/4391/2244
f 3871/4392/2245 3873/4394/2245 3874/4395/2245 3872/4393/2245
f 3873/4394/2246 3875/4396/2246 3876/4397/2246 3874/4395/2246
f 3875/4396/2247 3877/4398/2247 3878/4399/2247 3876/4397/2247
f 3877/4398/2248 3879/4400/2248 3880/4401/2248 3878/4399/2248
f 3879/4400/2249 3818/4338/2249 3817/4341/2249 3880/4401/2249
f 3818/4402/2250 3754/4403/2250 3756/4404/2250 3819/4405/2250
f 3817/4341/2251 3820/4340/2251 3822/4343/2251 3824/4345/2251 3826/4347/2251 3828/4349/2251 3830/4351/2251 3832/4353/2251 3834/4355/2251 3836/4357/2251 3838/4359/2251 3840/4361/2251 3842/4363/2251 3844/4365/2251 3846/4367/2251 3848/4369/2251 3850/4371/2251 3852/4373/2251 3854/4375/2251 3856/4377/2251 3858/4379/2251 3860/4381/2251 3862/4383/2251 3864/4385/2251 3866/4387/2251 3868/4389/2251 3870/4391/2251 3872/4393/2251 3874/4395/2251 3876/4397/2251 3878/4399/2251 3880/4401/2251
f 3879/4406/2252 3816/4407/2252 3754/4408/2252 3818/4409/2252
f 3819/4405/2253 3756/4404/2253 3758/4410/2253 3821/4411/2253
f 3821/4411/2254 3758/4410/2254 3760/4412/2254 3823/4413/2254
f 3823/4413/2255 3760/4412/2255 3762/4414/2255 3825/4415/2255
f 3825/4415/2256 3762/4414/2256 3764/4416/2256 3827/4417/2256
f 3827/4417/2257 3764/4416/2257 3766/4418/2257 3829/4419/2257
f 3829/4419/2258 3766/4418/2258 3768/4420/2258 3831/4421/2258
f 3831/4421/2259 3768/4420/2259 3770/4422/2259 3833/4423/2259
f 3833/4423/2260 3770/4422/2260 3772/4424/2260 3835/4425/2260
f 3835/4425/2261 3772/4424/2261 3774/4426/2261 3837/4427/2261
f 3837/4427/2262 3774/4426/2262 3776/4428/2262 3839/4429/2262
f 3839/4429/2263 3776/4428/2263 3778/4430/2263 3841/4431/2263
f 3841/4431/2264 3778/4430/2264 3780/4432/2264 3843/4433/2264
f 3843/4433/2265 3780/4432/2265 3782/4434/2265 3845/4435/2265
f 3845/4435/2266 3782/4434/2266 3784/4436/2266 3847/4437/2266
f 3847/4437/2267 3784/4436/2267 3786/4438/2267 3849/4439/2267
f 3849/4439/2268 3786/4438/2268 3788/4440/2268 3851/4441/2268
f 3851/4441/2269 3788/4440/2269 3790/4442/2269 3853/4443/2269
f 3853/4443/2270 3790/4442/2270 3792/4444/2270 3855/4445/2270
f 3855/4445/2271 3792/4444/2271 3794/4446/2271 3857/4447/2271
f 3857/4447/2272 3794/4446/2272 3796/4448/2272 3859/4449/2272
f 3859/4449/2273 3796/4448/2273 3798/4450/2273 3861/4451/2273
f 3861/4451/2274 3798/4450/2274 3800/4452/2274 3863/4453/2274
f 3863/4453/2275 3800/4452/2275 3802/4454/2275 3865/4455/2275
f 3865/4455/2276 3802/4454/2276 3804/4456/2276 3867/4457/2276
f 3867/4457/2277 3804/4456/2277 3806/4458/2277 3869/4459/2277
f 3869/4459/2278 3806/4458/2278 3808/4460/2278 3871/4461/2278
f 3871/4461/2279 3808/4460/2279 3810/4462/2279 3873/4463/2279
f 3873/4463/2280 3810/4462/2280 3812/4464/2280 3875/4465/2280
f 3875/4465/2281 3812/4464/2281 3814/4466/2281 3877/4467/2281
f 3877/4467/2282 3814/4466/2282 3816/4407/2282 3879/4406/2282
o Küp.015
v -0.661662 14.461208 -0.802893
v -0.661662 15.095814 -0.802893
v -0.661662 14.461208 -1.954334
v -0.661662 15.095814 -1.954334
v -0.286992 14.461208 -0.802893
v -0.286992 15.095814 -0.802893
v -0.286992 14.461208 -1.954334
v -0.286992 15.095814 -1.954334
vn -1.0000 -0.0000 -0.0000
vn -0.0000 -0.0000 -1.0000
vn 1.0000 -0.0000 -0.0000
vn -0.0000 -0.0000 1.0000
vn -0.0000 -1.0000 -0.0000
vn -0.0000 1.0000 -0.0000
vt 0.375000 0.000000
vt 0.625000 0.000000
vt 0.625000 0.250000
vt 0.375000 0.250000
vt 0.625000 0.500000
vt 0.375000 0.500000
vt 0.625000 0.750000
vt 0.375000 0.750000
vt 0.625000 1.000000
vt 0.375000 1.000000
vt 0.125000 0.500000
vt 0.125000 0.750000
vt 0.875000 0.500000
vt 0.875000 0.750000
s 0
f 3881/4468/2283 3882/4469/2283 3884/4470/2283 3883/4471/2283
f 3883/4471/2284 3884/4470/2284 3888/4472/2284 3887/4473/2284
f 3887/4473/2285 3888/4472/2285 3886/4474/2285 3885/4475/2285
f 3885/4475/2286 3886/4474/2286 3882/4476/2286 3881/4477/2286
f 3883/4478/2287 3887/4473/2287 3885/4475/2287 3881/4479/2287
f 3888/4472/2288 3884/4480/2288 3882/4481/2288 3886/4474/2288
o Küp.016
v -0.661662 14.461208 -11.203622
v -0.661662 15.095814 -11.203622
v -0.661662 14.461208 -12.355062
v -0.661662 15.095814 -12.355062
v -0.286992 14.461208 -11.203622
v -0.286992 15.095814 -11.203622
v -0.286992 14.461208 -12.355062
v -0.286992 15.095814 -12.355062
vn -1.0000 -0.0000 -0.0000
vn -0.0000 -0.0000 -1.0000
vn 1.0000 -0.0000 -0.0000
vn -0.0000 -0.0000 1.0000
vn -0.0000 -1.0000 -0.0000
vn -0.0000 1.0000 -0.0000
vt 0.375000 0.000000
vt 0.625000 0.000000
vt 0.625000 0.250000
vt 0.375000 0.250000
vt 0.625000 0.500000
vt 0.375000 0.500000
vt 0.625000 0.750000
vt 0.375000 0.750000
vt 0.625000 1.000000
vt 0.375000 1.000000
vt 0.125000 0.500000
vt 0.125000 0.750000
vt 0.875000 0.500000
vt 0.875000 0.750000
s 0
f 3889/4482/2289 3890/4483/2289 3892/4484/2289 3891/4485/2289
f 3891/4485/2290 3892/4484/2290 3896/4486/2290 3895/4487/2290
f 3895/4487/2291 3896/4486/2291 3894/4488/2291 3893/4489/2291
f 3893/4489/2292 3894/4488/2292 3890/4490/2292 3889/4491/2292
f 3891/4492/2293 3895/4487/2293 3893/4489/2293 3889/4493/2293
f 3896/4486/2294 3892/4494/2294 3890/4495/2294 3894/4488/2294
